esperanc,populaca,ginitrab,renda_me,escoa2_p,urbano_p,med1000,norte,centrooe,sul,nordeste,pop15a_f
62.0130004882813,31980,0.587599992752075,203.362228393555,3.2791314125061,29.3277053833008,0.218886807560921,1,0,0,0,9.59574317932129
61.8499984741211,83684,0.529760003089905,297.504211425781,6.87154197692871,53.7887954711914,0.418240040540695,1,0,0,0,15.2520904541016
63.1619987487793,8174,0.526690006256104,128.076095581055,9.61282730102539,23.4401760101318,0.856373846530914,1,0,0,0,9.37982082366943
65.0339965820313,78934,0.632979989051819,339.326599121094,39.4486351013184,55.786434173584,0.380064368247986,1,0,0,0,15.4443607330322
63.2709999084473,21608,0.579869985580444,260.237152099609,26.4586906433106,68.2015914916992,0.462791562080383,1,0,0,0,14.0395841598511
66.015998840332,38993,0.571460008621216,199.449295043945,9.49151420593262,39.2249908447266,0.307747542858124,1,0,0,0,9.79781246185303
62.7620010375977,10376,0.568719983100891,248.448867797852,15.5002965927124,65.0250549316406,0.771010041236877,1,0,0,0,17.6742115020752
64.1839981079102,23156,0.576349973678589,295.859222412109,32.7099609375,48.3071327209473,0.302297472953796,1,0,0,0,15.0731592178345
64.7050018310547,32583,0.549769997596741,436.987030029297,43.3039474487305,84.1123657226563,0.644507884979248,1,0,0,0,29.1206321716309
65.2229995727539,63535,0.515600025653839,227.027877807617,7.2516074180603,43.5586700439453,0.204611629247665,1,0,0,0,9.50981330871582
64.5100021362305,97799,0.537400007247925,353.284088134766,34.8308258056641,77.1112213134766,0.388552039861679,1,0,0,0,21.516206741333
60.4300003051758,16765,0.545289993286133,208.653015136719,0.877080738544464,29.1738739013672,0.298240393400192,1,0,0,0,9.35974025726318
61.4010009765625,15798,0.423409998416901,136.670959472656,0.252627015113831,31.8458042144775,0.379794925451279,1,0,0,0,6.92446660995483
62.7620010375977,83857,0.557079970836639,226.842071533203,20.7677440643311,27.887845993042,0.226576194167137,1,0,0,0,9.38381481170654
61.9459991455078,48759,0.525550007820129,292.432312011719,32.7333869934082,52.308292388916,0.369162619113922,1,0,0,0,14.1426858901978
62.9900016784668,287534,0.547389984130859,525.138549804688,53.2650604248047,80.0485305786133,1.02248775959015,1,0,0,0,34.3450355529785
65.2229995727539,30064,0.479099988937378,210.892333984375,18.8988094329834,35.9333419799805,0.532197952270508,1,0,0,0,10.1356964111328
64.8730010986328,59751,0.561240017414093,228.730178833008,4.41571426391602,47.3163642883301,0.334722429513931,1,0,0,0,11.7397012710571
59.3230018615723,12328,0.4444600045681,123.701812744141,1.82567083835602,34.7744979858398,0.405580788850784,1,0,0,0,7.88936901092529
64.890998840332,39263,0.553219974040985,505.536071777344,6.10675001144409,87.902099609375,0.585793256759644,1,0,0,0,27.143310546875
58.5610008239746,19458,0.582679986953735,133.732177734375,2.13196873664856,11.3135671615601,0.462534695863724,1,0,0,0,5.23187875747681
57.8219985961914,7248,0.457870006561279,225.424301147461,12.345404624939,51.3796920776367,0.137969091534615,1,0,0,0,11.5483531951904
60.8940010070801,21045,0.521369993686676,151.640747070313,12.1091003417969,37.7021102905273,0.237586125731468,1,0,0,0,9.94240856170654
60.1879997253418,2917,0.369419991970062,232.27131652832,5.23786878585815,55.0984954833984,0.685635924339294,1,0,0,0,14.814001083374
57.9189987182617,20263,0.532190024852753,226.108688354492,7.87401819229126,57.0349884033203,0.888318598270416,1,0,0,0,14.32253074646
63.8250007629395,66603,0.532769978046417,188.970932006836,11.556414604187,41.3329086303711,0.270258098840714,1,0,0,0,14.0713634490967
60.0369987487793,17769,0.500329971313477,171.127227783203,9.40441608428955,40.2442474365234,0.281388938426971,1,0,0,0,7.8707127571106
63.4900016784668,10217,0.401369988918304,123.212844848633,0,35.0936851501465,0.195752173662186,1,0,0,0,8.34316062927246
62.3320007324219,5327,0.517270028591156,135.547668457031,0,49.8487739562988,0.18772292137146,1,0,0,0,4.30527210235596
63.943000793457,15535,0.501039981842041,194.594284057617,1.31149542331696,27.8854198455811,0.321853876113892,1,0,0,0,8.51651763916016
65.620002746582,197376,0.571060001850128,462.888885498047,36.7280883789063,85.4607467651367,0.653574883937836,1,0,0,0,30.142765045166
63.5629997253418,17489,0.469509989023209,246.103652954102,11.0978116989136,36.039794921875,0.114357598125935,1,0,0,0,10.5389785766602
63.7249984741211,24197,0.556819975376129,176.001159667969,7.00313138961792,45.8541488647461,0.413274377584457,1,0,0,0,11.5893592834473
61.6769981384277,27659,0.471599996089935,142.841720581055,7.24939203262329,34.5854873657227,0.361545979976654,1,0,0,0,6.24738216400147
60.1879997253418,12366,0.427910000085831,199.028778076172,18.1880302429199,41.0156898498535,0.646935164928436,1,0,0,0,11.0298776626587
64.5770034790039,8487,0.475670009851456,183.845199584961,2.81154489517212,39.5428314208984,0.235654532909393,1,0,0,0,6.69252681732178
60.9129981994629,4738,0.483929991722107,123.264045715332,2.01180076599121,38.1335372924805,,1,0,0,0,7.41577434539795
60.4010009765625,6024,0.514219999313355,210.119735717773,4.1294732093811,22.0949535369873,0.332005321979523,1,0,0,0,4.32490587234497
60.7109985351563,8990,0.384710013866425,188.501358032227,2.49375629425049,66.7786560058594,0.22246940433979,1,0,0,0,12.5271329879761
62.306999206543,5732,0.516629993915558,259.260589599609,5.10183572769165,40.4570846557617,0.174459174275398,1,0,0,0,6.98880910873413
63.4119987487793,7993,0.460649996995926,108.894401550293,7.47244119644165,27.0361557006836,0.750656843185425,1,0,0,0,5.07618951797485
63.4119987487793,17107,0.619520008563995,201.347290039063,3.61338257789612,37.1953010559082,0.175366804003716,1,0,0,0,10.1712970733643
61.8689994812012,11035,0.355699986219406,227.404754638672,3.10141181945801,36.4114189147949,0.0906207486987114,1,0,0,0,7.96117925643921
62.1679992675781,16316,0.45958998799324,137.26872253418,2.43768811225891,35.1494140625,0.0612895302474499,1,0,0,0,8.89318370819092
63.4119987487793,18312,0.678870022296906,264.825286865234,10.2721300125122,63.0133247375488,0.273045003414154,1,0,0,0,9.18025875091553
60.4010009765625,7436,0.409469991922379,129.527847290039,1.88115119934082,38.3539543151856,,1,0,0,0,3.8438184261322
60.9469985961914,7504,0.42833998799324,143.19660949707,0,34.1551170349121,,1,0,0,0,6.15040874481201
63.0670013427734,25005,0.545069992542267,180.735488891602,2.08970141410828,45.1749649047852,0.199960008263588,1,0,0,0,7.18454742431641
59.5629997253418,17217,0.575479984283447,185.140075683594,9.47012901306152,45.9603881835938,0.0580821298062801,1,0,0,0,8.70108795166016
63.7910003662109,6833,0.454869985580444,180.332717895508,0,24.9817066192627,,1,0,0,0,4.53950262069702
59.5629997253418,12152,0.453940004110336,144.839950561523,2.66200923919678,34.4799194335938,0.0822909772396088,1,0,0,0,2.95432019233704
60.0019989013672,19298,0.549239993095398,160.773773193359,4.15781593322754,59.5813026428223,0.207275360822678,1,0,0,0,6.28442764282227
65.1539993286133,31816,0.521120011806488,246.625473022461,8.44248962402344,13.6032180786133,0.0314307250082493,1,0,0,0,5.44329261779785
63.4119987487793,18161,0.377909988164902,191.999588012695,0.637773990631104,3.42381024360657,0.110126093029976,1,0,0,0,4.21304607391357
60.4010009765625,38678,0.489120006561279,163.692672729492,11.0142984390259,54.5038528442383,0.206835925579071,1,0,0,0,10.7442197799683
58.7869987487793,13462,0.619050025939941,209.462142944336,9.71023464202881,62.4111557006836,0.148566335439682,1,0,0,0,9.52040481567383
60.9129981994629,20372,0.485549986362457,117.281555175781,9.46520042419434,65.9827194213867,0.147260949015617,1,0,0,0,10.2630043029785
60.9469985961914,16339,0.343540012836456,102.132759094238,4.64812517166138,28.5071086883545,0.0612032562494278,1,0,0,0,5.6091799736023
59.5629997253418,16445,0.393860012292862,149.826477050781,0.572569847106934,34.1582069396973,0.243235021829605,1,0,0,0,4.57652807235718
57.3419990539551,11495,0.431199997663498,145.619918823242,0,24.6628971099854,,1,0,0,0,2.68091464042664
65.1539993286133,38792,0.50449001789093,190.047653198242,6.06569194793701,48.2058143615723,0.128892555832863,1,0,0,0,7.50171041488648
57.3419990539551,9653,0.508719980716705,78.9967651367188,0,37.1168060302734,0.103594735264778,1,0,0,0,4.94799995422363
63.4119987487793,18876,0.46408998966217,230.273803710938,4.3951735496521,33.8119926452637,0.211909309029579,1,0,0,0,8.48410224914551
65.0429992675781,58757,0.519469976425171,240.479522705078,13.6509532928467,63.6179504394531,0.306346476078033,1,0,0,0,17.9096240997314
61.6380004882813,9085,0.377660006284714,185.082229614258,0.230013638734818,16.9290046691895,,1,0,0,0,0.671555519104004
63.7270011901856,5137,0.418940007686615,195.65641784668,0,67.5102233886719,0.194666147232056,1,0,0,0,18.1904067993164
64.8040008544922,10777,0.321770012378693,178.094635009766,0.807914614677429,13.1483716964722,0.0927902013063431,1,0,0,0,2.27654671669006
57.3419990539551,5045,0.449499994516373,124.200263977051,0,31.9123134613037,,1,0,0,0,4.21765804290772
59.5629997253418,14890,0.462009996175766,132.17561340332,0,61.0275344848633,0.0671591684222221,1,0,0,0,2.54772329330444
60.9129981994629,33052,0.565680027008057,167.644348144531,2.14715719223022,46.7263717651367,0.0907660648226738,1,0,0,0,5.15217924118042
59.8860015869141,57173,0.451750010251999,213.128189086914,16.5957431793213,63.0000190734863,0.349815458059311,1,0,0,0,12.8341102600098
63.4119987487793,10718,0.570720016956329,197.844619750977,0.082277238368988,22.449520111084,,1,0,0,0,3.95786833763123
65.870002746582,1011501,0.524900019168854,584.756774902344,48.2969551086426,99.5139923095703,0.931289255619049,1,0,0,0,39.8549766540527
62.2929992675781,37857,0.518490016460419,173.480209350586,3.53462743759155,37.9665565490723,0.0792455822229385,1,0,0,0,7.0336184501648
60.9469985961914,11838,0.378479987382889,145.184280395508,4.00214624404907,18.5757732391357,0.084473729133606,1,0,0,0,3.87316489219666
64.5770034790039,30499,0.625490009784699,280.822631835938,15.9284753799438,54.9389839172363,0.098363883793354,1,0,0,0,13.4203319549561
60.9469985961914,13250,0.577669978141785,154.231353759766,5.83877086639404,36.5811309814453,0.0754716992378235,1,0,0,0,12.2223806381226
60.9129981994629,12949,0.497139990329742,194.756607055664,8.72797584533691,48.6369590759277,0.0772260427474976,1,0,0,0,6.34020948410034
61.8689994812012,14024,0.40514001250267,163.367858886719,0.554277539253235,42.6411857604981,0.0713063329458237,1,0,0,0,6.14444780349731
62.2929992675781,11634,0.472860008478165,215.723022460937,0.702669680118561,46.6907348632813,0.171909913420677,1,0,0,0,4.89233636856079
63.1889991760254,58783,0.572319984436035,225.533264160156,10.2687282562256,70.7534484863281,0.153105482459068,1,0,0,0,20.288106918335
60.9469985961914,17037,0.533760011196137,201.065582275391,0.602434396743774,15.988730430603,0.234783113002777,1,0,0,0,2.28205919265747
63.7280006408691,7089,0.527029991149902,446.5732421875,10.7035417556763,45.5917625427246,0.705318093299866,1,0,0,0,25.6885147094727
63.7280006408691,6519,0.477560013532639,236.152069091797,9.07206344604492,35.9410934448242,0.460193276405335,1,0,0,0,10.6351270675659
57.3419990539551,15421,0.44200000166893,112.971015930176,1.6944352388382,13.6437330245972,0.0648466348648071,1,0,0,0,4.07505798339844
59.5629997253418,17214,0.553129971027374,144.974792480469,0,26.003210067749,0.0580922514200211,1,0,0,0,5.55075883865356
61.7190017700195,23140,0.640160024166107,274.468139648438,3.61765813827515,29.53759765625,0.51858252286911,1,0,0,0,13.3239440917969
59.5629997253418,13623,0.476330012083054,81.720817565918,0.149847462773323,37.4733924865723,0.0734052732586861,1,0,0,0,5.524169921875
61.8540000915527,4539,0.612919986248016,314.725738525391,1.84338772296906,75.1266784667969,0.220312848687172,1,0,0,0,13.4289226531982
65.0429992675781,5703,0.524730026721954,287.873168945313,5.74279928207398,40.4302139282227,0.175346314907074,1,0,0,0,10.7752990722656
65.1539993286133,27923,0.504279971122742,211.097946166992,10.8896799087524,70.9880752563477,0.859506487846375,1,0,0,0,13.541690826416
57.3419990539551,25386,0.363150000572205,93.5778579711914,2.92347383499146,29.6068706512451,0.0393917895853519,1,0,0,0,2.40186309814453
64.5770034790039,53970,0.46042001247406,212.061553955078,12.3648357391357,72.3679809570313,0.24087455868721,1,0,0,0,13.9116764068604
60.9129981994629,10034,0.369800001382828,115.83024597168,0,24.8255920410156,,1,0,0,0,5.31989097595215
64.5770034790039,5407,0.445670008659363,268.733673095703,1.06238460540771,24.1353797912598,,1,0,0,0,4.44813919067383
60.9469985961914,11328,0.560590028762817,237.248764038086,9.57409477233887,54.2284622192383,0.176553666591644,1,0,0,0,15.6790742874146
60.9129981994629,17673,0.427630007266998,92.1837310791016,0.479531407356262,33.786003112793,0.113166980445385,1,0,0,0,5.40885829925537
59.4440002441406,11211,0.484470009803772,219.659606933594,4.01737356185913,29.9348850250244,0.356792449951172,1,0,0,0,10.7504806518555
63.689998626709,144249,0.487269997596741,736.667602539063,33.9603500366211,83.2983245849609,1.22704493999481,1,0,0,0,32.669002532959
60.4440002441406,9478,0.462669998407364,229.973236083984,6.16273975372315,12.4108791351318,0.211014986038208,1,0,0,0,8.36737060546875
64.2720031738281,8900,0.495590001344681,379.734252929688,6.53594827651978,59.1056289672852,0.561797738075256,1,0,0,0,17.0769557952881
64.2720031738281,13308,0.504000008106232,770.963500976563,8.71970367431641,40.3706550598145,0.300571084022522,1,0,0,0,11.0907964706421
56.556999206543,11188,0.31292000412941,212.588424682617,4.29800367355347,10.2431173324585,0.357525914907455,1,0,0,0,8.83774185180664
64.2720031738281,10143,0.35945001244545,303.290588378906,4.70283460617065,24.2775459289551,0.197180315852165,1,0,0,0,8.94750499725342
63.689998626709,9106,0.555800020694733,260.123901367188,7.36685752868652,25.4436531066895,0.768723905086517,1,0,0,0,8.52470207214356
65.1470031738281,99989,0.497860014438629,189.615158081055,19.4867515563965,56.3588829040527,0.120013199746609,1,0,0,0,15.2673454284668
62.8689994812012,37184,0.574000000953674,254.020782470703,1.66187286376953,15.3802709579468,,1,0,0,0,3.73839330673218
62.9809989929199,20008,0.431010007858276,155.072677612305,0.909671247005463,20.8881340026855,0.149940028786659,1,0,0,0,5.44545745849609
60.3240013122559,52856,0.454730004072189,154.860443115234,11.6581783294678,41.1583709716797,0.0378386564552784,1,0,0,0,9.85155963897705
66.5609970092774,33442,0.536040008068085,344.030792236328,41.6019477844238,48.8666954040527,0.897075533866882,1,0,0,0,20.6883144378662
62.2900009155273,72408,0.561039984226227,328.000701904297,29.2184734344482,69.2533950805664,0.220970064401627,1,0,0,0,17.3218631744385
63.6619987487793,14284,0.364670008420944,173.360626220703,1.21251714229584,14.2326908111572,,1,0,0,0,1.28247129917145
65.9970016479492,88151,0.536310017108917,347.663208007813,40.4490242004395,84.0047225952148,0.181506738066673,1,0,0,0,30.2862510681152
59.5149993896484,30323,0.363220006227493,107.87801361084,1.26510858535767,28.8294296264648,0.0989347994327545,1,0,0,0,4.77345085144043
65.3679962158203,10876,0.475279986858368,110.06356048584,1.82675123214722,25.7964115142822,0.0919455662369728,1,0,0,0,7.65142774581909
59.5320014953613,13844,0.454800009727478,125.736854553223,0.270492047071457,15.7802209854126,,1,0,0,0,1.8973400592804
63.2680015563965,20072,0.439740002155304,122.936973571777,3.24880790710449,39.2437210083008,0.0498206466436386,1,0,0,0,9.64458751678467
67.5559997558594,45946,0.542819976806641,317.949798583984,26.9502468109131,47.062557220459,0.195882126688957,1,0,0,0,23.9309806823731
67.620002746582,1244689,0.592689990997315,563.754455566406,61.3674697875977,68.2264556884766,1.35776889324188,1,0,0,0,42.4357299804688
59.5279998779297,68465,0.450569987297058,184.734680175781,29.8299598693848,12.2120790481567,0.598846137523651,1,0,0,0,19.0128231048584
59.1119995117188,15952,0.548229992389679,243.230834960938,0.287347316741943,30.1968402862549,0.125376135110855,1,0,0,0,10.18909740448
56.9389991760254,8532,0.458480000495911,141.438278198242,4.62273836135864,20.8977966308594,0.234411627054215,1,0,0,0,4.18442440032959
56.9389991760254,97149,0.469920009374619,155.857208251953,18.0758304595947,51.0640602111817,0.123521603643894,1,0,0,0,11.8829164505005
61.8040008544922,11939,0.407730013132095,112.397636413574,0.0769668743014336,26.6688995361328,0.083759106695652,1,0,0,0,6.88353586196899
62.3819999694824,72140,0.514970004558563,164.018127441406,6.45907545089722,39.8100929260254,0.0277238711714745,1,0,0,0,5.11022615432739
65.3850021362305,14117,0.491549998521805,173.2255859375,6.11627769470215,26.825813293457,0.0708365812897682,1,0,0,0,7.96040010452271
64.4100036621094,13246,0.463919997215271,157.122283935547,1.51860320568085,34.0857620239258,,1,0,0,0,7.42901182174683
65.1470031738281,85187,0.470899999141693,133.55078125,7.9099931716919,35.320930480957,0.105649925768375,1,0,0,0,10.7667007446289
65.6039962768555,51166,0.554830014705658,268.939849853516,31.1051540374756,77.8348922729492,0.214986518025398,1,0,0,0,19.5762577056885
59.6380004882813,45452,0.493319988250732,144.408432006836,14.5492601394653,32.0271949768066,0.0660036951303482,1,0,0,0,7.46548843383789
64.1039962768555,102071,0.573970019817352,301.36328125,34.3096961975098,90.9680480957031,0.313507258892059,1,0,0,0,23.4389381408691
64.4100036621094,17400,0.415060013532639,136.631912231445,0.532924830913544,4.55497407913208,,1,0,0,0,1.78499436378479
63.4959983825684,8338,0.490220010280609,144.743515014648,8.89080619812012,31.8421688079834,,1,0,0,0,12.3863286972046
63.3549995422363,54900,0.50848001241684,224.744598388672,28.0953483581543,54.373405456543,0.0728597417473793,1,0,0,0,13.7964839935303
62.8689994812012,15247,0.57616001367569,241.368453979492,0.0457350537180901,50.4623870849609,,1,0,0,0,5.17868041992188
60.8810005187988,38672,0.546060025691986,280.521118164063,6.30889225006104,38.9791069030762,0.0517170056700707,1,0,0,0,8.01154327392578
58.5989990234375,15204,0.535300016403198,188.201904296875,4.71795034408569,21.3627986907959,,1,0,0,0,5.05029630661011
61.6520004272461,25776,0.433070003986359,107.049468994141,5.097825050354,38.7787666320801,,1,0,0,0,12.2269649505615
59.1119995117188,24362,0.491200000047684,260.121307373047,0.674660444259644,48.4607162475586,0.164190128445625,1,0,0,0,9.83807373046875
56.4640007019043,13574,0.389239996671677,124.483985900879,1.15679407119751,65.4486541748047,0.147340506315231,1,0,0,0,8.63962936401367
58.3390007019043,20473,0.404610008001328,123.322105407715,0.937525808811188,19.2985877990723,,1,0,0,0,3.36355018615723
60.8810005187988,18969,0.433959990739822,133.952987670898,3.68219804763794,18.7727336883545,0.105435185134411,1,0,0,0,1.88226008415222
59.5149993896484,27307,0.506269991397858,191.576187133789,19.4398040771484,46.1786346435547,0.0732412934303284,1,0,0,0,12.6347188949585
65.1470031738281,41843,0.472200006246567,159.454437255859,9.52881240844727,47.3125724792481,0.119494296610355,1,0,0,0,7.96682786941528
66.7770004272461,6668,0.460559993982315,177.35627746582,6.38669538497925,24.161943435669,0.149970009922981,1,0,0,0,10.3878917694092
63.6839981079102,31110,0.433209985494614,145.14631652832,4.83960676193237,12.6698055267334,0.0964320152997971,1,0,0,0,6.16458415985107
63.0530014038086,116402,0.518939971923828,368.883483886719,12.8257036209106,53.7520141601563,0.0429545901715755,1,0,0,0,12.0204744338989
61.2169990539551,37011,0.482560008764267,146.108383178711,4.26579809188843,22.7797145843506,0.0270189940929413,1,0,0,0,4.48571252822876
64.8330001831055,43012,0.553359985351563,230.28337097168,1.11320459842682,51.3368377685547,0.0232493262737989,1,0,0,0,7.42494678497315
60.132999420166,23262,0.505810022354126,144.966232299805,2.27565097808838,34.2747840881348,0.0429885648190975,1,0,0,0,5.11482763290405
65.1470031738281,16475,0.473479986190796,145.884323120117,2.81442832946777,15.3080425262451,0.18209408223629,1,0,0,0,4.74360799789429
63.6839981079102,29100,0.572589993476868,212.512878417969,10.3261747360229,65.773193359375,0.0687285214662552,1,0,0,0,17.2511940002441
62.5089988708496,7331,0.435189992189407,118.648025512695,6.48807907104492,45.3280601501465,0.136407032608986,1,0,0,0,8.65472984313965
61.8040008544922,123668,0.563090026378632,293.102264404297,23.8526725769043,82.784049987793,0.153637155890465,1,0,0,0,22.3912239074707
63.6020011901856,25575,0.418839991092682,132.237365722656,8.74521541595459,37.7399787902832,0.0391006842255592,1,0,0,0,7.97920322418213
61.6520004272461,20087,0.486389994621277,154.816543579102,10.4019527435303,38.3929901123047,0.0995668843388557,1,0,0,0,10.7626600265503
63.1360015869141,29728,0.559279978275299,217.338104248047,4.58020162582398,10.6124782562256,0.100914962589741,1,0,0,0,8.22282314300537
55.3320007324219,14538,0.411440014839172,126.531066894531,0.196104481816292,12.9797773361206,0.0687852501869202,1,0,0,0,1.38035714626312
64.8369979858398,18496,0.457060009241104,154.22038269043,11.4000225067139,63.5596885681152,0.108131490647793,1,0,0,0,13.103102684021
61.3899993896484,44424,0.442220002412796,159.279708862305,2.70570850372314,21.8486309051514,0.0225103553384542,1,0,0,0,5.93537712097168
64.8330001831055,46951,0.480049997568131,167.386947631836,7.20803117752075,36.1802711486816,0.149091601371765,1,0,0,0,10.7605085372925
64.4100036621094,22367,0.437810003757477,142.487716674805,5.78401565551758,19.0906238555908,0.0894174426794052,1,0,0,0,6.31949281692505
59.5299987792969,9427,0.487509995698929,173.055236816406,7.58179712295532,46.4941139221191,0.106078289449215,1,0,0,0,14.2204666137695
62.4930000305176,42307,0.482369989156723,177.167617797852,8.60900688171387,47.6209602355957,0.0945470035076141,1,0,0,0,12.9493684768677
63.5750007629395,18792,0.469410002231598,175.663970947266,2.50139737129211,26.3835678100586,0.0532141327857971,1,0,0,0,6.34611320495606
60.132999420166,41154,0.563700020313263,259.202575683594,16.326488494873,51.4239196777344,0.170092821121216,1,0,0,0,17.057861328125
61.8040008544922,30995,0.466250002384186,136.261779785156,10.5003805160522,19.9550476074219,0.0645265355706215,1,0,0,0,6.94369411468506
62.3959999084473,28718,0.605130016803742,688.091064453125,9.42614841461182,40.961067199707,0.0696427300572395,1,0,0,0,6.52258539199829
60.8089981079102,30777,0.613820016384125,125.975769042969,2.12022066116333,14.28431224823,0.0649835914373398,1,0,0,0,6.49712562561035
59.1119995117188,67075,0.527970016002655,279.836547851563,23.0234985351563,59.7152442932129,0.0745434239506722,1,0,0,0,9.99777698516846
60.8810005187988,53335,0.539910018444061,367.813598632813,20.210018157959,51.4540176391602,0.374988287687302,1,0,0,0,21.2424907684326
58.7999992370606,5966,0.468659996986389,140.721771240234,18.3485317230225,49.0110626220703,0.167616486549377,1,0,0,0,14.0365257263184
64.3470001220703,16500,0.459080010652542,157.543411254883,5.53533172607422,35.551513671875,,1,0,0,0,9.05669116973877
63.1730003356934,29452,0.449950009584427,158.48371887207,9.45433902740479,40.2417488098145,0.0339535512030125,1,0,0,0,4.04639434814453
64.052001953125,15407,0.487569987773895,167.559829711914,2.33778858184814,32.8811569213867,,1,0,0,0,2.74816799163818
61.2599983215332,26782,0.416150003671646,135.001174926758,0.949924409389496,16.6306896209717,,1,0,0,0,3.74319744110107
60.507999420166,17132,0.542410016059876,108.432266235352,8.57624626159668,48.7041778564453,0.175110906362534,1,0,0,0,6.43117952346802
66.5690002441406,55968,0.540160000324249,304.096405029297,23.8429470062256,80.3030319213867,0.0893367603421211,1,0,0,0,12.8534688949585
62.9309997558594,26536,0.56674998998642,260.745056152344,15.5078620910645,54.6691284179688,0.03768465295434,1,0,0,0,7.41413307189941
63.2299995422363,40879,0.503419995307922,304.853546142578,24.4488430023193,64.4972763061524,0.0489248745143414,1,0,0,0,11.2209033966064
57.8440017700195,19468,0.495099991559982,117.014976501465,0,20.0328750610352,0.154099032282829,1,0,0,0,5.78473234176636
65.3610000610352,22670,0.430099993944168,185.396606445313,32.3079147338867,85.2095260620117,0.30877810716629,1,0,0,0,16.90895652771
65.6039962768555,11889,0.419510006904602,221.092849731445,10.6992177963257,59.2901000976563,0.084111362695694,1,0,0,0,12.7827291488647
59.976001739502,4774,0.513390004634857,160.835601806641,2.70933961868286,34.6041069030762,,1,0,0,0,4.40690279006958
64.1039962768555,33329,0.571560025215149,254.564208984375,22.4239368438721,71.1932525634766,0.180023401975632,1,0,0,0,23.9419994354248
63.3549995422363,7228,0.573909997940064,390.266387939453,8.64366626739502,11.2340898513794,,1,0,0,0,9.42355823516846
61.5970001220703,17946,0.612839996814728,264.715515136719,17.136100769043,50.8024063110352,0.0557227246463299,1,0,0,0,12.941104888916
63.3549995422363,15923,0.582819998264313,215.110366821289,28.2600440979004,53.513786315918,,1,0,0,0,11.1518392562866
63.5820007324219,265062,0.541480004787445,224.256652832031,29.0905132293701,67.9154281616211,0.139589980244637,1,0,0,0,22.2641620635986
58.7999992370606,4486,0.556410014629364,171.317535400391,10.5027627944946,26.2148914337158,,1,0,0,0,10.1827955245972
60.9799995422363,17128,0.47843000292778,157.678192138672,15.5003938674927,46.1525001525879,0.11676786839962,1,0,0,0,16.1812133789063
65.3610000610352,21126,0.385049998760223,154.595764160156,3.56473088264465,29.8968105316162,0.0473350360989571,1,0,0,0,7.95354557037354
63.6839981079102,42526,0.483009994029999,183.943313598633,3.38330698013306,9.30254459381104,0.0235150270164013,1,0,0,0,5.28715515136719
61.5359992980957,24891,0.551999986171722,412.641662597656,12.2326335906982,32.9356002807617,0.080350324511528,1,0,0,0,9.14361381530762
61.5970001220703,11619,0.526269972324371,234.678146362305,19.3923397064209,34.6845664978027,0.0860659256577492,1,0,0,0,14.4900245666504
62.9309997558594,38540,0.423390001058579,137.146438598633,3.04906797409058,22.8386096954346,0.0518941357731819,1,0,0,0,4.96527242660523
61.6520004272461,16259,0.440880000591278,145.846176147461,4.25789070129395,53.976261138916,0.123008795082569,1,0,0,0,4.88650417327881
57.8440017700195,19824,0.529879987239838,160.081115722656,5.13187265396118,6.78139019012451,0.201775625348091,1,0,0,0,5.56883144378662
59.9519996643067,32933,0.505970001220703,203.070190429688,14.3748617172241,55.0299110412598,0.151823401451111,1,0,0,0,10.6622667312622
63.6619987487793,14926,0.37652000784874,150.363189697266,2.72016429901123,32.9760131835938,0.401983112096787,1,0,0,0,8.07550048828125
63.1360015869141,39010,0.577049970626831,407.135375976563,0.685039758682251,5.62676239013672,0.0256344527006149,1,0,0,0,3.67548799514771
65.6039962768555,17481,0.590939998626709,218.642471313477,25.4418258666992,82.9471969604492,0.114409931004047,1,0,0,0,16.9175987243652
64.8330001831055,17707,0.600019991397858,366.274597167969,11.0063343048096,54.5377540588379,0.112949684262276,1,0,0,0,9.68763256072998
60.4679985046387,41403,0.49685999751091,203.791778564453,17.7290687561035,39.14208984375,0.144917041063309,1,0,0,0,12.1931247711182
61.5359992980957,31375,0.535239994525909,334.874755859375,10.940712928772,39.652587890625,0.0318725109100342,1,0,0,0,7.47716045379639
64.8330001831055,81623,0.529569983482361,261.039428710938,30.1390533447266,56.3738174438477,0.147017389535904,1,0,0,0,16.0426349639893
63.1360015869141,25339,0.493550002574921,218.162994384766,9.02531433105469,22.5137214660645,0.039464857429266,1,0,0,0,7.32470893859863
65.3610000610352,37418,0.481499999761581,180.837738037109,21.3457565307617,67.2564010620117,0.133625522255898,1,0,0,0,15.5963258743286
58.3390007019043,63173,0.421380013227463,121.992546081543,2.06783223152161,19.3539943695068,0.0158295482397079,1,0,0,0,4.06225204467773
66.5690002441406,48024,0.632499992847443,392.715454101563,17.068883895874,57.0089950561524,0.187406301498413,1,0,0,0,10.7078094482422
66.8809967041016,8075,0.560689985752106,219.418579101563,3.50292682647705,62.4064979553223,0.495356023311615,1,0,0,0,13.163854598999
59.2179985046387,5177,0.578750014305115,275.322692871094,5.13712501525879,75.4104690551758,0.965810298919678,1,0,0,0,8.69363498687744
63.9280014038086,2386,0.429399996995926,157.768478393555,10.6978807449341,68.4500579833984,0.838222980499268,1,0,0,0,10.689398765564
64.0640029907227,21372,0.479570001363754,333.191436767578,1.46028172969818,66.9146575927734,0.093580387532711,1,0,0,0,13.3808822631836
66.3899993896484,179777,0.517799973487854,490.4150390625,18.9132137298584,85.8573303222656,1.27380037307739,1,0,0,0,35.6690902709961
67.068000793457,8911,0.462220013141632,178.402542114258,3.59670615196228,44.0824775695801,0.224441707134247,1,0,0,0,11.6633949279785
64.7419967651367,7555,0.494370013475418,372.769439697266,12.7331523895264,52.9980163574219,0.794176042079926,1,0,0,0,18.226037979126
63.0029983520508,51451,0.552009999752045,317.098785400391,6.27222967147827,88.9490280151367,0.485899209976196,1,0,0,0,21.6560230255127
64.2929992675781,4693,0.520009994506836,204.446258544922,0.776138603687286,33.8802490234375,0.426166623830795,1,0,0,0,9.35698413848877
62.9129981994629,6883,0.512369990348816,207.050964355469,0,57.1698379516602,,1,0,0,0,15.3995294570923
54.5239982604981,7652,0.549290001392365,130.071807861328,0,45.883430480957,0.261369585990906,1,0,0,0,7.63782978057861
63.4879989624024,9868,0.617139995098114,438.433898925781,0,56.9010963439941,0.202675312757492,1,0,0,0,21.0600700378418
60.0719985961914,11851,0.469350010156632,137.497695922852,0,50.5859870910645,0.337524265050888,1,0,0,0,5.65058469772339
61.7070007324219,3266,0.521790027618408,185.648422241211,0,65.1715621948242,0.306184947490692,1,0,0,0,12.2897548675537
62.6679992675781,6394,0.55348002910614,193.78303527832,0,46.215202331543,,1,0,0,0,11.1187610626221
59.2309989929199,12712,0.489389985799789,232.634185791016,0.126619935035706,42.7155456542969,0.3146633207798,1,0,0,0,12.1712083816528
63.8380012512207,103315,0.619199991226196,379.711578369141,0.0794451087713242,81.9674530029297,0.996951043605804,1,0,0,0,22.8730068206787
53.8629989624024,27861,0.563499987125397,140.795501708984,0,45.5367736816406,0.1794623285532,1,0,0,0,9.65106296539307
58.8260002136231,13964,0.459839999675751,227.252197265625,0,35.9782295227051,0.358063578605652,1,0,0,0,9.46560573577881
60.5610008239746,12884,0.596289992332459,238.56494140625,0.37003755569458,42.8283157348633,0.931387782096863,1,0,0,0,10.8077545166016
55.9980010986328,10313,0.537750005722046,180.206756591797,0,81.6639175415039,1.55143988132477,1,0,0,0,8.62660121917725
56.6030006408692,4663,0.444020003080368,148.461563110352,0,40.9822006225586,0.214454218745232,1,0,0,0,9.96348667144775
51.6559982299805,9981,0.406549990177155,100.314384460449,3.13894057273865,64.7931060791016,0.500951826572418,1,0,0,0,8.38719940185547
56.3819999694824,9073,0.420670002698898,127.388259887695,0,35.6772842407227,0.110217124223709,1,0,0,0,6.11608076095581
64.9580001831055,6525,0.501720011234283,189.478439331055,0,61.5325660705566,0.153256699442863,1,0,0,0,10.3200731277466
62.2029991149902,4315,0.564360022544861,160.247817993164,0,32.3754348754883,,1,0,0,0,7.86108875274658
57.3759994506836,6828,0.482749998569489,166.706771850586,0,48.8137092590332,0.292911529541016,1,0,0,0,10.3042974472046
51.6559982299805,8038,0.510010004043579,105.371604919434,1.7598295211792,65.4764862060547,0.373227179050446,1,0,0,0,9.44356918334961
62.6679992675781,2775,0.507279992103577,224.897521972656,0,73.2612609863281,,1,0,0,0,11.8725233078003
63.8380012512207,21018,0.611190021038055,355.936737060547,0.716712236404419,90.6889343261719,0.761252284049988,1,0,0,0,16.8912353515625
57.2560005187988,4870,0.528400003910065,175.897735595703,0,69.6098556518555,0.205338805913925,1,0,0,0,9.11109161376953
60.5610008239746,5930,0.498030006885529,194.70768737793,0,43.1990814208984,0.168634057044983,1,0,0,0,7.23418760299683
56.1440010070801,6814,0.46246001124382,164.161209106445,0,23.3930149078369,0.293513357639313,1,0,0,0,8.24430656433106
63.4790000915527,10973,0.575179994106293,292.692535400391,0,49.667366027832,1.45812451839447,1,0,0,0,14.4762725830078
58.2290000915527,14022,0.501590013504028,278.210571289063,0.0479026064276695,59.9629173278809,0.356582522392273,1,0,0,0,12.7643404006958
57.5999984741211,6394,0.472479999065399,180.77766418457,0,50.3127937316895,,1,0,0,0,9.80134010314941
58.9379997253418,7949,0.505240023136139,147.710357666016,0.227926328778267,24.7043838500977,,1,0,0,0,6.6748480796814
63.4790000915527,4573,0.441949993371964,186.111831665039,1.20945692062378,44.1941833496094,0.437349647283554,1,0,0,0,12.6058912277222
60.4300003051758,4752,0.547460019588471,211.339569091797,1.21293842792511,58.6489906311035,0.210437715053558,1,0,0,0,19.4062595367432
64.4540023803711,7365,0.508220016956329,218.336898803711,0,58.2213172912598,0.27155464887619,1,0,0,0,14.7678565979004
63.2389984130859,11029,0.517189979553223,149.946105957031,0.271522700786591,25.2062740325928,0.0906700491905212,1,0,0,0,6.39309978485107
59.6829986572266,17087,0.500220000743866,220.45751953125,11.5740871429443,45.7072639465332,0.234096094965935,1,0,0,0,13.672830581665
52.4230003356934,5151,0.57846999168396,209.857696533203,0,30.5377597808838,,1,0,0,0,7.60497856140137
58.1590003967285,18164,0.461600005626679,139.7587890625,0.253096610307694,17.5397052764893,0.0550539530813694,1,0,0,0,5.69186449050903
60.1580009460449,20822,0.558700025081635,299.846588134766,0,69.9884719848633,0.240130633115768,1,0,0,0,17.7068920135498
64.4540023803711,56752,0.632179975509644,531.457458496094,0,92.5482788085938,0.986749351024628,1,0,0,0,30.34912109375
63.8600006103516,13933,0.442730009555817,116.874366760254,0.131073847413063,22.8091583251953,0.0717720538377762,1,0,0,0,7.08412408828735
55.8969993591309,11080,0.460599988698959,124.071708679199,0.0499013029038906,15.6907482147217,0.270758122205734,1,0,0,0,6.50629758834839
64.9580001831055,3652,0.382770001888275,181.825881958008,0,35.8707542419434,0.547645151615143,1,0,0,0,9.90588188171387
58.9010009765625,4166,0.47257998585701,162.993499755859,0,28.6637573242188,,1,0,0,0,12.9255638122559
57.4589996337891,2333,0.432090014219284,135.816329956055,1.1731241941452,64.0271759033203,,1,0,0,0,12.9719638824463
64.9580001831055,20815,0.667240023612976,531.558227539063,0.463961511850357,75.5368728637695,0.672591865062714,1,0,0,0,23.4562168121338
59.9770011901856,10908,0.64258998632431,362.573211669922,0.211249306797981,76.5584869384766,0.458379179239273,1,0,0,0,17.9003200531006
58.0169982910156,6542,0.459870010614395,178.440582275391,0,33.6900024414063,0.152858451008797,1,0,0,0,10.920952796936
56.4049987792969,10330,0.524030029773712,185.294006347656,16.4417629241943,44.4820899963379,0.387221693992615,1,0,0,0,8.12645149230957
60.0719985961914,9020,0.407590001821518,99.4670562744141,0,17.9157428741455,0.886917948722839,1,0,0,0,5.19560432434082
56.140998840332,7669,0.55255001783371,204.584899902344,0,69.1485214233398,0.391185283660889,1,0,0,0,10.0904693603516
62.7050018310547,3078,0.430220007896423,224.902893066406,0,64.392463684082,,1,0,0,0,11.2711954116821
62.1030006408692,3857,0.561119973659515,122.886611938477,0,27.934907913208,1.29634428024292,1,0,0,0,9.05612754821777
63.4879989624024,11915,0.570249974727631,304.257720947266,0,50.3147277832031,0.251783460378647,1,0,0,0,12.2256813049316
64.6050033569336,28825,0.60250997543335,595.685852050781,0,84.239372253418,1.35299217700958,1,0,0,0,27.8033390045166
62.6059989929199,10966,0.521080017089844,167.828659057617,0,20.1348743438721,0.18238191306591,1,0,0,0,6.62603425979614
63.3849983215332,13432,0.548699975013733,226.905044555664,0,51.8826713562012,0.521143555641174,1,0,0,0,14.2983388900757
62.9129981994629,12871,0.467869997024536,176.604232788086,0,19.0872230529785,0.388470202684402,1,0,0,0,8.74661827087402
62.0540008544922,3289,0.35835999250412,178.347030639648,0,53.0252342224121,0.304043769836426,1,0,0,0,9.20086574554443
60.1580009460449,8732,0.545780003070831,258.948486328125,0,65.0251922607422,0.343563914299011,1,0,0,0,11.2746543884277
60.5610008239746,4949,0.581110000610352,193.739868164063,0,37.4419059753418,0.202061027288437,1,0,0,0,8.58992290496826
59.2299995422363,8867,0.488389998674393,218.283706665039,0,29.8748168945313,0.225555434823036,1,0,0,0,8.69925785064697
57.3639984130859,6537,0.472020000219345,131.658081054688,0,26.3117637634277,0.305950731039047,1,0,0,0,7.11467981338501
62.1030006408692,7486,0.572910010814667,144.647888183594,0,32.9919204711914,0.26716536283493,1,0,0,0,9.02687931060791
60.5610008239746,2103,0.478960007429123,152.595977783203,0,43.2239646911621,0.475511163473129,1,0,0,0,12.3530645370483
63.3849983215332,43224,0.56344997882843,355.101623535156,0.053553469479084,80.1730499267578,1.68887650966644,1,0,0,0,22.1863956451416
52.5559997558594,6068,0.522419989109039,121.321952819824,0,39.7659873962402,,1,0,0,0,2.76129770278931
63.3839988708496,6498,0.531930029392242,229.896530151367,0,43.1979064941406,0.307787001132965,1,0,0,0,15.2628402709961
62.1030006408692,6994,0.438479989767075,161.297393798828,1.13619363307953,23.0197315216065,0.142979696393013,1,0,0,0,8.58520889282227
50.9510002136231,4379,0.288500010967255,62.3236427307129,0,45.078670501709,,1,0,0,0,1.21507322788239
62.4049987792969,3822,0.446469992399216,167.456512451172,0,26.061206817627,,1,0,0,0,2.52076435089111
61.7789993286133,3118,0.464069992303848,120.089241027832,0,25.9398860931397,,1,0,0,0,11.3172979354858
58.4010009765625,4294,0.505169987678528,127.927612304688,0,53.2603645324707,0.931532382965088,1,0,0,0,7.36681652069092
61.2239990234375,3650,0.484349995851517,194.455459594727,9.59333801269531,35.1403846740723,0.273972600698471,1,0,0,0,9.13271141052246
58.0169982910156,5878,0.540279984474182,169.982894897461,0,46.7335815429688,0.34025177359581,1,0,0,0,10.2417011260986
52.7890014648438,7870,0.430070012807846,113.073066711426,0,53.8373565673828,0.381194412708282,1,0,0,0,8.88030052185059
58.5400009155273,11399,0.572510004043579,156.803894042969,0,46.6005783081055,0.26318097114563,1,0,0,0,10.4622488021851
63.9300003051758,24334,0.595089972019196,582.113098144531,0.907803177833557,79.0909805297852,2.95882296562195,1,0,0,0,25.1573257446289
58.0169982910156,6363,0.554830014705658,244.052017211914,0,49.0610694885254,0.157158568501472,1,0,0,0,16.7848930358887
62.4959983825684,30775,0.493360012769699,176.4501953125,0,47.5964431762695,0.0649878159165382,1,0,0,0,13.5818347930908
58.8260002136231,9260,0.417149990797043,179.338043212891,0,55.323974609375,0.107991360127926,1,0,0,0,10.9435272216797
58.8260002136231,11756,0.506680011749268,229.924957275391,0,78.0027236938477,0.510377705097199,1,0,0,0,13.4428796768188
57.6860008239746,83820,0.556779980659485,263.735229492188,19.0125541687012,55.0001602172852,0.0357909798622131,0,0,0,1,12.2354784011841
55.3499984741211,4580,0.491050004959106,78.9204711914063,0.478039711713791,34.6943244934082,0.21834060549736,0,0,0,1,4.88436985015869
60.4259986877441,19587,0.465799987316132,132.812423706055,4.09232425689697,20.3859710693359,0.204217076301575,0,0,0,1,7.58647966384888
57.9140014648438,19520,0.479420006275177,107.658157348633,5.80270528793335,27.8534832000732,0.102459013462067,0,0,0,1,3.60463738441467
58.9589996337891,20003,0.472640007734299,100.820587158203,1.5023455619812,12.1350936889648,,0,0,0,1,3.98673725128174
59.4280014038086,10336,0.549300014972687,171.525726318359,9.26964092254639,43.6145515441895,,0,0,0,1,11.3838920593262
56.2700004577637,23102,0.556659996509552,117.508743286133,6.98127412796021,31.7894554138184,0.0432862937450409,0,0,0,1,8.86356067657471
57.1500015258789,19528,0.578270018100739,94.9354095458984,6.74153089523315,24.2240428924561,0.153625562787056,0,0,0,1,6.10689115524292
58.132999420166,10249,0.445060014724731,103.820915222168,4.22356414794922,31.8957939147949,0.0975704938173294,0,0,0,1,8.66396331787109
53.9910011291504,44029,0.399940013885498,99.9913711547852,5.5704460144043,19.4172382354736,0.0454246066510677,0,0,0,1,3.0965576171875
54.2849998474121,33923,0.499139994382858,104.459800720215,3.53822708129883,33.0395317077637,,0,0,0,1,3.81235575675964
56.0660018920899,24826,0.602119982242584,127.98624420166,17.1907386779785,51.8609504699707,0.161121398210526,0,0,0,1,12.5187082290649
53.4440002441406,9358,0.464560002088547,120.393257141113,6.17080640792847,13.5178461074829,0.213720887899399,0,0,0,1,15.0026893615723
55.6549987792969,98793,0.515550017356873,160.642715454102,29.0052356719971,65.5744857788086,0.1012217476964,0,0,0,1,16.5844707489014
55.2299995422363,22205,0.479770004749298,96.3944091796875,1.48809349536896,19.5001125335693,0.0450349003076553,0,0,0,1,4.22580337524414
61.9490013122559,41648,0.54119998216629,163.283706665039,21.5434646606445,74.1355819702149,0.0480215139687061,0,0,0,1,14.0393009185791
61.6049995422363,13500,0.472900003194809,105.130828857422,13.0607175827026,41.9703712463379,0.222222223877907,0,0,0,1,12.662579536438
58.1710014343262,90820,0.590539991855621,96.099494934082,8.66660976409912,37.556324005127,0.0770755335688591,0,0,0,1,8.7677755355835
56.8479995727539,29640,0.479479998350143,84.5308151245117,8.63887977600098,25.3149013519287,0.0337381921708584,0,0,0,1,5.83198547363281
58.3969993591309,8960,0.473589986562729,110.019584655762,2.53343272209168,18.7388401031494,,0,0,0,1,6.35186624526978
55.2299995422363,21377,0.461820006370544,77.264404296875,3.56326913833618,20.6296482086182,0.0935584977269173,0,0,0,1,7.55678844451904
53.7820014953613,40572,0.477730005979538,96.1053009033203,3.1876859664917,18.9440994262695,0.123237699270248,0,0,0,1,4.91668510437012
58.132999420166,27153,0.478069990873337,109.252616882324,9.27877998352051,31.1273155212402,0.0736566856503487,0,0,0,1,10.3656282424927
56.5110015869141,22856,0.392969995737076,113.241561889648,1.62850320339203,21.4385719299316,0.0437521860003471,0,0,0,1,5.2299747467041
59.6049995422363,21142,0.592840015888214,129.506820678711,8.35992908477783,48.0654640197754,0.141897648572922,0,0,0,1,7.93694639205933
55.2299995422363,12038,0.347499996423721,79.0690765380859,0.812027335166931,18.7655754089355,0.0830702781677246,0,0,0,1,4.99638748168945
55.0559997558594,16018,0.405840009450913,86.7995758056641,3.41758465766907,18.423023223877,0.124859534204006,0,0,0,1,4.83989763259888
57.048999786377,32244,0.4792799949646,113.761405944824,4.3299560546875,18.3972206115723,0.0310135222971439,0,0,0,1,5.39541816711426
54.5040016174317,23308,0.456319987773895,80.9120178222656,0.73890882730484,25.8194618225098,0.0429037250578403,0,0,0,1,4.83248424530029
62.0369987487793,24665,0.539080023765564,159.947021484375,24.9899253845215,49.4546928405762,0.12162984162569,0,0,0,1,14.0301723480225
52.9150009155273,32037,0.382070004940033,109.275543212891,3.97340512275696,32.2346038818359,0.0312139093875885,0,0,0,1,3.07581686973572
58.6399993896484,145725,0.546750009059906,149.440383911133,15.7469606399536,57.8699607849121,0.267627388238907,0,0,0,1,13.8474025726318
55.2299995422363,15104,0.41541001200676,132.372467041016,2.54162979125977,10.1042451858521,0.0662076249718666,0,0,0,1,8.62529945373535
58.132999420166,56862,0.564939975738525,141.960388183594,12.8212718963623,50.4625244140625,0.193450808525085,0,0,0,1,13.2715845108032
55.3059997558594,111967,0.524330019950867,130.705520629883,9.39800357818604,52.2250900268555,0.0982432290911674,0,0,0,1,8.89894104003906
51.4309997558594,39669,0.52701997756958,162.638565063477,14.9463224411011,78.2777481079102,0.100834406912327,0,0,0,1,8.02787494659424
52.890998840332,35164,0.70617002248764,166.07145690918,9.8402271270752,38.6389503479004,0.0853145271539688,0,0,0,1,9.10394191741943
55.9440002441406,70360,0.491899996995926,103.621726989746,10.2320566177368,40.8868675231934,0.213189318776131,0,0,0,1,9.30841445922852
55.0589981079102,41332,0.473740011453629,116.255470275879,2.77019619941711,42.3207206726074,0.145165979862213,0,0,0,1,9.75391674041748
58.3889999389649,19726,0.639769971370697,195.757446289063,23.7862892150879,55.0441055297852,0.202778056263924,0,0,0,1,16.0517253875732
56.8779983520508,7539,0.477510005235672,89.1465759277344,4.75426864624023,36.145378112793,0.265287160873413,0,0,0,1,9.36869812011719
56.681999206543,30567,0.502409994602203,116.028434753418,6.05426406860352,22.21022605896,0.0654300376772881,0,0,0,1,6.7363452911377
63.1450004577637,23031,0.563059985637665,181.124877929688,18.8483238220215,50.2409782409668,0.130259215831757,0,0,0,1,12.5913743972778
58.3969993591309,12428,0.601199984550476,76.8020477294922,5.85686874389648,23.7528171539307,0.0804634690284729,0,0,0,1,7.45634460449219
53.2980003356934,15570,0.486559987068176,95.2236251831055,4.98933362960815,50.8863182067871,0.0642260760068893,0,0,0,1,10.6148986816406
58.5169982910156,28315,0.506160020828247,150.736923217773,0,13.1025953292847,0.0353169701993465,0,0,0,1,5.04016494750977
58.3889999389649,16533,0.682760000228882,209.421615600586,12.5190162658691,36.3152465820313,,0,0,0,1,6.7582278251648
58.5180015563965,10267,0.610809981822968,144.576385498047,13.3937225341797,42.6804313659668,0.0973994359374046,0,0,0,1,8.55416297912598
52.2159996032715,22743,0.486640006303787,83.1074523925781,4.1552300453186,13.8416213989258,0.175878286361694,0,0,0,1,5.59592771530151
54.1959991455078,5891,0.43665999174118,97.2332916259766,8.99939155578613,45.6119499206543,0.169750466942787,0,0,0,1,10.1533002853394
60.2400016784668,54403,0.535359978675842,145.713882446289,10.372519493103,33.371826171875,0.0919066965579987,0,0,0,1,8.49864292144775
59.2999992370606,12360,0.541469991207123,105.677703857422,7.48070526123047,37.7831726074219,0.0809061452746391,0,0,0,1,16.7253170013428
54.3139991760254,20071,0.455639988183975,96.2002258300781,1.67699444293976,17.5028648376465,0.0498231276869774,0,0,0,1,4.33401536941528
55.7569999694824,20679,0.345450013875961,72.0443420410156,0,14.391411781311,0.145074710249901,0,0,0,1,3.87997698783875
55.8419990539551,14810,0.504989981651306,106.824989318848,9.38362884521484,32.2822418212891,,0,0,0,1,9.27905559539795
59.0870018005371,276502,0.613150000572205,271.456726074219,37.849365234375,75.9672622680664,0.159130856394768,0,0,0,1,21.8192844390869
58.7910003662109,42853,0.493800014257431,118.639282226563,15.900936126709,46.8415298461914,0.116677947342396,0,0,0,1,12.9078722000122
58.1539993286133,53249,0.443589985370636,114.523056030273,3.31033802032471,22.6933841705322,0.0187796950340271,0,0,0,1,5.57168340682983
55.318000793457,15267,0.467440009117127,102.965896606445,5.69524335861206,28.232759475708,0.131001502275467,0,0,0,1,6.60422420501709
57.7509994506836,46877,0.487639993429184,109.869148254395,11.2172527313232,37.4640007019043,0.10666211694479,0,0,0,1,6.99892139434815
58.3969993591309,19276,0.51774001121521,140.032577514648,5.05493783950806,14.7385349273682,0.0518779829144478,0,0,0,1,5.35903358459473
52.6040000915527,13220,0.384579986333847,87.6015167236328,3.17856025695801,33.7897109985352,0.075642965734005,0,0,0,1,5.73413038253784
58.9589996337891,12404,0.552720010280609,149.473190307617,15.649151802063,39.8500480651856,0.0806191563606262,0,0,0,1,10.1126098632813
58.3969993591309,9465,0.553149998188019,77.2387466430664,3.97415089607239,38.8624534606934,0.105652406811714,0,0,0,1,6.56316328048706
58.8899993896484,9140,0.474530011415482,145.182373046875,2.75158905982971,43.1181602478027,,0,0,0,1,4.52277660369873
54.9480018615723,11495,0.47146001458168,78.3916320800781,11.7602367401123,44.0800361633301,,0,0,0,1,10.7547006607056
58.132999420166,10607,0.519860029220581,67.6552886962891,7.98815774917603,35.6745529174805,,0,0,0,1,10.7548151016235
59.4109992980957,18326,0.498829990625382,76.1087875366211,3.13479399681091,27.2727279663086,0.109134562313557,0,0,0,1,11.7999143600464
59.9249992370606,25318,0.527629971504211,93.9642944335938,1.51059973239899,20.7204360961914,0.118492774665356,0,0,0,1,4.01484489440918
56.757999420166,17136,0.483570009469986,85.1017608642578,5.1473913192749,25.4493465423584,0.0583566762506962,0,0,0,1,7.41674757003784
58.7910003662109,14277,0.509029984474182,148.225830078125,12.5218648910522,80.1008605957031,0.280170917510986,0,0,0,1,13.3590927124023
59.3050003051758,16856,0.492040008306503,122.846031188965,5.43001127243042,31.8343620300293,0.118652112782002,0,0,0,1,12.645622253418
55.0559997558594,25362,0.404520004987717,107.681198120117,3.36029601097107,27.9157791137695,0.0788581371307373,0,0,0,1,6.63491868972778
57.3709983825684,19521,0.426239997148514,117.109565734863,0.444110304117203,15.270733833313,0.0512268841266632,0,0,0,1,4.85254192352295
54.4780006408691,18730,0.531949996948242,110.350708007813,1.91818654537201,22.6083164215088,0.16017085313797,0,0,0,1,9.24771308898926
55.1920013427734,7498,0.542289972305298,72.4608383178711,4.36441135406494,26.1320781707764,0.400106698274612,0,0,0,1,8.58783340454102
56.2970008850098,4934,0.482639998197556,74.1660308837891,9.13033676147461,46.9193344116211,,0,0,0,1,12.6173439025879
55.6549987792969,16249,0.49838998913765,124.604522705078,9.23600578308105,43.8488540649414,0.123084500432014,0,0,0,1,7.93469762802124
63.9690017700195,53195,0.452659994363785,229.041397094727,48.7102394104004,2.22961378097534,0.357176423072815,0,0,0,1,41.3086051940918
57.1500015258789,15565,0.454659998416901,70.0656890869141,3.17551231384277,15.0144557952881,0.128493413329124,0,0,0,1,5.86314868927002
56.9659996032715,15776,0.578000009059906,152.186676025391,9.46531295776367,64.7692718505859,0.190162271261215,0,0,0,1,9.59724998474121
56.7739982604981,31332,0.497489988803864,88.3098297119141,3.99620962142944,24.4829559326172,0.0319162532687187,0,0,0,1,3.99744844436646
56.7169990539551,22649,0.508440017700195,105.599319458008,6.54570770263672,19.8375205993652,0.264912366867065,0,0,0,1,5.78562355041504
61.6049995422363,14037,0.527620017528534,100.294906616211,8.58377170562744,43.4067115783691,0.28496116399765,0,0,0,1,8.62142658233643
52.7159996032715,26978,0.520879983901978,143.781463623047,3.90315055847168,20.9800586700439,0.0370672382414341,0,0,0,1,4.33926773071289
57.0750007629395,50603,0.562640011310577,182.290817260742,25.5648136138916,78.4419860839844,0.296425104141235,0,0,0,1,17.8442478179932
55.0559997558594,29287,0.415030002593994,100.012710571289,0.32510980963707,30.3206195831299,0.0341448411345482,0,0,0,1,6.43191337585449
57.1500015258789,13375,0.475859999656677,114.417739868164,3.20679783821106,20.0299072265625,0.224299058318138,0,0,0,1,11.8796215057373
55.6720008850098,31579,0.501259982585907,128.403991699219,16.4902114868164,56.2019081115723,0.15833306312561,0,0,0,1,12.2347297668457
57.2019996643066,82432,0.52878999710083,116.37525177002,14.0159187316895,39.5805015563965,0.13344332575798,0,0,0,1,11.6044301986694
54.9609985351563,27300,0.436679989099503,108.88826751709,12.0064163208008,33.8681335449219,0.10989011079073,0,0,0,1,7.10707569122315
58.5359992980957,16443,0.38510999083519,81.2445678710938,4.57584810256958,37.0917701721191,0.060816153883934,0,0,0,1,9.84775447845459
57.6829986572266,24481,0.514310002326965,104.189758300781,4.29631900787354,29.8639755249023,0.204240024089813,0,0,0,1,6.2944278717041
63.1450004577637,32403,0.493589997291565,144.552871704102,13.0169563293457,28.8275775909424,0.0925840213894844,0,0,0,1,9.30675888061523
59.1879997253418,42721,0.570840001106262,148.574081420898,20.5304012298584,50.6706314086914,0.0702230781316757,0,0,0,1,13.6856727600098
52.5279998779297,6435,0.457989990711212,97.6251068115234,2.97231888771057,29.3550891876221,0.155400156974792,0,0,0,1,8.43514919281006
56.4269981384277,7855,0.42383000254631,69.7602462768555,4.28262281417847,38.4977722167969,0.381922334432602,0,0,0,1,8.33525943756104
56.0870018005371,18419,0.45320999622345,91.5760192871094,2.85282301902771,28.8832187652588,,0,0,0,1,5.81925201416016
55.5610008239746,28058,0.463109999895096,80.1873016357422,4.31253242492676,23.6224956512451,0.106921374797821,0,0,0,1,4.90909910202026
58.140998840332,40916,0.449910014867783,125.037757873535,13.6011066436768,48.1352043151856,0.317724108695984,0,0,0,1,17.7281761169434
61.5139999389649,5743,0.606689989566803,122.123168945313,2.60461115837097,30.1663208007813,0.174125015735626,0,0,0,1,8.3907642364502
57.1500015258789,26434,0.458460003137589,121.279487609863,7.68034076690674,45.7403335571289,0.189150333404541,0,0,0,1,7.91766262054443
61.5779991149902,64713,0.540000021457672,189.226974487305,29.7631168365479,83.4994506835938,0.185434147715569,0,0,0,1,18.328239440918
59.8969993591309,116525,0.441630005836487,111.752479553223,6.81421995162964,15.4190092086792,0.0257455483078957,0,0,0,1,5.45442628860474
59.7470016479492,46387,0.444180011749268,103.794258117676,4.84846925735474,18.2399730682373,0.129346579313278,0,0,0,1,5.81593370437622
56.9560012817383,20937,0.448639988899231,108.345993041992,8.49002552032471,32.0580787658691,0.0955246686935425,0,0,0,1,8.68033218383789
55.7569999694824,21280,0.481750011444092,98.4592895507813,7.20304346084595,32.7302627563477,0.281954884529114,0,0,0,1,9.65671539306641
56.068000793457,17629,0.506739974021912,132.320587158203,6.4566912651062,24.3916282653809,0.0567247159779072,0,0,0,1,7.25616788864136
59.2360000610352,15057,0.392170011997223,61.4999542236328,5.25831413269043,39.4965782165527,,0,0,0,1,9.65470790863037
58.2280006408691,28036,0.505639970302582,130.36083984375,11.049693107605,50.2532463073731,0.249678984284401,0,0,0,1,14.1728324890137
54.9480018615723,24667,0.527800023555756,98.1990356445313,6.15020847320557,20.0632419586182,0.0810799822211266,0,0,0,1,5.18809318542481
54.1959991455078,34404,0.49057000875473,113.298362731934,8.21019744873047,32.7810707092285,0.0871991664171219,0,0,0,1,6.15919399261475
58.3969993591309,6244,0.508679986000061,72.0989456176758,0.978739023208618,15.4844369888306,0.640614986419678,0,0,0,1,7.40936517715454
58.3050003051758,12917,0.401019990444183,110.624397277832,4.8703465461731,16.24462890625,0.232252076268196,0,0,0,1,5.73307514190674
57.1500015258789,20447,0.447120010852814,81.6915130615234,8.26665687561035,14.4364280700684,0.0978138595819473,0,0,0,1,7.67920207977295
56.681999206543,25552,0.521009981632233,134.571395874023,19.8141288757324,63.1144332885742,0.0782717615365982,0,0,0,1,14.3017425537109
58.1710014343262,70571,0.441130012273788,180.819961547852,9.38902568817139,36.9046783447266,0.0991908833384514,0,0,0,1,29.2268867492676
65.1800003051758,696371,0.581780016422272,404.691284179687,53.3446388244629,35.3610343933106,1.69449901580811,0,0,0,1,46.8509330749512
57.0750007629395,26085,0.434060007333756,135.858581542969,6.22606325149536,20.1878471374512,,0,0,0,1,5.52282285690308
55.6549987792969,31076,0.450529992580414,116.563674926758,16.4319972991943,62.8105278015137,0.225254222750664,0,0,0,1,9.07690048217773
58.3969993591309,14147,0.625829994678497,133.093338012695,14.2234916687012,52.2796363830566,0.353431820869446,0,0,0,1,10.8917627334595
55.0559997558594,18467,0.444570004940033,84.9600830078125,2.7528235912323,10.6622619628906,,0,0,0,1,6.32446575164795
62.4879989624024,13639,0.391180008649826,92.7010955810547,7.58606195449829,24.8918533325195,0.0733191594481468,0,0,0,1,8.10886383056641
56.757999420166,10420,0.459479987621307,73.1219940185547,0.801660180091858,23.4740886688232,0.0959692895412445,0,0,0,1,8.01702880859375
55.5610008239746,6197,0.530390024185181,63.3650550842285,8.60183238983154,33.0475692749023,0.161368399858475,0,0,0,1,7.45620441436768
57.5019989013672,22960,0.449050009250641,88.6040496826172,3.33632063865662,34.0374565124512,0.0871080160140991,0,0,0,1,4.8260440826416
60.5670013427734,107439,0.477200001478195,167.394989013672,26.9919033050537,84.5261001586914,0.36299666762352,0,0,0,1,17.7539825439453
54.2849998474121,36006,0.498199999332428,105.187774658203,13.2756633758545,37.4215393066406,,0,0,0,1,5.71120929718018
57.048999786377,39599,0.477310001850128,116.282577514648,1.63720905780792,13.2528600692749,0.0252531636506319,0,0,0,1,2.73261308670044
52.9539985656738,43313,0.502709984779358,97.4955368041992,7.90998411178589,24.1250476837158,0.0230877567082644,0,0,0,1,6.72676992416382
56.6520004272461,23388,0.518419981002808,96.4183654785156,3.96166491508484,29.5023097991943,0.0855139419436455,0,0,0,1,8.3271369934082
57.4729995727539,32897,0.507740020751953,83.7255630493164,6.87988662719727,37.0672111511231,0.0911937281489372,0,0,0,1,10.0865306854248
60.1910018920898,42161,0.502590000629425,100.119636535645,6.07223892211914,40.0773239135742,0.142311617732048,0,0,0,1,13.4006109237671
61.4379997253418,50294,0.473850011825562,99.1872253417969,7.36298608779907,21.1764011383057,0.0795323476195335,0,0,0,1,6.7448263168335
55.6720008850098,30885,0.632920026779175,155.625534057617,14.5058736801147,39.459285736084,0.129512712359428,0,0,0,1,8.365234375
58.9589996337891,58012,0.438490003347397,120.86971282959,10.0090932846069,42.7411575317383,0.0689512491226196,0,0,0,1,9.80999851226807
61.234001159668,5720,0.550830006599426,85.6172943115234,0,63.3391609191895,0.174825176596642,0,0,0,1,18.829891204834
59.2729988098145,16191,0.52131998538971,144.328063964844,13.304931640625,71.1815185546875,0.370576232671738,0,0,0,1,17.9310207366943
58.5870018005371,8074,0.606469988822937,122.273719787598,0.23091746866703,15.1721572875977,0.123854346573353,0,0,0,1,3.01507472991943
62.4329986572266,15581,0.516730010509491,93.7515106201172,2.69171929359436,20.1334953308105,0.513445854187012,0,0,0,1,5.12971067428589
61.6389999389649,38853,0.465559989213944,124.42138671875,8.98162460327148,54.4699668884277,0.283118426799774,0,0,0,1,9.96004772186279
62.7070007324219,16528,0.486220002174377,133.296127319336,1.16169488430023,50.3569717407227,0.423523724079132,0,0,0,1,14.6937637329102
60.6570014953613,6129,0.714200019836426,147.890808105469,20.4088535308838,69.9135284423828,0.326317518949509,0,0,0,1,20.5369930267334
61.9589996337891,10379,0.473080009222031,87.5939712524414,0,25.6286735534668,0.289045184850693,0,0,0,1,4.65583324432373
58.8660011291504,4909,0.40022000670433,71.7896575927734,0,25.4634342193604,0.203707471489906,0,0,0,1,9.76104068756104
58.8240013122559,8919,0.532289981842041,89.0643157958984,0.868795096874237,22.4816246032715,0.224240392446518,0,0,0,1,4.40906524658203
60.3870010375977,5491,0.400770008563995,105.122573852539,0,29.5392456054688,,0,0,0,1,7.93732690811157
57.8740005493164,12005,0.496960014104843,101.413047790527,0,27.8550605773926,0.0832986235618591,0,0,0,1,4.20225667953491
60.4690017700195,50151,0.536369979381561,94.1464157104492,10.3844079971313,28.8050079345703,0.319036513566971,0,0,0,1,7.51138162612915
64.0289993286133,4052,0.499199986457825,121.012985229492,0,27.4496402740479,0.246791705489159,0,0,0,1,11.1101531982422
60.6809997558594,8448,0.65377002954483,148.748733520508,12.5166807174683,49.5028419494629,0.118371210992336,0,0,0,1,9.95778560638428
57.1269989013672,22332,0.495519995689392,83.9980087280273,10.7467241287231,28.9674015045166,0.0447787940502167,0,0,0,1,6.06435966491699
61.4529991149902,12484,0.481860011816025,82.9622192382813,0.350501835346222,32.2733116149902,0.0801025331020355,0,0,0,1,6.74054098129273
61.5349998474121,8756,0.612640023231506,79.4135971069336,0,38.8761978149414,0.228414803743362,0,0,0,1,7.77840328216553
60.7239990234375,3890,0.562659978866577,113.99112701416,14.0624570846558,30.7712078094482,1.28534698486328,0,0,0,1,13.8504056930542
62.8129997253418,18126,0.753809988498688,187.459091186523,20.3959655761719,46.8829307556152,0.275846838951111,0,0,0,1,11.6678838729858
53.4949989318848,31000,0.381269991397858,91.0647659301758,6.95791912078857,25.0838718414307,0.612903237342835,0,0,0,1,3.5679132938385
56.1619987487793,5894,0.4582200050354,108.841766357422,6.7600474357605,20.8856468200684,0.169664070010185,0,0,0,1,7.83747673034668
61.9140014648438,72258,0.573520004749298,171.414688110352,22.5754871368408,44.0823173522949,0.788839995861054,0,0,0,1,12.1315746307373
58.4879989624024,27190,0.625310003757477,113.164077758789,11.5489711761475,31.5741081237793,0.183891132473946,0,0,0,1,6.95465087890625
62.7849998474121,10161,0.649519979953766,115.228713989258,6.09248495101929,45.654956817627,0.0984155088663101,0,0,0,1,7.08285856246948
61.1489982604981,11804,0.550390005111694,95.9530181884766,0,26.4656047821045,0.0847170427441597,0,0,0,1,5.80551052093506
60.3699989318848,28744,0.569609999656677,118.105613708496,14.5247058868408,28.7955741882324,0.104369610548019,0,0,0,1,6.17457294464111
58.617000579834,26989,0.498860001564026,88.1116180419922,12.2214336395264,28.3522911071777,0.148208528757095,0,0,0,1,3.81095838546753
54.7480010986328,7629,0.519249975681305,73.1757278442383,0.376326382160187,20.3696422576904,0.131078779697418,0,0,0,1,4.4785737991333
63.5870018005371,24964,0.6075199842453,151.568969726563,22.7358150482178,38.3432159423828,0.200288414955139,0,0,0,1,13.6204662322998
57.8740005493164,5963,0.539380013942719,93.9670715332031,8.13545608520508,29.1631736755371,0.335401654243469,0,0,0,1,6.93651151657105
62.8129997253418,11041,0.552209973335266,104.89729309082,18.7291316986084,44.3528671264648,0.0905715078115463,0,0,0,1,11.1655044555664
63.5870018005371,12813,0.564400017261505,99.5992050170899,0,28.1432914733887,0.156091466546059,0,0,0,1,10.5891094207764
61.4529991149902,12218,0.529349982738495,156.740356445313,9.3989839553833,63.7583885192871,0.409232288599014,0,0,0,1,8.14750385284424
62.4360008239746,10948,0.427529990673065,98.4788208007813,0,12.1392030715942,0.182681769132614,0,0,0,1,6.07438039779663
62.4449996948242,5058,0.556330025196075,168.361190795898,31.2378234863281,55.5950965881348,0.395413219928741,0,0,0,1,12.7334613800049
54.7150001525879,4273,0.441049993038178,61.2692947387695,0.775096952915192,17.8089427947998,,0,0,0,1,3.68108797073364
60.0559997558594,8992,0.372850000858307,82.6080093383789,0,4.99765586853027,,0,0,0,1,0.441633075475693
59.2210006713867,16641,0.55009001493454,112.086929321289,0,53.127815246582,0.18027763068676,0,0,0,1,7.99356079101563
63.4900016784668,8746,0.517270028591156,106.355400085449,25.720947265625,32.2661781311035,0.228675961494446,0,0,0,1,13.7193336486816
57.1269989013672,35806,0.603739976882935,126.972702026367,4.50911808013916,48.307544708252,0.195497959852219,0,0,0,1,10.6624231338501
62.7770004272461,4850,0.638279974460602,105.86994934082,0,35.9587631225586,0.412371128797531,0,0,0,1,7.70545816421509
60.9329986572266,51494,0.623769998550415,275.920074462891,41.9760665893555,84.5886611938477,1.10692512989044,0,0,0,1,24.9915962219238
58.8240013122559,5311,0.488510012626648,85.9116058349609,1.40950846672058,46.356616973877,0.18828846514225,0,0,0,1,10.6906242370605
60.9869995117188,5028,0.651189982891083,61.0620155334473,1.04625391960144,39.8369140625,,0,0,0,1,6.37891578674316
61.3800010681152,7049,0.515670001506805,159.91438293457,12.3811101913452,48.6877555847168,0.42559227347374,0,0,0,1,10.1825876235962
58.6399993896484,14782,0.600269973278046,137.336563110352,14.4957675933838,32.2080917358398,0.270599365234375,0,0,0,1,6.88682270050049
59.4309997558594,9972,0.493840008974075,129.395706176758,0,27.4167671203613,0.100280784070492,0,0,0,1,10.7190170288086
62.5530014038086,9603,0.624000012874603,204.756820678711,40.8583869934082,90.3988342285156,0.937207102775574,0,0,0,1,18.953218460083
59.1839981079102,3633,0.601960003376007,85.951171875,0.543519139289856,74.3737945556641,,0,0,0,1,12.5842275619507
60.439998626709,13174,0.747470021247864,198.589614868164,22.8207149505615,42.2119331359863,0.303628355264664,0,0,0,1,10.5059976577759
57.8240013122559,7525,0.516499996185303,121.346321105957,17.5668315887451,52.5049819946289,0.132890358567238,0,0,0,1,12.0141324996948
56.1619987487793,7637,0.410769999027252,69.3431625366211,4.57335710525513,15.2284927368164,0.130941465497017,0,0,0,1,3.98824095726013
53.8899993896484,13506,0.406040012836456,80.8877487182617,0.221282973885536,16.2224197387695,0.444247007369995,0,0,0,1,5.0530800819397
62.1879997253418,11009,0.539749979972839,89.2315216064453,14.865743637085,41.8475799560547,0.272504299879074,0,0,0,1,8.72146701812744
59.2840003967285,28731,0.511089980602264,106.214157104492,8.99376964569092,18.4504547119141,0.382861703634262,0,0,0,1,4.75702476501465
64.0970001220703,8144,0.554799973964691,129.075820922852,0.272663503885269,39.1453819274902,0.122789785265923,0,0,0,1,9.07619857788086
56.3230018615723,14629,0.629779994487763,83.7994689941406,8.4721097946167,18.0258388519287,0.0683573707938194,0,0,0,1,3.93316531181335
58.8240013122559,29451,0.508189976215363,106.170433044434,14.5911417007446,46.5586891174316,0.203728228807449,0,0,0,1,10.6839485168457
63.4900016784668,5681,0.555490016937256,147.116455078125,11.7853317260742,67.0480575561524,0.176025345921516,0,0,0,1,11.7469415664673
53.8300018310547,28835,0.412930011749268,92.0912322998047,0.587439000606537,28.7046985626221,0.41616091132164,0,0,0,1,3.96238780021668
51.689998626709,36013,0.552169978618622,94.0124664306641,7.7605414390564,34.7319030761719,0.13883875310421,0,0,0,1,6.00870418548584
58.8660011291504,6799,0.506550014019013,65.5725326538086,7.97907161712647,36.8289451599121,0.147080451250076,0,0,0,1,12.370192527771
61.5349998474121,4421,0.404529988765717,99.1569137573242,8.78841304779053,68.3103332519531,0.226193174719811,0,0,0,1,11.1929006576538
51.689998626709,11938,0.506319999694824,81.7064666748047,6.60164308547974,28.7736644744873,0.167532250285149,0,0,0,1,9.51793098449707
60.3489990234375,27679,0.477730005979538,107.707374572754,5.19909715652466,28.6679439544678,0.108385421335697,0,0,0,1,3.93318581581116
61.4529991149902,1254,0.658429980278015,149.94970703125,0,56.5390739440918,0.79744815826416,0,0,0,1,6.91081762313843
61.4529991149902,10986,0.492489993572235,77.4028167724609,0.20640954375267,30.1019477844238,0.273074835538864,0,0,0,1,7.01731967926025
60.5289993286133,6276,0.448850005865097,120.38306427002,0,33.7476081848145,0.956022918224335,0,0,0,1,8.60232543945313
59.4309997558594,9446,0.533980011940002,135.010375976563,0,25.1217441558838,0.10586491972208,0,0,0,1,5.98849105834961
60.2120018005371,7831,0.524339973926544,80.1353073120117,0,39.624568939209,0.383092850446701,0,0,0,1,5.08662557601929
54.7350006103516,6077,0.471139997243881,73.8086624145508,0,32.055290222168,0.164554879069328,0,0,0,1,8.39861297607422
59.181999206543,7201,0.461199998855591,97.1026382446289,7.62001609802246,38.328010559082,0.138869598507881,0,0,0,1,4.51768398284912
60.7239990234375,51891,0.508689999580383,126.084938049316,16.1583881378174,30.8377170562744,0.134898155927658,0,0,0,1,8.60410594940186
51.4199981689453,18728,0.501649975776672,105.921051025391,0.784380614757538,10.6025800704956,0.160187959671021,0,0,0,1,5.80627107620239
60.2200012207031,5436,0.465790003538132,78.8340530395508,18.3321762084961,32.615894317627,,0,0,0,1,7.85625743865967
61.2799987792969,4445,0.422650009393692,80.7159423828125,4.64347314834595,18.2630271911621,0.224971875548363,0,0,0,1,7.74929237365723
60.6570014953613,11595,0.456620007753372,64.1143264770508,0.725486993789673,26.7356624603272,0.258732199668884,0,0,0,1,4.87075757980347
57.8740005493164,12666,0.519320011138916,90.1887512207031,0,22.1853790283203,0.0789515227079392,0,0,0,1,6.75216150283814
57.3740005493164,127929,0.562799990177155,213.282180786133,48.976016998291,82.158073425293,0.664431035518646,0,0,0,1,21.2582912445068
58.2000007629395,38942,0.407559990882874,98.4492874145508,9.48366165161133,16.2010173797607,0.0770376473665237,0,0,0,1,3.69622445106506
62.5229988098145,43817,0.552779972553253,89.5725708007813,3.71635556221008,37.4078559875488,0.182577535510063,0,0,0,1,6.04286479949951
59.9039993286133,78409,0.591589987277985,227.412857055664,34.0048065185547,58.1196022033691,0.956522822380066,0,0,0,1,19.7042064666748
60.9720001220703,10588,0.451970010995865,109.713989257813,0,26.7000370025635,0.0944465398788452,0,0,0,1,4.67704200744629
60.7830009460449,16126,0.492570012807846,98.8877868652344,0.123718321323395,22.0885524749756,0.12402331829071,0,0,0,1,7.24642515182495
60.4729995727539,31163,0.546019971370697,133.612319946289,4.79149055480957,49.5459365844727,0.449250727891922,0,0,0,1,9.46683788299561
62.6020011901856,63162,0.548120021820068,143.018463134766,23.219388961792,62.2858695983887,0.174155339598656,0,0,0,1,13.1671895980835
54.7350006103516,14324,0.509350001811981,76.8672866821289,0,31.8207206726074,0.0698129013180733,0,0,0,1,4.67989587783814
60.9720001220703,2710,0.570070028305054,99.5280838012695,2.71288371086121,64.9446487426758,0.369003683328629,0,0,0,1,10.0512571334839
55.6220016479492,6882,0.453649997711182,85.9900741577149,16.7578639984131,50.5085716247559,0.145306602120399,0,0,0,1,9.10913181304932
59.8549995422363,20537,0.549520015716553,107.444313049316,12.4745626449585,53.6446418762207,0.146077811717987,0,0,0,1,9.70067977905273
62.0919990539551,11913,0.440079987049103,109.225204467773,0,22.4964332580566,0.0839419141411781,0,0,0,1,5.78369665145874
62.0379981994629,9789,0.512030005455017,124.344131469727,0,31.0859127044678,0.102155484259129,0,0,0,1,6.11113023757935
57.9459991455078,9701,0.525759994983673,75.4625091552734,13.8914222717285,30.5741672515869,0.103082157671452,0,0,0,1,6.71031045913696
62.0919990539551,5616,0.540650010108948,124.874671936035,0,34.1168098449707,0.356125354766846,0,0,0,1,5.62986135482788
59.4309997558594,4458,0.460770010948181,92.5425415039063,11.7319383621216,42.5751457214356,0.224315837025642,0,0,0,1,9.67321681976318
57.0999984741211,5073,0.6041100025177,226.010009765625,0.606675446033478,55.3715744018555,0.197122022509575,0,0,0,1,10.3015556335449
59.5110015869141,5621,0.48225998878479,92.3000030517578,0,24.56858253479,0.177904292941093,0,0,0,1,6.59197044372559
64.0490036010742,5537,0.568639993667603,100.97290802002,9.74610328674316,30.0343151092529,0.180603221058846,0,0,0,1,10.734842300415
53.0589981079102,6675,0.481660008430481,56.3421745300293,7.32981491088867,19.0561790466309,0.449438214302063,0,0,0,1,4.40824747085571
62.5870018005371,5200,0.461210012435913,145.8994140625,11.6380004882813,50.711540222168,0.192307695746422,0,0,0,1,14.3236398696899
57.9459991455078,6839,0.398660004138947,91.0562896728516,6.1651463508606,16.2011985778809,,0,0,0,1,2.29452013969421
57.3790016174316,7288,0.480069994926453,65.0573348999023,5.6928277015686,35.1811180114746,0.137211859226227,0,0,0,1,4.98568153381348
60.2200012207031,38172,0.485729992389679,105.274703979492,0.181906595826149,23.9835472106934,0.0785916373133659,0,0,0,1,6.04350233078003
62.1879997253418,5924,0.512669980525971,97.4628372192383,4.7130823135376,26.4179611206055,0.168804854154587,0,0,0,1,6.27497148513794
59.9039993286133,6525,0.539539992809296,109.359634399414,15.0999622344971,27.9693489074707,0.153256699442863,0,0,0,1,7.18718385696411
57.4119987487793,9728,0.544600009918213,132.980484008789,1.30091059207916,17.5575656890869,0.10279605537653,0,0,0,1,5.67168426513672
57.3790016174316,24829,0.496190011501312,75.2705383300781,7.86757373809815,24.6848449707031,0.0805509686470032,0,0,0,1,3.87698745727539
62.5900001525879,11520,0.570559978485107,110.941032409668,9.54958343505859,51.015625,0.173611104488373,0,0,0,1,12.4301242828369
65.2320022583008,44208,0.551829993724823,149.218399047852,0.0167088638991117,30.4899559020996,0.135722041130066,0,0,0,1,10.1598253250122
58.7620010375977,22147,0.566009998321533,107.940231323242,1.47299349308014,15.860011100769,0.270917057991028,0,0,0,1,5.10077619552612
62.5299987792969,13451,0.674969971179962,154.041320800781,14.4855146408081,42.4503746032715,0.371719568967819,0,0,0,1,6.95810651779175
57.3170013427734,5266,0.524779975414276,106.448150634766,0.932095468044281,26.4717044830322,,0,0,0,1,8.50493717193604
67.4499969482422,599272,0.619620025157929,376.611755371094,54.1065177917481,92.9312591552734,1.74545109272003,0,0,0,1,35.1061401367188
60.6510009765625,41328,0.54805999994278,106.602333068848,3.28578495979309,33.7495155334473,0.120983354747295,0,0,0,1,9.58199691772461
56.8320007324219,15913,0.570280015468597,138.958679199219,0,56.2621765136719,0.251366794109345,0,0,0,1,8.82767677307129
57.6990013122559,20600,0.576640009880066,177.132019042969,25.4822978973389,52.8252410888672,0.3398058116436,0,0,0,1,15.1435489654541
58.8240013122559,8079,0.448320001363754,87.3751831054688,6.77020168304443,27.0454273223877,0.123777695000172,0,0,0,1,5.62728118896484
60.9949989318848,7889,0.419609993696213,93.2995910644531,3.34800171852112,34.1741676330566,0.25351756811142,0,0,0,1,6.84456872940064
57.1969985961914,10191,0.419649988412857,126.896461486816,19.8887157440186,52.8211174011231,0.196251600980759,0,0,0,1,12.7920579910278
57.0209999084473,45505,0.538290023803711,146.486267089844,1.43173563480377,36.5300521850586,0.109878033399582,0,0,0,1,5.81247425079346
55.8310012817383,49259,0.577579975128174,116.949493408203,0.279032915830612,36.0856781005859,0.142106011509895,0,0,0,1,5.51083850860596
59.4510002136231,13219,0.619009971618652,84.0292587280274,3.76733350753784,15.8234882354736,0.151297375559807,0,0,0,1,4.63366651535034
54.3880004882813,8606,0.527190029621124,98.9971008300781,0,22.8096675872803,0.232396006584168,0,0,0,1,6.98324346542358
54.5890007019043,4806,0.619960010051727,96.7160949707031,0.563997507095337,58.2397003173828,0.208073243498802,0,0,0,1,7.38136339187622
64.6760025024414,13610,0.475899994373322,138.474670410156,15.5340766906738,28.7950038909912,0.367376923561096,0,0,0,1,7.27470350265503
62.1529998779297,25161,0.4444600045681,87.2812728881836,12.1510858535767,35.1178398132324,0.317952394485474,0,0,0,1,3.8967273235321
58.6570014953613,5086,0.578410029411316,114.642143249512,3.01311945915222,61.3448677062988,0.393236339092255,0,0,0,1,8.37058353424072
56.3110008239746,9516,0.544550001621246,94.2617950439453,0,40.2269859313965,0.210172340273857,0,0,0,1,4.26544904708862
60.4119987487793,46305,0.504050016403198,164.440078735352,14.5853471755981,88.0509643554688,0.604686319828033,0,0,0,1,7.45098733901978
59.6650009155274,60687,0.592159986495972,169.704864501953,12.381519317627,56.0527458190918,0.329559862613678,0,0,0,1,11.6392793655396
57.1969985961914,22508,0.532630026340485,120.41577911377,10.4086666107178,46.5523376464844,0.666429698467255,0,0,0,1,10.1393594741821
57.2120018005371,17409,0.490900009870529,88.8980560302734,5.99177026748657,40.272274017334,0.229766219854355,0,0,0,1,6.57629728317261
63.5769996643067,10578,0.471379995346069,128.401245117188,0.81697291135788,14.2749099731445,0.283607482910156,0,0,0,1,5.81213855743408
59.4510002136231,7387,0.548269987106323,78.869743347168,2.28739833831787,18.7085418701172,0.270745903253555,0,0,0,1,5.3539457321167
57.4029998779297,19610,0.536300003528595,107.098411560059,12.9854154586792,32.7314338684082,0.152983173727989,0,0,0,1,7.27151870727539
58.3349990844727,24491,0.675469994544983,130.793029785156,13.8196477890015,36.0132293701172,0.244987949728966,0,0,0,1,8.37749481201172
52.9620018005371,5412,0.571200013160706,77.583854675293,16.6282253265381,39.1167793273926,1.29342198371887,0,0,0,1,13.944938659668
60.2080001831055,14364,0.506160020828247,98.3725280761719,8.61870670318604,27.993595123291,0.487329423427582,0,0,0,1,5.8140754699707
64.7799987792969,38430,0.599849998950958,171.615631103516,0.610869228839874,63.2370529174805,0.520426750183106,0,0,0,1,17.0924224853516
58.9290008544922,14759,0.522189974784851,135.067245483398,25.2470855712891,22.6370353698731,0.13551053404808,0,0,0,1,7.29812335968018
62.8089981079102,19375,0.485610008239746,102.56519317627,0,42.9574203491211,0.0516129024326801,0,0,0,1,7.74125099182129
54.5890007019043,12929,0.40777999162674,83.3516998291016,0,46.9100456237793,0.154691010713577,0,0,0,1,1.84420573711395
57.1969985961914,27147,0.535570025444031,159.825271606445,16.7864265441895,59.6714172363281,0.221018895506859,0,0,0,1,14.8903303146362
61.6780014038086,36801,0.513949990272522,130.613800048828,4.64711093902588,28.8527126312256,0.788022041320801,0,0,0,1,4.28400278091431
54.5890007019043,25966,0.494929999113083,121.032981872559,0,35.9855194091797,0.0770237967371941,0,0,0,1,5.96272039413452
59.3810005187988,47918,0.522390007972717,103.512138366699,24.1808223724365,30.411828994751,0.250427812337875,0,0,0,1,5.84118747711182
62.0760002136231,33721,0.640339970588684,198.177124023438,0.199224144220352,51.4931335449219,0.26689600944519,0,0,0,1,15.5611257553101
55.6879997253418,51035,0.532959997653961,135.427764892578,2.37103891372681,66.8802719116211,0.254727154970169,0,0,0,1,10.100697517395
62.0390014648438,23282,0.560519993305206,142.24592590332,3.587810754776,59.5910987854004,0.3865647315979,0,0,0,1,10.2500705718994
60.2070007324219,61827,0.488240003585815,137.47705078125,38.7691802978516,48.6106033325195,0.129393309354782,0,0,0,1,9.46825695037842
61.5120010375977,15559,0.51858001947403,111.380813598633,12.8768157958984,28.6586532592773,0.128542959690094,0,0,0,1,7.88334131240845
59.2919998168945,12432,0.509230017662048,113.85424041748,0.295637726783752,45.4150581359863,0.321750313043594,0,0,0,1,4.81056213378906
59.3260002136231,17747,0.488909989595413,115.218116760254,3.67406606674194,21.5360336303711,0.0563475526869297,0,0,0,1,5.34695863723755
55.1559982299805,21318,0.503790020942688,86.5342025756836,0,33.9478378295898,0.187634855508804,0,0,0,1,4.6558256149292
62.3709983825684,17571,0.600750029087067,113.138565063477,2.39643168449402,27.2380619049072,0.626031517982483,0,0,0,1,3.74324226379395
57.6879997253418,13625,0.532720029354096,95.3475112915039,0,39.7577972412109,0.146788984537125,0,0,0,1,4.06565713882446
61.5359992980957,46507,0.522639989852905,141.503234863281,24.316125869751,79.7578887939453,0.365536361932755,0,0,0,1,7.38633060455322
59.4510002136231,11934,0.466919988393784,140.474136352539,0,30.8027477264404,0.167588397860527,0,0,0,1,5.47768545150757
62.9029998779297,165099,0.489349991083145,208.622467041016,41.0151863098145,89.4015121459961,0.387646198272705,0,0,0,1,21.2035980224609
59.7400016784668,22930,0.725629985332489,190.249801635742,0.598356485366821,47.7429733276367,0.305276930332184,0,0,0,1,14.3693656921387
54.5890007019043,10560,0.513629972934723,100.180061340332,4.06220006942749,65.2272720336914,0.094696968793869,0,0,0,1,5.02223443984985
58.9290008544922,15492,0.42620000243187,140.544418334961,11.020149230957,27.7498054504395,0.322747230529785,0,0,0,1,3.59928321838379
62.1710014343262,17565,0.571940004825592,127.239028930664,0.805180490016937,48.0444068908691,0.170794188976288,0,0,0,1,7.39556407928467
61.9939994812012,66652,0.583410024642944,174.923492431641,22.1043090820313,59.9306831359863,0.480105608701706,0,0,0,1,12.8541660308838
61.7690010070801,90519,0.632120013237,245.253616333008,24.6811504364014,77.3578720092774,0.607607245445252,0,0,0,1,26.7438716888428
56.6310005187988,14884,0.419090002775192,75.2433853149414,0.0920150503516197,33.1228179931641,0.201558724045753,0,0,0,1,1.73824489116669
59.6650009155274,20098,0.422690004110336,129.266952514648,30.8046607971191,35.3044471740723,0.149268582463264,0,0,0,1,4.39749526977539
56.8880004882813,8441,0.51800000667572,112.857192993164,0,13.8964576721191,0.118469372391701,0,0,0,1,3.41875815391541
60.9669990539551,6437,0.677779972553253,118.488807678223,3.80257177352905,25.4932422637939,0.310703754425049,0,0,0,1,6.06699562072754
59.6360015869141,20410,0.527740001678467,224.064575195313,4.37416982650757,100,2.69475746154785,0,0,0,1,12.8357362747192
55.1559982299805,17625,0.607680022716522,114.714721679688,19.9197769165039,38.9843978881836,0.226950347423553,0,0,0,1,8.75251483917236
60.6100006103516,15245,0.513090014457703,135.770095825195,3.53741049766541,53.9783554077149,0.131190553307533,0,0,0,1,7.56099939346314
65.9499969482422,1768637,0.639419972896576,500.789611816406,38.9130592346191,100,1.88110959529877,0,0,0,1,37.4006080627441
59.7830009460449,9704,0.62252002954483,127.385711669922,0,46.0943946838379,0.309150874614716,0,0,0,1,7.9514856338501
59.3779983520508,5565,0.535290002822876,107.782737731934,0.51347678899765,31.841869354248,0.359389036893845,0,0,0,1,4.17320156097412
59.3260002136231,14365,0.509850025177002,65.4469757080078,0.240880385041237,14.8030271530151,0.0696136429905891,0,0,0,1,0.515040397644043
56.8810005187988,41501,0.493380010128021,108.480369567871,1.10797965526581,38.3050994873047,0.072287417948246,0,0,0,1,4.69133949279785
55.1559982299805,4743,0.67849999666214,76.1751098632813,8.3213529586792,18.3639049530029,0.632511079311371,0,0,0,1,4.87623310089111
60.6100006103516,8079,0.561879992485046,127.115585327148,2.25395202636719,57.1357269287109,0.6188884973526,0,0,0,1,9.98398685455322
64.0920028686524,17562,0.395280003547668,131.796432495117,1.34315872192383,57.2144393920899,0.683293461799622,0,0,0,1,7.95439767837524
59.4360008239746,30312,0.574039995670319,125.954887390137,0,30.6314334869385,0.26392188668251,0,0,0,1,5.3479814529419
63.5769996643067,5293,0.42943999171257,125.566177368164,25.850923538208,29.6996040344238,0.18892876803875,0,0,0,1,12.8991527557373
59.0379981994629,17900,0.466109991073608,90.6460342407227,0,37.7821235656738,0.391061455011368,0,0,0,1,4.83515024185181
60.8419990539551,18283,0.498580008745194,166.854080200195,31.3881130218506,58.9946937561035,0.820434272289276,0,0,0,1,5.31419610977173
56.8769989013672,11253,0.409319996833801,90.9936218261719,10.1369018554688,17.8085842132568,0.5331911444664,0,0,0,1,5.10278749465942
60.3839988708496,20031,0.494940012693405,94.709587097168,5.7154655456543,29.9402294158936,0.199690476059914,0,0,0,1,11.1885986328125
60.8600006103516,8598,0.551949977874756,97.8164978027344,0,28.1926021575928,0.348918348550797,0,0,0,1,5.58393144607544
59.6650009155274,13661,0.534850001335144,186.217041015625,0.329255074262619,37.3325538635254,1.90322816371918,0,0,0,1,6.6233377456665
59.7400016784668,60466,0.534759998321533,129.919082641602,0.845485091209412,37.1497802734375,0.214996859431267,0,0,0,1,10.3022785186768
62.7890014648438,75649,0.610740005970001,247.577697753906,19.7414283752441,70.5180587768555,1.28223764896393,0,0,0,1,14.4222631454468
61.9939994812012,24031,0.511969983577728,115.756195068359,10.5004453659058,33.6482048034668,0.124838747084141,0,0,0,1,11.4594421386719
59.757999420166,10849,0.416180014610291,91.4724349975586,0,17.4005489349365,,0,0,0,1,2.18363213539124
59.6650009155274,11284,0.592190027236939,107.819076538086,1.12134122848511,46.4374351501465,0.620347380638123,0,0,0,1,12.8584442138672
62.7890014648438,35689,0.573310017585754,128.298141479492,1.00718927383423,49.6959838867188,0.0560396760702133,0,0,0,1,9.16122627258301
57.734001159668,35099,0.503430008888245,105.681709289551,0.0952368304133415,36.8415069580078,0.199435874819756,0,0,0,1,3.78645801544189
60.3520011901856,14015,0.479640007019043,111.396484375,17.7188091278076,48.9618263244629,0.356760621070862,0,0,0,1,12.6975040435791
59.3260002136231,17155,0.522130012512207,104.256126403809,6.15431261062622,44.9081916809082,0.174876123666763,0,0,0,1,10.0879526138306
57.8919982910156,5701,0.514010012149811,109.882835388184,16.3868637084961,56.3059120178223,0.877039134502411,0,0,0,1,9.59293937683105
59.0369987487793,33645,0.604820013046265,157.031982421875,22.6055393218994,56.3828201293945,0.0594441965222359,0,0,0,1,11.3233995437622
64.7279968261719,77263,0.53668999671936,111.949378967285,12.4410581588745,44.8727073669434,0.168256476521492,0,0,0,1,11.2089891433716
60.8030014038086,12854,0.522449970245361,97.2135925292969,0.804658532142639,38.6338882446289,0.622374355792999,0,0,0,1,8.31893157958984
59.6650009155274,25548,0.565500020980835,119.161643981934,19.059928894043,30.2137145996094,0.11742602288723,0,0,0,1,3.46099591255188
55.7109985351563,13853,0.383529990911484,85.3905487060547,11.6112680435181,28.8457374572754,0.0721865296363831,0,0,0,1,3.18857431411743
63.8499984741211,17580,0.478579998016357,119.391639709473,0,30.921501159668,0.341296941041946,0,0,0,1,9.99942302703857
63.8499984741211,7718,0.590799987316132,170.341156005859,0,37.2894515991211,0.259134501218796,0,0,0,1,10.6705665588379
63.8499984741211,32340,0.624239981174469,161.475540161133,25.61452293396,53.0550384521484,0.185528755187988,0,0,0,1,12.6731185913086
63.2610015869141,25917,0.488240003585815,145.754425048828,0.423473715782166,45.2753028869629,0.347262412309647,0,0,0,1,9.94645595550537
63.1180000305176,23964,0.514829993247986,107.498657226563,11.5938539505005,22.0709915161133,0.292104810476303,0,0,0,1,9.35790252685547
61.5050010681152,6863,0.544950008392334,112.221694946289,0,35.7715301513672,0.291417747735977,0,0,0,1,10.5917186737061
61.7690010070801,173566,0.592610001564026,245.171646118164,1.134516954422,94.9902572631836,0.535819232463837,0,0,0,1,20.8012371063232
58.6570014953613,21100,0.636609971523285,95.4247055053711,0.795404970645905,35.8312034606934,0.142180100083351,0,0,0,1,6.18057870864868
61.2700004577637,30751,0.606180012226105,121.436637878418,2.88512706756592,47.9919357299805,0.195115610957146,0,0,0,1,10.8485345840454
64.9250030517578,41700,0.544260025024414,189.561599731445,10.4793395996094,55.9760208129883,0.575539588928223,0,0,0,1,18.2838134765625
60.2080001831055,12660,0.499020010232925,90.1834869384766,16.7126789093018,28.7914695739746,0.473933637142181,0,0,0,1,5.78298234939575
63.9500007629395,157151,0.457329988479614,193.703125,69.3670425415039,99.5267562866211,0.820866584777832,0,0,0,1,20.8180656433105
61.2369995117188,71705,0.494049996137619,162.733139038086,34.6874771118164,72.4552001953125,0.641517341136932,0,0,0,1,15.3329820632935
56.8769989013672,20704,0.47664999961853,120.44603729248,0.10521125048399,41.272216796875,0.289799064397812,0,0,0,1,9.02524375915527
54.5890007019043,6447,0.471340000629425,106.69303894043,0,66.9924011230469,0.620443642139435,0,0,0,1,10.9298048019409
59.3260002136231,23689,0.675670027732849,162.403930664063,4.09177684783936,53.8562202453613,0.126641049981117,0,0,0,1,7.6387996673584
62.7319984436035,37153,0.561710000038147,95.7861862182617,1.28320300579071,38.4087409973145,0.0269157271832228,0,0,0,1,7.83286094665527
59.1349983215332,10446,0.43698000907898,99.3781967163086,0.231889545917511,37.2391357421875,0.191460847854614,0,0,0,1,7.4063458442688
61.9179992675781,24187,0.591849982738495,129.797409057617,0.786263465881348,38.8183746337891,0.0826890468597412,0,0,0,1,9.90476036071777
60.1380004882813,12019,0.443650007247925,78.5661392211914,4.25607824325562,31.4086036682129,0.249604791402817,0,0,0,1,8.9740514755249
59.3260002136231,10052,0.386810004711151,77.2812728881836,11.354941368103,38.349479675293,0.29844805598259,0,0,0,1,4.78509664535523
60.1990013122559,29228,0.522449970245361,123.145050048828,0,37.443546295166,0.273710131645203,0,0,0,1,7.48290538787842
58.3129997253418,40833,0.635959982872009,113.591018676758,4.12843084335327,33.2436943054199,0.171429976820946,0,0,0,1,7.70251131057739
59.757999420166,15527,0.574530005455017,83.8066864013672,0,36.4011077880859,0.386423647403717,0,0,0,1,8.34541702270508
64.8369979858398,58912,0.515789985656738,137.755813598633,37.147647857666,44.9806480407715,0.0509234108030796,0,0,0,1,9.97896194458008
59.7830009460449,6272,0.548210024833679,119.554626464844,0,37.1970672607422,0.159438773989677,0,0,0,1,10.7973489761353
55.734001159668,14526,0.51554000377655,101.152587890625,15.9828758239746,38.7098999023438,0.0688420757651329,0,0,0,1,8.22174167633057
59.3260002136231,11952,0.468120008707047,101.712890625,0.410913825035095,43.4966011047363,0.0836680084466934,0,0,0,1,4.84832572937012
64.1490020751953,7842,0.506150007247925,144.614715576172,1.91708362102509,38.5488395690918,1.14766645431519,0,0,0,1,8.22813987731934
59.9510002136231,11354,0.540629982948303,107.275299072266,13.3529767990112,42.2934646606445,0.0880746841430664,0,0,0,1,9.27306365966797
60.4809989929199,37832,0.58117002248764,122.174415588379,1.41456353664398,54.2556571960449,0.132163241505623,0,0,0,1,9.36383438110352
60.7919998168945,26318,0.527440011501312,113.392921447754,0,35.1508483886719,0.0379968099296093,0,0,0,1,6.72869873046875
58.9290008544922,19828,0.438479989767075,85.1135482788086,0,26.1347579956055,0.0504337288439274,0,0,0,1,6.35064649581909
59.7400016784668,22014,0.550909996032715,130.460723876953,38.6152763366699,64.6043395996094,0.635958909988403,0,0,0,1,11.0848217010498
60.8419990539551,31800,0.523649990558624,202.066284179688,10.2394504547119,71.2264175415039,0.723270416259766,0,0,0,1,10.9645862579346
63.6769981384277,60148,0.404170006513596,164.384323120117,13.7982349395752,89.1567459106445,0.53202098608017,0,0,0,1,13.2041454315186
63.5769996643067,10100,0.513759970664978,140.399703979492,30.6485900878906,31.475248336792,0.0990099012851715,0,0,0,1,8.53208065032959
60.6100006103516,5006,0.797950029373169,254.493362426758,22.9127922058105,45.7850570678711,0.399520576000214,0,0,0,1,11.1043977737427
63.2610015869141,7946,0.48691999912262,79.0755615234375,0,44.3619422912598,0.251698970794678,0,0,0,1,8.37733840942383
64.1490020751953,10236,0.512070000171661,156.859893798828,1.58280599117279,36.3911666870117,0.586166501045227,0,0,0,1,13.1185779571533
58.3349990844727,20942,0.507160007953644,153.188003540039,0.335023820400238,53.2279624938965,0.0955018624663353,0,0,0,1,12.5662527084351
60.7299995422363,19791,0.595329999923706,163.609848022461,0,39.6190185546875,0.353696137666702,0,0,0,1,12.4798021316528
62.5180015563965,30079,0.518800020217896,131.505615234375,0.594008207321167,27.4211235046387,0.199474722146988,0,0,0,1,8.13854694366455
58.3250007629395,10447,0.446630001068115,93.8786392211914,0,26.8306694030762,0.287163764238358,0,0,0,1,2.53203058242798
56.8880004882813,38800,0.50366997718811,100.996704101563,0.44663992524147,31.7525768280029,0.257731944322586,0,0,0,1,5.46806764602661
62.0760002136231,6435,0.575559973716736,101.710525512695,0,41.9114227294922,0.155400156974792,0,0,0,1,14.0801429748535
56.3110008239746,32252,0.472030013799667,120.01545715332,5.72854328155518,51.4417724609375,0.279052466154099,0,0,0,1,10.9241762161255
61.5999984741211,14792,0.588599979877472,87.6928253173828,0,27.4945907592773,0.20281232893467,0,0,0,1,7.64209985733032
60.2709999084473,12442,0.529449999332428,144.097290039063,16.5875225067139,33.6360702514648,0.321491718292236,0,0,0,1,7.59891319274902
60.5730018615723,13097,0.535239994525909,106.638763427734,0.607370436191559,33.0533714294434,0.305413454771042,0,0,0,1,5.83059215545654
57.8549995422363,9472,0.449999988079071,87.9777984619141,8.87151336669922,16.4907093048096,,0,0,0,1,3.92224264144897
57.8549995422363,11057,0.499639987945557,88.6075057983399,0,40.5715827941895,0.361761778593063,0,0,0,1,4.81920623779297
59.9510002136231,15027,0.563499987125397,121.323150634766,0,22.4529190063477,0.732015728950501,0,0,0,1,8.34838008880615
61.2869987487793,8148,0.595489978790283,105.540405273438,12.9319067001343,40.7584686279297,0.122729502618313,0,0,0,1,8.92924118041992
61.5999984741211,5784,0.557359993457794,95.487419128418,11.3002252578735,25.6581268310547,0.172890737652779,0,0,0,1,4.10291433334351
59.757999420166,17345,0.460700005292893,59.9862747192383,1.07031178474426,14.9610834121704,0.115307003259659,0,0,0,1,3.15209460258484
61.6650009155273,72224,0.58814001083374,169.351699829102,10.3086977005005,54.5580406188965,0.553832530975342,0,0,0,1,15.5472192764282
59.7400016784668,15679,0.555970013141632,139.966156005859,0,16.4232406616211,0.127559155225754,0,0,0,1,3.44383668899536
62.6209983825684,59100,0.649320006370544,161.404296875,1.85482883453369,43.5469055175781,0.355329960584641,0,0,0,1,11.3668088912964
63.2610015869141,13801,0.519240021705627,142.711547851563,34.9226570129395,48.4892387390137,0.724585175514221,0,0,0,1,9.57421398162842
60.8030014038086,22757,0.444099992513657,132.813873291016,11.4705562591553,47.0975952148438,0.263655126094818,0,0,0,1,12.0631704330444
62.7890014648438,17305,0.521770000457764,126.786560058594,1.63205933570862,46.9228553771973,0.288933843374252,0,0,0,1,6.89100456237793
63.4519996643066,46566,0.584869980812073,205.684097290039,2.45720362663269,58.133228302002,0.150324270129204,0,0,0,1,15.8557777404785
54.5960006713867,15461,0.439639985561371,80.8517913818359,1.83501732349396,35.4828262329102,0.258715480566025,0,0,0,1,5.38325786590576
58.5120010375977,12645,0.44293001294136,68.9646072387695,5.05198574066162,26.2633457183838,,0,0,0,1,1.44479954242706
57.3940010070801,22447,0.495009988546372,123.757965087891,3.6430025100708,38.8871574401855,0.579141974449158,0,0,0,1,8.64936637878418
59.9510002136231,15403,0.520659983158112,111.895805358887,14.7431392669678,36.9992866516113,0.714146614074707,0,0,0,1,8.00879669189453
59.0379981994629,49343,0.53491997718811,95.4717559814453,2.1453742980957,32.2447204589844,0.202662989497185,0,0,0,1,6.40687322616577
57.806999206543,36700,0.567460000514984,115.112174987793,0.860631823539734,41.5749320983887,0.0817438662052155,0,0,0,1,7.77068614959717
58.3349990844727,29286,0.459679991006851,134.566482543945,0.709169685840607,61.459400177002,0.648774147033691,0,0,0,1,9.15324592590332
63.2610015869141,8018,0.508419990539551,159.588607788086,15.0536470413208,31.4168128967285,0.249438762664795,0,0,0,1,14.713339805603
57.875,10609,0.510420024394989,175.064270019531,2.2643518447876,65.3596038818359,0.659817159175873,0,0,0,1,14.8552217483521
56.8880004882813,26597,0.666459977626801,183.120239257813,1.60307717323303,54.8182144165039,0.413580477237701,0,0,0,1,13.7936773300171
60.8600006103516,5175,0.314529985189438,103.891174316406,0,60,0.193236708641052,0,0,0,1,4.24582004547119
60.6100006103516,127489,0.593879997730255,222.379943847656,13.5737810134888,81.4721298217773,0.486316472291946,0,0,0,1,19.2235527038574
60.1380004882813,15831,0.559970021247864,112.227203369141,5.70020723342896,35.5189170837402,0.189501613378525,0,0,0,1,7.57663774490356
63.2610015869141,25106,0.54067999124527,202.176071166992,0.346118956804276,50.5337371826172,0.159324467182159,0,0,0,1,13.300220489502
59.757999420166,26260,0.476489990949631,98.9669723510742,1.65410888195038,32.4942893981934,0.0380807295441628,0,0,0,1,4.64364051818848
58.6570014953613,10113,0.495020002126694,50.484432220459,0.182188853621483,11.4209432601929,,0,0,0,1,4.0023045539856
63.1879997253418,51339,0.613399982452393,141.186386108398,3.55462622642517,43.8340606689453,0.155826956033707,0,0,0,1,9.70483016967773
59.0800018310547,11805,0.515749990940094,83.5240020751953,13.7468690872192,18.7462940216064,0.16941973567009,0,0,0,1,3.45041823387146
60.2630004882813,44005,0.60232001543045,174.672149658203,0.940822422504425,57.7502555847168,0.227246910333633,0,0,0,1,10.8985271453857
62.1529998779297,36344,0.525770008563995,102.81657409668,12.2497262954712,21.0791320800781,0.0275148581713438,0,0,0,1,5.11913108825684
60.8330001831055,9916,0.413549989461899,88.014762878418,6.4940357208252,36.809196472168,0.100847117602825,0,0,0,1,10.3014497756958
59.4360008239746,23374,0.527760028839111,138.855499267578,0.749952614307404,38.9877624511719,0.128347739577293,0,0,0,1,8.14577960968018
52.9620018005371,7896,0.595099985599518,71.0662384033203,2.67699527740479,33.8779144287109,0.379939198493958,0,0,0,1,8.92796897888184
54.5890007019043,15331,0.477090001106262,101.819969177246,8.17621803283691,50.5185585021973,0.521818518638611,0,0,0,1,5.28292798995972
60.8330001831055,13518,0.478309988975525,137.568267822266,1.15533947944641,61.3478317260742,0.369877189397812,0,0,0,1,13.4465007781982
59.7830009460449,10220,0.479409992694855,92.0464782714844,0,43.2485313415527,0.0978473573923111,0,0,0,1,4.27172899246216
62.7890014648438,13465,0.618770003318787,148.195571899414,0.768947303295136,74.0661010742188,0.222799852490425,0,0,0,1,9.43321704864502
59.734001159668,31331,0.590659976005554,96.5528259277344,0.602793991565704,45.8597373962402,0.319172710180283,0,0,0,1,9.60146141052246
59.673999786377,40865,0.510990023612976,97.5204849243164,0.212224707007408,25.7065944671631,0.122354090213776,0,0,0,1,4.42922878265381
63.5999984741211,10983,0.561439990997315,197.434448242188,12.93776512146,71.0825805664063,0.455249011516571,0,0,0,1,19.4151554107666
57.5009994506836,43591,0.551919996738434,218.363632202148,18.1383399963379,67.6745223999023,0.458810299634934,0,0,0,1,19.861011505127
58.7019996643067,10733,0.470389991998673,114.38419342041,0.389085918664932,56.3123092651367,0.0931705981492996,0,0,0,1,12.280722618103
55.6549987792969,2309,0.521420001983643,137.065124511719,0,51.6673889160156,0.433087915182114,0,0,0,1,15.0089721679688
61.2820014953613,14580,0.617160022258759,160.830139160156,3.27750897407532,57.4759941101074,,0,0,0,1,14.0416049957275
59.5239982604981,5698,0.584529995918274,137.21467590332,0,53.316951751709,0.877500891685486,0,0,0,1,19.105281829834
58.1080017089844,8247,0.450839996337891,150.475555419922,2.33308815956116,64.5446853637695,0.606281101703644,0,0,0,1,11.4137506484985
63.8740005493164,14476,0.485720008611679,136.009292602539,0.772903800010681,77.024040222168,0.552638828754425,0,0,0,1,18.0467891693115
60.0229988098145,7564,0.706319987773895,105.534454345703,0,38.6303558349609,0.396615535020828,0,0,0,1,10.0899353027344
59.7560005187988,31175,0.525529980659485,149.62385559082,2.06875944137573,44.4715309143066,0.352846831083298,0,0,0,1,14.1558084487915
61.0789985656738,21216,0.512709975242615,208.539443969727,10.4950981140137,80.1423416137695,0.188536956906319,0,0,0,1,21.5452899932861
56.8839988708496,11140,0.420709997415543,138.563278198242,36.0879325866699,49.3357276916504,0.359066426753998,0,0,0,1,11.7856101989746
54.8440017700195,12437,0.486790001392365,102.243843078613,15.7003488540649,42.3333587646484,0.321620970964432,0,0,0,1,8.53931427001953
60.7750015258789,7223,0.489389985799789,146.681137084961,0.573320627212524,76.0764236450195,1.38446629047394,0,0,0,1,12.5217113494873
56.3619995117188,15471,0.468560010194778,132.016906738281,0,56.6931686401367,0.0646370649337769,0,0,0,1,7.3326735496521
56.1679992675781,3655,0.457899987697601,103.370735168457,0,35.9350814819336,1.09439122676849,0,0,0,1,6.01909446716309
57.8549995422363,4463,0.473199993371964,86.217155456543,0,41.3399047851563,0.224064528942108,0,0,0,1,8.69968509674072
63.2960014343262,7197,0.41482999920845,131.73811340332,2.41186118125916,61.5534248352051,0.694733917713165,0,0,0,1,10.2339286804199
59.8190002441406,8033,0.454780012369156,125.017021179199,56.1892700195313,58.4339599609375,0.124486491084099,0,0,0,1,8.46983528137207
54.1100006103516,2616,0.382360011339188,85.0249328613281,0,54.7018356323242,0.382263004779816,0,0,0,1,5.29013729095459
64.6579971313477,50640,0.572430014610291,304.683288574219,63.0129241943359,84.4845962524414,1.06635069847107,0,0,0,1,25.9778804779053
56.1679992675781,9349,0.505789995193481,125.059143066406,3.62180137634277,44.9780731201172,0.213926628232002,0,0,0,1,10.7877540588379
55.3370018005371,22919,0.441870003938675,127.248153686523,24.5903759002686,61.2810325622559,0.741742670536041,0,0,0,1,9.19694328308105
55.9000015258789,20248,0.559790015220642,125.293434143066,7.38910722732544,52.7261962890625,0.642038702964783,0,0,0,1,14.0116291046143
64.5059967041016,5608,0.419979989528656,177.498001098633,0,70.5599136352539,0.891583442687988,0,0,0,1,18.049222946167
57.1829986572266,10461,0.546090006828308,163.780624389648,0.348287135362625,36.5930595397949,0.860338389873505,0,0,0,1,7.04338455200195
59.0620002746582,52157,0.468400001525879,163.670532226563,56.0888519287109,49.853328704834,0.575186431407929,0,0,0,1,13.768853187561
53.4720001220703,10526,0.463889986276627,103.226699829102,35.4578704833984,38.1816444396973,0.570017099380493,0,0,0,1,9.16750049591064
61.5369987487793,5909,0.498730003833771,88.3134765625,0,26.5696392059326,0.338466733694077,0,0,0,1,9.75074100494385
55.6549987792969,4725,0.592450022697449,74.6801147460938,0,31.6825389862061,0.423280417919159,0,0,0,1,10.0497541427612
61.9259986877442,7885,0.508490025997162,209.983322143555,72.3756790161133,66.3792037963867,0.126823082566261,0,0,0,1,16.5485420227051
61.7809982299805,40227,0.630630016326904,265.206237792969,74.6113357543945,83.4830627441406,0.372883886098862,0,0,0,1,21.5915298461914
55.6549987792969,6448,0.507560014724731,90.3690872192383,0,31.3120346069336,0.310173690319061,0,0,0,1,13.6571950912476
60.5639991760254,63312,0.506860017776489,322.994781494141,83.4559478759766,76.7516403198242,0.742355346679688,0,0,0,1,29.463794708252
58.3230018615723,4720,0.434740006923676,98.0136337280273,1.06216835975647,44.5338973999024,0.423728823661804,0,0,0,1,13.6165409088135
61.9790000915527,5492,0.502659976482391,137.15788269043,33.0995903015137,61.3983993530274,0.728332102298737,0,0,0,1,8.73157691955566
52.4109992980957,10121,0.365420013666153,101.813735961914,1.16505062580109,49.5702018737793,0.39521786570549,0,0,0,1,6.07699108123779
60.4729995727539,14941,0.444929987192154,178.01237487793,63.6746330261231,54.6750564575195,0.0669299215078354,0,0,0,1,15.5832624435425
55.9000015258789,6042,0.528930008411408,157.571395874023,0.275774866342545,50.993049621582,0.165508106350899,0,0,0,1,13.1634998321533
60.5359992980957,12424,0.520810008049011,110.478660583496,25.7901439666748,43.7942695617676,0.241468131542206,0,0,0,1,12.887770652771
56.5050010681152,3267,0.449070006608963,110.474655151367,0,38.9654121398926,0.612182438373566,0,0,0,1,17.9825668334961
59.8370018005371,4642,0.508660018444061,100.82014465332,0,52.9082298278809,0.861697554588318,0,0,0,1,15.7199621200562
57.507999420166,1265,0.41185998916626,122.02033996582,0,65.0592880249024,0.790513813495636,0,0,0,1,5.33777189254761
56.7470016479492,17496,0.491230010986328,160.480316162109,26.9328880310059,56.4643363952637,0.571559190750122,0,0,0,1,9.66511631011963
55.9000015258789,10447,0.492110013961792,151.304275512695,0,47.506462097168,,0,0,0,1,14.5901927947998
61.0789985656738,9306,0.381190001964569,142.567764282227,0,74.1134719848633,0.214915111660957,0,0,0,1,12.9986982345581
57.507999420166,6082,0.497610002756119,169.371231079102,1.66336190700531,42.2221488952637,0.493258804082871,0,0,0,1,9.2952299118042
56.5139999389649,9106,0.452300012111664,118.18537902832,0,9.97900867462158,0.219635412096977,0,0,0,1,4.92818450927734
55.7029991149902,16021,0.361449986696243,108.87255859375,27.3768272399902,23.7688026428223,0.561762690544128,0,0,0,1,10.9678192138672
61.9790000915527,1701,0.473520010709763,197.355117797852,0.945292890071869,64.0913009643555,1.1757789850235,0,0,0,1,17.9417018890381
61.2820014953613,4901,0.615729987621307,171.838653564453,0,74.4337921142578,0.408079981803894,0,0,0,1,16.892557144165
56.1679992675781,6859,0.534460008144379,117.626647949219,0.221838414669037,64.4991989135742,0.291587680578232,0,0,0,1,13.7137269973755
52.1230010986328,5444,0.4341000020504,105.198905944824,0.245645076036453,58.8905220031738,0.183688461780548,0,0,0,1,7.64449691772461
56.6730003356934,5983,0.570519983768463,120.14916229248,0,55.7579803466797,1.00284135341644,0,0,0,1,14.6601791381836
56.5139999389649,6659,0.494329988956451,122.55835723877,0,28.547830581665,0.30034539103508,0,0,0,1,6.88472938537598
57.7999992370606,6072,0.551500022411346,100.417877197266,0.232202455401421,54.6772079467774,0.329380750656128,0,0,0,1,8.39989566802979
58.7019996643067,2439,0.44922998547554,122.579666137695,58.4690437316895,22.3862247467041,0.410004109144211,0,0,0,1,6.58562850952148
64.6579971313477,9957,0.549489974975586,221.724212646484,52.482551574707,60.2390289306641,0.703023016452789,0,0,0,1,11.9412183761597
62.0130004882813,11840,0.50916999578476,209.550567626953,58.6300354003906,72.2128372192383,0.506756782531738,0,0,0,1,14.4335384368896
60.4900016784668,25854,0.511820018291473,151.407180786133,0.2042056620121,68.4381561279297,0.464144825935364,0,0,0,1,12.2034883499146
59.3639984130859,2654,0.617470026016235,94.3606033325195,0,32.7807083129883,0.376789748668671,0,0,0,1,4.53194427490234
57.8549995422363,5531,0.575929999351502,88.0447387695313,0.0836674273014069,46.2122573852539,1.08479475975037,0,0,0,1,10.5083084106445
57.1829986572266,14684,0.547029972076416,149.670547485352,20.4425239562988,50.2383537292481,0.408608019351959,0,0,0,1,8.10241413116455
54.8300018310547,5071,0.485469996929169,104.481781005859,0,49.7337799072266,0.197199761867523,0,0,0,1,10.1022930145264
59.5349998474121,5049,0.410510003566742,89.6749725341797,0,35.8882942199707,0.198059022426605,0,0,0,1,5.79669046401978
56.1679992675781,1968,0.452050000429153,128.72412109375,0,51.473575592041,0.508130073547363,0,0,0,1,5.98250007629395
55.5519981384277,10786,0.500450015068054,98.1549911499024,8.12947368621826,41.8969039916992,0.0927127748727798,0,0,0,1,8.55139827728272
57.1160011291504,6130,0.469240009784699,111.817115783691,0,48.4339332580566,0.489396423101425,0,0,0,1,7.30767726898193
55.0999984741211,8687,0.558979988098145,144.333023071289,15.6079320907593,81.3744659423828,0.115114539861679,0,0,0,1,13.724440574646
61.8199996948242,4459,0.485520005226135,99.7442092895508,8.53749656677246,37.9681549072266,0.448531061410904,0,0,0,1,12.356556892395
59.3639984130859,2967,0.619920015335083,133.863494873047,0,59.6562194824219,0.674081563949585,0,0,0,1,18.2087650299072
61.2379989624024,11336,0.600589990615845,105.045356750488,0.124806381762028,56.4749488830567,0.441072702407837,0,0,0,1,12.1692895889282
59.0620002746582,43450,0.466060012578964,172.386978149414,19.4101066589355,66.787109375,0.782508611679077,0,0,0,1,15.3446807861328
60.7750015258789,25985,0.582199990749359,226.227233886719,75.5239486694336,75.7975769042969,0.731191098690033,0,0,0,1,20.6131286621094
56.5660018920899,8813,0.536650002002716,87.4284515380859,0,38.2503128051758,,0,0,0,1,9.28721618652344
60.0229988098145,12299,0.592700004577637,118.503753662109,0.627109527587891,42.9303207397461,0.243922263383865,0,0,0,1,13.9516382217407
54.0559997558594,13518,0.468580007553101,155.661254882813,0.858959436416626,17.6209506988525,0.147950887680054,0,0,0,1,7.19605398178101
54.8440017700195,3413,0.575049996376038,115.713973999023,0,65.5728073120117,1.17198944091797,0,0,0,1,19.8099670410156
53.0050010681152,9624,0.613210022449493,138.671508789063,63.342700958252,69.5968399047852,0.311720699071884,0,0,0,1,7.19749546051025
61.609001159668,15871,0.497269988059998,126.46346282959,2.98875904083252,29.5948581695557,0.0630080029368401,0,0,0,1,9.23711967468262
61.8199996948242,2761,0.525529980659485,108.10132598877,0,48.0622978210449,1.08656287193298,0,0,0,1,9.3377857208252
61.0789985656738,192267,0.574670016765595,288.23193359375,35.5145530700684,92.2316360473633,0.967404723167419,0,0,0,1,27.0811061859131
66.5899963378906,606887,0.600709974765778,547.460632324219,81.2888717651367,100,2.0629870891571,0,0,0,1,40.473747253418
58.7309989929199,13934,0.642149984836578,234.997467041016,11.3211479187012,43.2252044677734,0.0717668980360031,0,0,0,1,10.4080114364624
56.3129997253418,30053,0.531069993972778,145.39665222168,10.0913095474243,59.7377967834473,0.399294584989548,0,0,0,1,11.7002353668213
60.0229988098145,4576,0.525820016860962,123.582046508789,0,59.2438812255859,0.655594408512116,0,0,0,1,16.4453411102295
61.9790000915527,4545,0.488819986581802,164.160858154297,2.91876792907715,52.9592971801758,,0,0,0,1,12.9861612319946
57.5740013122559,3510,0.586929976940155,94.3583068847656,0,13.8088598251343,0.284900277853012,0,0,0,1,10.4158926010132
54.8440017700195,4008,0.620119988918304,134.771575927734,2.74358630180359,64.8952102661133,0.249501004815102,0,0,0,1,14.6140756607056
54.431999206543,3980,0.401800006628037,91.6977615356445,1.38461685180664,64.271354675293,0.502512574195862,0,0,0,1,7.77606105804443
64.5059967041016,17575,0.546280026435852,174.090072631836,24.1638832092285,76,0.284495025873184,0,0,0,1,18.4492073059082
55.5519981384277,6523,0.564170002937317,114.776489257813,0,46.7422981262207,0.613214790821075,0,0,0,1,9.06307506561279
63.2960014343262,2449,0.436679989099503,110.105346679688,0,44.7121276855469,,0,0,0,1,11.4099855422974
58.185001373291,11741,0.564490020275116,160.589492797852,2.60074234008789,72.7621154785156,1.02205944061279,0,0,0,1,17.7991561889648
61.2820014953613,20827,0.618420004844666,294.9775390625,7.22320795059204,85.3795547485352,1.82455468177795,0,0,0,1,22.9002571105957
52.5550003051758,3489,0.50765997171402,114.243118286133,4.56634950637817,34.0498695373535,0.573230147361755,0,0,0,1,5.08149337768555
54.9440002441406,2710,0.531610012054443,126.127990722656,0,20.7282848358154,0.738007366657257,0,0,0,1,10.6992044448853
54.9440002441406,11447,0.445930004119873,119.749771118164,0,47.1739311218262,,0,0,0,1,9.54183483123779
63.2849998474121,12756,0.532079994678497,142.692092895508,2.71771550178528,41.4471626281738,0.39197239279747,0,0,0,1,9.78572368621826
52.1609992980957,11055,0.529799997806549,162.063400268555,5.19729566574097,75.6761627197266,0.542740821838379,0,0,0,1,14.1390695571899
59.0289993286133,2161,0.593649983406067,145.35417175293,0,63.9518737792969,0.462748736143112,0,0,0,1,6.36201333999634
60.4900016784668,10455,0.479200005531311,116.700668334961,0.565677344799042,52.950740814209,0.286944031715393,0,0,0,1,9.4357442855835
56.9029998779297,6357,0.536490023136139,99.910774230957,0,34.0726776123047,0.157306909561157,0,0,0,1,10.3370180130005
58.3030014038086,5995,0.548259973526001,122.634788513184,0.267148673534393,50.4253540039063,0.333611339330673,0,0,0,1,9.75643157958984
52.5550003051758,6806,0.393319994211197,94.3025588989258,0,29.9735527038574,0.146929174661636,0,0,0,1,7.1608510017395
60.5359992980957,3332,0.474229991436005,128.156188964844,0,45.888355255127,0.600240111351013,0,0,0,1,14.8275556564331
56.4650001525879,2979,0.539969980716705,106.019287109375,1.99984514713287,48.304801940918,0.335683107376099,0,0,0,1,18.5360717773438
57.9739990234375,2558,0.446110010147095,114.839309692383,0,73.0593414306641,0.781860828399658,0,0,0,1,9.61001014709473
57.1020011901856,3980,0.59349000453949,64.7429428100586,0,29.8241214752197,0.251256287097931,0,0,0,1,12.2202911376953
61.609001159668,5816,0.390949994325638,93.0107116699219,16.9733600616455,59.4910583496094,0.343878954648972,0,0,0,1,9.10840320587158
60.5359992980957,5257,0.418029993772507,95.8816223144531,0,65.9691848754883,0.760890245437622,0,0,0,1,8.58464431762695
56.617000579834,3304,0.447140008211136,63.8634567260742,0,35.1997566223145,0.605326890945435,0,0,0,1,5.04525279998779
60.7890014648438,28654,0.531859993934631,162.270492553711,0.983172476291656,76.0207977294922,1.0469743013382,0,0,0,1,19.6323738098145
53.8810005187988,17188,0.441769987344742,83.2317581176758,1.41645014286041,41.1042594909668,0.698161482810974,0,0,0,1,6.07654619216919
61.9790000915527,2510,0.41907998919487,126.847801208496,0,41.5139427185059,1.59362554550171,0,0,0,1,11.719030380249
61.609001159668,19217,0.580169975757599,162.816177368164,1.88633155822754,50.9652900695801,0.988707900047302,0,0,0,1,11.8626403808594
57.507999420166,8943,0.409680008888245,112.506446838379,0,74.5834732055664,0.111819297075272,0,0,0,1,8.73196411132813
61.2039985656738,3239,0.578170001506805,101.58780670166,0.656664907932282,31.15159034729,0.617474555969238,0,0,0,1,12.1088104248047
60.1440010070801,3504,0.463239997625351,160.244400024414,0,38.2134704589844,0.285388141870499,0,0,0,1,13.3886651992798
59.0289993286133,2795,0.547249972820282,152.690734863281,0,56.4579620361328,0.715563535690308,0,0,0,1,14.4471054077148
60.7750015258789,45461,0.40378001332283,183.281936645508,6.69731712341309,18.1276264190674,0.461934417486191,0,0,0,1,18.9844398498535
64.6579971313477,5483,0.522560000419617,205.659927368164,38.2100677490234,68.2837829589844,0.364763826131821,0,0,0,1,17.8657531738281
59.0620002746582,28151,0.488609999418259,172.511947631836,0.281298577785492,45.6751098632813,0.142090871930122,0,0,0,1,13.2950391769409
56.1679992675781,11826,0.543110013008118,139.347274780273,10.7708854675293,68.4339599609375,0.0845594480633736,0,0,0,1,10.34215259552
64.5059967041016,3177,0.589540004730225,203.501129150391,43.0262336730957,55.932243347168,0.314762353897095,0,0,0,1,17.7934703826904
56.8930015563965,21286,0.566489994525909,125.417404174805,0,43.9349822998047,0.234896183013916,0,0,0,1,8.7018461227417
56.1679992675781,14559,0.518639981746674,130.429626464844,0.713610351085663,57.0368843078613,0.343430191278458,0,0,0,1,9.9671688079834
58.6189994812012,7019,0.538969993591309,120.61164855957,0.41511669754982,33.3665771484375,0.142470434308052,0,0,0,1,8.11292457580566
60.0229988098145,7843,0.533420026302338,117.345336914063,46.7713928222656,57.9752655029297,0.255004465579987,0,0,0,1,12.3429145812988
55.5940017700195,11465,0.504700005054474,115.398872375488,25.081579208374,43.4627113342285,0.174443960189819,0,0,0,1,9.50173759460449
55.5519981384277,4980,0.507979989051819,139.818222045898,0.578659772872925,47.8514060974121,0.401606440544128,0,0,0,1,15.0474624633789
54.8300018310547,4309,0.393200010061264,88.1456146240234,0,29.1482944488525,0.464144825935364,0,0,0,1,9.39525508880615
56.8839988708496,2663,0.411749988794327,140.00260925293,5.33800649642944,27.2890071868897,1.12654900550842,0,0,0,1,8.93048191070557
59.5379981994629,6294,0.562950015068054,65.4613876342773,0,43.6447410583496,0.317762941122055,0,0,0,1,8.13261985778809
55.7480010986328,8016,0.491070002317429,112.681617736816,85.2094192504883,15.3817367553711,0.124750502407551,0,0,0,1,7.21279764175415
61.9790000915527,7505,0.521489977836609,179.835159301758,48.7443771362305,40.6795463562012,0.133244499564171,0,0,0,1,11.0565872192383
57.1160011291504,6755,0.422320008277893,75.8266220092774,27.367525100708,28.0829010009766,0.296076983213425,0,0,0,1,6.76869773864746
60.9440002441406,10397,0.36599999666214,113.92643737793,0,20.4001159667969,0.384726375341415,0,0,0,1,9.37814331054688
60.2070007324219,4600,0.504289984703064,83.9381942749023,0,33.652172088623,0.652173936367035,0,0,0,1,7.17072868347168
57.798999786377,2071,0.581889986991882,139.757141113281,2.52747082710266,62.1921768188477,0.965717017650604,0,0,0,1,11.3851385116577
52.5550003051758,10450,0.422600001096725,101.351402282715,0,34.8995208740234,0.0956937819719315,0,0,0,1,8.71726226806641
57.9020004272461,10213,0.577289998531342,141.285461425781,0.0719566717743874,61.274845123291,0.489572107791901,0,0,0,1,10.7194557189941
57.6910018920898,9529,0.555819988250732,94.4384841918945,0,52.376953125,0.209885612130165,0,0,0,1,9.78091430664062
56.8839988708496,5964,0.516290009021759,156.135116577148,0,18.4775314331055,0.335345417261124,0,0,0,1,8.08462333679199
64.6579971313477,1935,0.482630014419556,226.464859008789,27.4458732604981,71.2661514282227,,0,0,0,1,17.4800243377686
54.0559997558594,27043,0.499289989471436,117.495109558105,0.244866713881493,22.0833492279053,0.258847028017044,0,0,0,1,6.04575204849243
60.0229988098145,11084,0.620800018310547,167.972381591797,2.19698023796082,76.7773361206055,0.180440276861191,0,0,0,1,19.9671459197998
54.8440017700195,8642,0.528209984302521,127.945457458496,5.39002895355225,53.8417015075684,0.115713953971863,0,0,0,1,14.7290887832642
58.2560005187988,8531,0.429569989442825,121.044692993164,9.29021739959717,60.8603897094727,0.234439104795456,0,0,0,1,7.95665454864502
55.1189994812012,7970,0.487500011920929,146.35302734375,73.1360244750977,42.8105392456055,0.250941038131714,0,0,0,1,7.951416015625
58.2760009765625,1309,0.650099992752075,88.7523956298828,0,80.8750076293945,0.763941943645477,0,0,0,1,9.45703220367432
56.5730018615723,2297,0.448529988527298,133.128219604492,1.27842617034912,78.7079086303711,0.435350447893143,0,0,0,1,8.9826602935791
51.8699989318848,8203,0.475629985332489,70.8674468994141,0,25.4175300598145,0.243813246488571,0,0,0,1,8.72532558441162
55.4970016479492,7259,0.472620010375977,96.5288543701172,0,24.6452674865723,0.27552005648613,0,0,0,1,7.76662683486939
62.476001739502,30128,0.626680016517639,163.575485229492,23.0827522277832,53.0370407104492,0.265533715486527,0,0,0,1,9.55367183685303
56.0169982910156,22337,0.482219994068146,104.15438079834,2.81936144828796,34.1764793395996,0.313381373882294,0,0,0,1,8.32759761810303
54.851001739502,11075,0.476700007915497,96.6534576416016,11.4249067306519,53.2550773620606,0.180586904287338,0,0,0,1,7.16396808624268
55.2509994506836,13270,0.465050011873245,145.761627197266,2.29247140884399,50.6254692077637,0.0753579512238503,0,0,0,1,6.01748275756836
56.632999420166,21551,0.553430020809174,74.1020431518555,0.122584536671639,31.6213970184326,0.185606241226196,0,0,0,1,11.7085494995117
54.851001739502,18369,0.402660012245178,95.3080062866211,25.4286556243897,26.245304107666,0.217758178710938,0,0,0,1,5.83542919158936
52.8409996032715,9654,0.564379990100861,148.864547729492,0.127370208501816,64.2945938110352,0.517920017242432,0,0,0,1,6.19907188415527
54.8009986877441,17896,0.562510013580322,125.157577514648,46.1218605041504,32.1636123657227,0.223513633012772,0,0,0,1,5.92715549468994
62.3470001220703,28130,0.593190014362335,143.662612915039,3.26198148727417,45.8762893676758,0.639886260032654,0,0,0,1,10.9112071990967
55.8079986572266,6075,0.623749971389771,182.244934082031,0,52.9382705688477,0.164609059691429,0,0,0,1,9.15042686462402
52.1139984130859,28799,0.539399981498718,100.852256774902,4.71491670608521,19.532075881958,0.10417028516531,0,0,0,1,5.39519119262695
57.5050010681152,5358,0.476749986410141,97.417350769043,0,49.3840980529785,0.373273611068726,0,0,0,1,11.6222610473633
63.8009986877442,23157,0.584779977798462,130.694137573242,14.7082624435425,25.8006896972656,0.475018352270126,0,0,0,1,7.74816560745239
54.1139984130859,17020,0.468899995088577,89.9455718994141,0,34.5652160644531,0.0587544068694115,0,0,0,1,6.34861564636231
53.8330001831055,5045,0.474839985370636,156.557235717773,0.343104332685471,28.5034694671631,0.198216050863266,0,0,0,1,3.9198215007782
64.056999206543,77491,0.424620002508163,174.14924621582,78.7556991577149,99.6399612426758,0.477474808692932,0,0,0,1,21.4085121154785
61.6259994506836,15645,0.482699990272522,116.418090820313,42.341983795166,72.1316680908203,0.191754549741745,0,0,0,1,10.7287216186523
55.015998840332,8141,0.522620022296906,115.356605529785,0.405584067106247,54.8089904785156,0.614175140857697,0,0,0,1,9.95649242401123
59.1870002746582,5970,0.588840007781982,96.7218399047852,0,39.2964820861816,0.167504191398621,0,0,0,1,10.3278131484985
56.1710014343262,1735,0.637000024318695,126.186019897461,0,29.6829967498779,,0,0,0,1,10.7108020782471
61.9420013427734,6277,0.51911997795105,106.986457824707,1.15674352645874,24.1675968170166,0.477935314178467,0,0,0,1,12.0351629257202
56.632999420166,9043,0.573329985141754,101.664642333984,0.386979520320892,45.2836456298828,0.331748306751251,0,0,0,1,10.1889934539795
57.1759986877441,33255,0.510469973087311,148.783721923828,15.0333242416382,39.3865585327148,0.210494667291641,0,0,0,1,8.02451705932617
58.9589996337891,5754,0.475820004940033,70.3458938598633,0,52.0159873962402,0.347584277391434,0,0,0,1,10.7137422561646
55.7150001525879,4184,0.612060010433197,134.158905029297,37.3518562316895,64.0296401977539,0.239005729556084,0,0,0,1,9.52499771118164
61.9230003356934,13884,0.441769987344742,129.157791137695,17.9496154785156,55.0993957519531,0.504177451133728,0,0,0,1,13.2362442016602
55.015998840332,6233,0.51884001493454,95.8723068237305,10.0495500564575,58.8320236206055,0.160436391830444,0,0,0,1,10.4011144638062
55.2509994506836,15007,0.406890004873276,119.415267944336,45.3819770812988,56.013858795166,0.866262435913086,0,0,0,1,6.25715112686157
59.2939987182617,6180,0.482270002365112,134.497451782227,2.28777885437012,32.2491912841797,0.323624581098557,0,0,0,1,9.19170761108398
64.245002746582,29052,0.590659976005554,281.018432617188,43.0799064636231,100,0.619578659534454,0,0,0,1,25.0997428894043
56.632999420166,7315,0.544679999351502,84.3728485107422,1.68453741073608,32.6042366027832,,0,0,0,1,6.87057733535767
55.4970016479492,2906,0.523490011692047,96.0590896606445,0.932582855224609,31.142463684082,0.344115614891052,0,0,0,1,8.81885242462158
57.4000015258789,17672,0.58626002073288,105.381202697754,9.11805820465088,33.4710273742676,0.339520156383514,0,0,0,1,3.85432958602905
54.5099983215332,10529,0.446310013532639,91.4207153320313,32.3477973937988,48.6655921936035,0.28492733836174,0,0,0,1,7.90199422836304
65.2910003662109,51273,0.593670010566711,206.091720581055,22.3785667419434,74.7547454833984,0.546096384525299,0,0,0,1,20.5610313415527
52.3279991149902,4522,0.388200014829636,116.736724853516,0,29.5444488525391,0.221141085028648,0,0,0,1,6.76208734512329
59.0719985961914,5549,0.542200028896332,114.361724853516,0,35.8623161315918,0.180212646722794,0,0,0,1,7.2454981803894
60.1269989013672,326307,0.601920008659363,332.392639160156,60.9361419677734,94.2266006469727,1.58439755439758,0,0,0,1,30.5765743255615
61.757999420166,1872,0.581309974193573,105.751083374023,0.734337687492371,59.9358978271484,0.534188032150269,0,0,0,1,10.8189992904663
56.7799987792969,5199,0.497500002384186,83.0676956176758,0,39.6422386169434,0.192344680428505,0,0,0,1,10.6940832138062
61.9420013427734,25220,0.509249985218048,142.242370605469,8.57565593719482,57.5574951171875,0.713719248771668,0,0,0,1,17.2939949035645
59.1870002746582,23216,0.517560005187988,92.5500411987305,0,42.4241371154785,0.0430737435817719,0,0,0,1,11.4443435668945
60.5089988708496,7399,0.478020012378693,122.610229492188,0,46.5197982788086,,0,0,0,1,11.0028524398804
60.9519996643066,10391,0.402130007743835,124.333030700684,17.6970405578613,31.4599170684815,1.44355690479279,0,0,0,1,7.23784065246582
63.7039985656738,4367,0.401120007038116,95.247444152832,0.952919721603394,32.4708023071289,,0,0,0,1,6.12187337875366
56.8400001525879,14485,0.603389978408814,134.694198608398,0,56.7759742736816,0.621332406997681,0,0,0,1,9.54574489593506
51.8819999694824,12651,0.432649999856949,126.085472106934,17.3184795379639,35.5149803161621,0.632361054420471,0,0,0,1,8.48799896240234
52.4150009155274,6279,0.51801997423172,96.1039047241211,1.24155426025391,56.7287788391113,0.955566167831421,0,0,0,1,6.94399404525757
53.1860008239746,23153,0.488079994916916,102.751815795898,6.56799793243408,50.3217735290527,0.518291354179382,0,0,0,1,8.45088863372803
53.5950012207031,6989,0.44666001200676,92.1874313354492,14.1904926300049,78.2515411376953,0.429245948791504,0,0,0,1,6.58579587936401
59.1870002746582,2537,0.501410007476807,104.347511291504,0,29.4048080444336,0.394166350364685,0,0,0,1,8.41184520721436
51.8699989318848,12771,0.613219976425171,82.3845138549805,0.0165719836950302,23.3027954101563,0.313209623098373,0,0,0,1,4.43802261352539
62.2529983520508,3052,0.535059988498688,192.134658813477,0,36.1730003356934,0.327654004096985,0,0,0,1,11.9052400588989
59.189998626709,7356,0.421099990606308,65.8889541625977,0,37.479606628418,0.271886885166168,0,0,0,1,12.33043384552
59.0940017700195,9842,0.605000019073486,114.884475708008,11.5673246383667,31.8939247131348,0.203210726380348,0,0,0,1,3.74896621704102
53.5950012207031,7357,0.438050001859665,97.1009521484375,61.4480247497559,57.4147071838379,0.407774895429611,0,0,0,1,8.55482578277588
55.4970016479492,3129,0.47775000333786,85.6532287597656,0,34.8301963806152,0.319590926170349,0,0,0,1,8.39653396606445
63.2799987792969,27594,0.572120010852814,154.259628295898,24.0588874816895,60.8646812438965,0.108719289302826,0,0,0,1,12.3219127655029
56.3330001831055,13195,0.371989995241165,82.3799667358398,0.681238770484924,32.9746131896973,0.909435391426086,0,0,0,1,6.90304517745972
57.2360000610352,2684,0.582610011100769,144.153121948242,0,42.8088722229004,3.35320425033569,0,0,0,1,13.5870389938355
64.1210021972656,48654,0.569289982318878,192.46321105957,59.8409156799317,84.3198928833008,0.431619197130203,0,0,0,1,18.4261817932129
52.3279991149902,13136,0.384530007839203,91.4403991699219,0,35.9470176696777,0.0761266723275185,0,0,0,1,5.89323949813843
61.1500015258789,6072,0.488609999418259,120.84741973877,0,32.5263519287109,0.329380750656128,0,0,0,1,12.9250583648682
59.189998626709,6583,0.494019985198975,58.1250534057617,0,45.7238349914551,0.151906430721283,0,0,0,1,12.1025772094727
51.8699989318848,10223,0.549589991569519,86.9593505859375,0,17.9986305236816,0.0978186428546906,0,0,0,1,6.6294002532959
52.3279991149902,21721,0.469309985637665,118.83039855957,0.292047798633575,52.5850563049317,0.0920767933130264,0,0,0,1,5.56996774673462
56.2050018310547,26464,0.513040006160736,154.320755004883,1.63887906074524,76.1865158081055,0.453446179628372,0,0,0,1,14.2569379806519
59.1870002746582,19814,0.510290026664734,127.704498291016,0,59.9828414916992,0.706571102142334,0,0,0,1,17.6820259094238
56.7470016479492,13435,0.465620011091232,122.900932312012,0,42.530704498291,0.223297357559204,0,0,0,1,6.0053858757019
52.3279991149902,9141,0.473489999771118,111.00089263916,0,44.9075584411621,0.328191667795181,0,0,0,1,4.70378494262695
51.6749992370606,18344,0.497200012207031,101.532707214355,5.20301628112793,33.6785888671875,0.381596148014069,0,0,0,1,5.40623426437378
61.9420013427734,9458,0.541740000247955,119.690567016602,0.392491459846497,42.7468795776367,0.211461201310158,0,0,0,1,9.45560836791992
64.5999984741211,497600,0.615549981594086,526.958740234375,74.8270416259766,100,3.53496789932251,0,0,0,1,43.0673065185547
56.4249992370606,7219,0.51147997379303,120.69115447998,5.52918291091919,65.8678512573242,0.277046680450439,0,0,0,1,7.4715723991394
52.7150001525879,17341,0.47639998793602,101.691909790039,0.271874785423279,43.4173355102539,0.11533360183239,0,0,0,1,6.2976861000061
53.9420013427734,5768,0.505930006504059,101.432640075684,0,49.3932037353516,0.866851568222046,0,0,0,1,10.5844497680664
51.8549995422363,9405,0.43588998913765,110.677909851074,7.80883598327637,88.2095642089844,0.531632125377655,0,0,0,1,5.64410877227783
55.640998840332,10523,0.541360020637512,57.5911026000977,0.231467291712761,25.1259155273438,0.475149661302567,0,0,0,1,4.36642074584961
55.015998840332,5756,0.464049994945526,70.0962600708008,0,28.5441284179688,0.173731759190559,0,0,0,1,9.75608348846436
54.851001739502,7322,0.644050002098084,127.772796630859,0,36.3015556335449,0.409724116325378,0,0,0,1,8.08064079284668
56.3330001831055,21660,0.629320025444031,223.515533447266,4.32313776016235,29.4459838867188,0.369344413280487,0,0,0,1,10.750449180603
58.1080017089844,3278,0.414299994707108,50.0573081970215,0,22.2204685211182,0.610128104686737,0,0,0,1,5.63797473907471
53.1440010070801,7029,0.61861002445221,75.3697662353516,1.10803365707397,33.7885894775391,0.284535497426987,0,0,0,1,7.26148986816406
60.9519996643066,7699,0.418179988861084,111.151145935059,32.4537239074707,70.6845016479492,0.259773999452591,0,0,0,1,7.70107126235962
52.4150009155274,4719,0.596549987792969,75.1343078613281,0.468203872442246,22.7802505493164,1.05954647064209,0,0,0,1,3.42636942863464
57.9129981994629,6023,0.550059974193573,119.385963439941,0.155760809779167,75.8260040283203,0.332060426473618,0,0,0,1,12.6929931640625
54.1310005187988,49887,0.566410005092621,159.446487426758,25.2721424102783,59.9294395446777,0.481087267398834,0,0,0,1,8.22013568878174
56.5470008850098,11375,0.497489988803864,88.2718124389649,0,29.5032958984375,0.0879120901226997,0,0,0,1,6.31658220291138
51.8549995422363,20702,0.453619986772537,120.019905090332,0.577267289161682,82.9774932861328,0.193218052387238,0,0,0,1,7.03471374511719
58.734001159668,12030,0.387219995260239,121.783699035645,6.52489233016968,18.6201171875,0.249376565217972,0,0,0,1,9.3448657989502
54.1310005187988,4990,0.420340001583099,133.905136108398,0,77.5150299072266,0.400801599025726,0,0,0,1,9.62247371673584
52.3279991149902,13295,0.531120002269745,87.93017578125,0,28.1503715515137,0.225648745894432,0,0,0,1,5.97694206237793
55.2550010681152,3836,0.51103001832962,66.821044921875,0,39.1032333374023,0.260688215494156,0,0,0,1,4.46923685073853
61.757999420166,4053,0.599950015544891,132.907470703125,0,42.7584495544434,0.246730819344521,0,0,0,1,6.429612159729
57.2729988098145,27052,0.555859982967377,143.43962097168,28.9000282287598,54.1734428405762,0.739316880702972,0,0,0,1,13.1675987243652
58.0040016174316,10922,0.432889997959137,97.2399063110352,0,35.1583976745606,0.274674981832504,0,0,0,1,6.09989738464356
52.1139984130859,11624,0.515839993953705,115.229629516602,0.639124512672424,25.2468223571777,0.172057807445526,0,0,0,1,5.3965015411377
56.8160018920899,7420,0.517340004444122,77.6901626586914,0,30.4447441101074,0.269541770219803,0,0,0,1,8.54192733764648
55.1479988098145,7257,0.536790013313294,120.157867431641,0,84.9800186157227,0.551191926002502,0,0,0,1,10.7227325439453
56.367000579834,6198,0.56904000043869,78.2308578491211,0,37.1894149780273,0.322684735059738,0,0,0,1,8.99905586242676
57.2360000610352,3320,0.444070011377335,114.224723815918,10.5890588760376,43.5542182922363,0.903614461421967,0,0,0,1,7.52187347412109
58.0550003051758,9109,0.514890015125275,96.1467742919922,0,23.0566005706787,,0,0,0,1,8.3417558670044
54.5099983215332,3392,0.478500008583069,106.356414794922,0,35.2889137268066,0.589622616767883,0,0,0,1,7.74227094650269
56.1570014953613,2826,0.440849989652634,94.8717803955078,0,56.4401969909668,0.353857040405273,0,0,0,1,15.5355758666992
60.7400016784668,3444,0.474500000476837,73.8352355957031,1.70555305480957,30.1393737792969,0.290360033512116,0,0,0,1,3.10529112815857
58.5979995727539,81298,0.599380016326904,248.525375366211,5.89482164382935,94.3541030883789,1.16854047775269,0,0,0,1,25.5800113677979
64.7969970703125,11004,0.575959980487824,124.360069274902,0.221296578645706,24.291166305542,0.090876042842865,0,0,0,1,7.83239364624023
59.1870002746582,3566,0.484609991312027,76.6325988769531,0,42.4565353393555,0.280426234006882,0,0,0,1,16.3841133117676
52.7150001525879,6677,0.477519989013672,100.220428466797,20.5190200805664,29.2945938110352,0.299535721540451,0,0,0,1,6.23071193695068
58.5040016174316,26614,0.543889999389648,166.450546264648,0,48.3805503845215,0.901781022548676,0,0,0,1,7.50032377243042
58.382999420166,15960,0.478650003671646,109.018486022949,3.1593611240387,55.0501251220703,0.751879692077637,0,0,0,1,19.615816116333
57.2360000610352,18895,0.51528000831604,143.556930541992,0.755015254020691,49.1823234558106,0.423392444849014,0,0,0,1,8.36524486541748
55.007999420166,13773,0.3992800116539,106.036117553711,0.130123168230057,50.7514686584473,0.798664033412933,0,0,0,1,7.26976633071899
59.9300003051758,7894,0.547249972820282,117.052673339844,28.5326862335205,31.5429439544678,0.253356993198395,0,0,0,1,7.13719034194946
53.5950012207031,5391,0.411060005426407,78.1612777709961,15.7544708251953,37.729549407959,0.185494348406792,0,0,0,1,4.84282398223877
57.2319984436035,10596,0.421570003032684,116.172355651855,15.4172353744507,66.8271026611328,0.188750475645065,0,0,0,1,10.4361553192139
56.8380012512207,9463,0.429870009422302,126.479530334473,0,62.6122779846191,0.634048402309418,0,0,0,1,8.41108989715576
58.3769989013672,14502,0.483310014009476,122.42308807373,2.29097318649292,45.1592864990234,0.344780027866364,0,0,0,1,12.4189434051514
59.8330001831055,39511,0.597079992294312,171.474380493164,0.351989775896072,57.1714210510254,0.4302599132061,0,0,0,1,14.1284666061401
53.75,3311,0.586660027503967,94.2862548828125,0,58.4113578796387,0.302023559808731,0,0,0,1,8.24758720397949
59.4269981384277,22234,0.560310006141663,120.264137268066,0,39.6240005493164,0.269856989383698,0,0,0,1,11.8732423782349
59.6829986572266,11573,0.512269973754883,132.590835571289,13.4211311340332,22.4747257232666,0.172816038131714,0,0,0,1,7.64587688446045
58.5069999694824,32555,0.439480006694794,108.237854003906,14.5011177062988,36.2893562316895,0.0921517461538315,0,0,0,1,7.82593059539795
52.4150009155274,1657,0.43639999628067,75.03369140625,2.29227614402771,26.1011466979981,1.20700061321259,0,0,0,1,4.97824239730835
57.9580001831055,17167,0.584200024604797,163.513854980469,0,57.0920944213867,0.291256487369537,0,0,0,1,8.57165431976318
55.015998840332,9462,0.505389988422394,84.9545593261719,18.1038837432861,28.5140571594238,0.105685904622078,0,0,0,1,8.6826868057251
56.7470016479492,27127,0.495599985122681,143.954711914063,5.92089557647705,58.8196258544922,0.995318293571472,0,0,0,1,14.3092708587647
53.9420013427734,2710,0.460090011358261,58.4351348876953,1.93339705467224,13.7638378143311,0.369003683328629,0,0,0,1,3.74137473106384
56.8019981384277,12534,0.466870009899139,98.3679428100586,0,27.1740856170654,0.0797829926013947,0,0,0,1,6.53580236434937
62.8540000915527,7410,0.521210014820099,89.6781921386719,0.473914444446564,32.2402153015137,0.539811074733734,0,0,0,1,9.24442768096924
61.757999420166,6127,0.921949982643127,1491.376953125,0,36.3309936523438,0.816060066223145,0,0,0,1,9.76501941680908
60.1549987792969,13040,0.580250024795532,183.027862548828,0,82.8450927734375,0.996932506561279,0,0,0,1,19.8486576080322
59.189998626709,6501,0.558550000190735,81.2384872436524,0,17.5972919464111,,0,0,0,1,5.4445013999939
59.7799987792969,8064,0.397370010614395,70.8745193481445,0,30.0223217010498,0.124007932841778,0,0,0,1,9.43624877929688
60.9519996643066,94413,0.469929993152618,171.120239257813,26.5808448791504,81.0163879394531,0.444853991270065,0,0,0,1,16.1674270629883
55.4970016479492,4920,0.394589990377426,70.0935745239258,2.23695182800293,22.3373985290527,0.609756112098694,0,0,0,1,7.1656756401062
62.8790016174316,21579,0.466360002756119,183.363098144531,23.6353988647461,61.7405815124512,0.370730817317963,0,0,0,1,8.28409576416016
59.3419990539551,7537,0.53507000207901,134.770034790039,13.2506694793701,29.4148864746094,0.663393914699554,0,0,0,1,9.0224494934082
53.1440010070801,4146,0.432850003242493,70.0344390869141,0,22.5518569946289,,0,0,0,1,4.25507545471191
58.068000793457,7650,0.626420021057129,77.0845947265625,0,35.5555572509766,0.261437922716141,0,0,0,1,6.2504301071167
59.189998626709,5329,0.476639986038208,54.1709403991699,0,23.7755680084229,0.187652468681335,0,0,0,1,6.79691028594971
55.4970016479492,5998,0.419169992208481,77.8622436523438,0,18.5061683654785,0.166722238063812,0,0,0,1,3.69637799263001
60.8709983825684,17625,0.461169987916946,104.454170227051,0.218636095523834,34.4737586975098,0.226950347423553,0,0,0,1,8.35989570617676
52.4150009155274,2808,0.45958998799324,77.8513870239258,0,27.1367530822754,,0,0,0,1,9.08481121063232
60.1549987792969,4001,0.437059998512268,111.550872802734,0,39.9900016784668,0.749812543392181,0,0,0,1,11.8848438262939
62.2430000305176,6180,0.524659991264343,79.1489105224609,0,21.8770217895508,0.323624581098557,0,0,0,1,7.34371614456177
60.1549987792969,8521,0.529089987277985,119.369171142578,1.06950271129608,58.0213584899902,0.11735711991787,0,0,0,1,14.1533603668213
51.8549995422363,4213,0.361449986696243,85.5518112182617,5.99450492858887,60.0759544372559,0.712081670761108,0,0,0,1,4.13725137710571
57.5209999084473,8794,0.534879982471466,117.459754943848,29.4794673919678,31.6010913848877,0.568569481372833,0,0,0,1,7.19848680496216
53.6259994506836,4448,0.546310007572174,134.515213012695,0,53.4622306823731,0.224820137023926,0,0,0,1,9.81988334655762
51.8549995422363,58515,0.452190011739731,129.384307861328,10.3136386871338,58.4995307922363,0.358882337808609,0,0,0,1,8.74099063873291
53.4099998474121,7870,0.435600012540817,78.9009475708008,0,30.1524772644043,0.127064809203148,0,0,0,1,4.72975587844849
59.0719985961914,13595,0.602209985256195,142.521194458008,10.0787000656128,56.2559776306152,0.95623391866684,0,0,0,1,12.0348176956177
53.5950012207031,3703,0.463530004024506,100.605186462402,35.4584121704102,56.1706733703613,0.270051300525665,0,0,0,1,8.23682975769043
59.189998626709,2598,0.53931999206543,77.3322448730469,0,42.4942245483398,0.384911477565765,0,0,0,1,5.64511871337891
58.673999786377,7305,0.44598999619484,104.146469116211,0.590755879878998,35.1813812255859,0.41067761182785,0,0,0,1,6.35320520401001
56.0169982910156,9561,0.570169985294342,92.5962219238281,11.2424230575562,30.2583408355713,0.522957861423492,0,0,0,1,5.42168283462524
59.0940017700195,32732,0.58977997303009,141.107528686523,23.9478702545166,45.5702323913574,0.152755707502365,0,0,0,1,10.2059125900269
60.1749992370606,11175,0.569109976291657,146.232559204102,0.116493500769138,61.7628631591797,0.0894854590296745,0,0,0,1,9.05125904083252
59.8330001831055,79135,0.563390016555786,167.697860717773,27.0532951354981,65.7938995361328,0.556011855602264,0,0,0,1,16.275239944458
63.7910003662109,17230,0.472880005836487,135.362319946289,0.063120149075985,59.9071388244629,0.522344768047333,0,0,0,1,8.83731842041016
56.0970001220703,10407,0.539499998092651,102.72142791748,37.2271728515625,32.8432769775391,0.384356677532196,0,0,0,1,5.32129955291748
53.1440010070801,15197,0.507550001144409,101.634765625,0.240071833133698,52.016845703125,0.197407379746437,0,0,0,1,9.16496658325195
59.1279983520508,14342,0.614170014858246,99.9968643188477,0.239807546138763,27.9947013854981,0.6275275349617,0,0,0,1,9.87194633483887
55.640998840332,17552,0.528460025787354,112.565376281738,0.147542491555214,39.0724716186523,0.227894261479378,0,0,0,1,11.0189571380615
57.2299995422363,10606,0.615700006484985,79.4950942993164,0,27.022439956665,0.188572511076927,0,0,0,1,10.7654218673706
63.1230010986328,20133,0.550419986248016,116.961791992188,0.797414660453796,44.3898086547852,0.248348489403725,0,0,0,1,10.6970338821411
55.6980018615723,17362,0.500460028648377,109.175941467285,1.22000777721405,16.6801052093506,0.230388209223747,0,0,0,1,3.4884991645813
60.1549987792969,2211,0.434720009565353,95.0546646118164,0,49.2989616394043,0.904568076133728,0,0,0,1,15.4667472839355
66.4140014648438,77035,0.454530000686646,232.9619140625,36.627498626709,91.5791549682617,0.713961184024811,0,0,0,1,23.5884628295898
64.3130035400391,29617,0.574540019035339,170.231872558594,0,61.5254745483399,0.54023027420044,0,0,0,1,15.8718366622925
64.4879989624024,13305,0.461290001869202,108.547798156738,0,22.9462604522705,0.526117980480194,0,0,0,1,4.5356035232544
57.8370018005371,17993,0.540489971637726,174.991439819336,25.0035343170166,51.8257102966309,0.277885854244232,0,0,0,1,6.75043630599976
58.4269981384277,36609,0.446990013122559,122.913246154785,0.840839982032776,46.1607818603516,0.300472557544708,0,0,0,1,7.82015895843506
55.2029991149902,38355,0.50203001499176,120.589172363281,2.25221586227417,39.4681282043457,0.286794424057007,0,0,0,1,7.00864219665527
57.3880004882813,11068,0.562659978866577,155.204406738281,15.2850999832153,46.4130821228027,0.632453918457031,0,0,0,1,10.5681533813477
56.7649993896484,37455,0.444519996643066,123.724136352539,5.19911670684815,40.8757171630859,1.0412495136261,0,0,0,1,8.03718185424805
56.6580009460449,23144,0.480540007352829,143.560516357422,6.29706716537476,34.9204978942871,0.777739346027374,0,0,0,1,6.70850658416748
60.2439994812012,19997,0.493530005216599,128.149322509766,2.02508640289307,49.572437286377,0.250037491321564,0,0,0,1,8.16871166229248
59.0859985351563,8734,0.537039995193481,122.19563293457,0,44.733226776123,0.114495076239109,0,0,0,1,8.52375888824463
59.8359985351563,60585,0.578140020370483,149.104843139648,0.131408140063286,44.4631500244141,0.165057361125946,0,0,0,1,10.837628364563
63.9080009460449,55776,0.577080011367798,279.482238769531,5.37376165390015,88.6850967407227,1.00401604175568,0,0,0,1,26.9199085235596
55.492000579834,10520,0.413859993219376,141.720565795898,0.299146324396133,80.5418243408203,0.380228132009506,0,0,0,1,6.89940881729126
61.5620002746582,40569,0.726960003376007,229.293640136719,1.86519575119019,67.9287109375,0.838078320026398,0,0,0,1,17.8393077850342
57.4869995117188,12204,0.453649997711182,115.294891357422,2.91809344291687,52.8597183227539,0.491642087697983,0,0,0,1,9.04742336273193
64.8860015869141,23002,0.528110027313232,171.91943359375,1.17128658294678,49.6652450561524,0.304321348667145,0,0,0,1,15.8396034240723
56.2220001220703,60658,0.516690015792847,189.448593139648,7.41653060913086,72.1339340209961,0.263773947954178,0,0,0,1,14.6093235015869
57.609001159668,11226,0.514129996299744,88.4917144775391,0,19.1519680023193,0.178157851099968,0,0,0,1,9.15654468536377
56.2220001220703,52134,0.480019986629486,175.279724121094,31.4162158966064,68.7229080200195,0.306901454925537,0,0,0,1,10.22620677948
57.7360000610352,28507,0.632719993591309,122.116233825684,0.295918345451355,24.7412910461426,0.210474625229836,0,0,0,1,7.49990272521973
54.0950012207031,41177,0.543789982795715,152.033172607422,0,48.9982261657715,0.509993433952332,0,0,0,1,8.54332160949707
63.4580001831055,36798,0.447409987449646,134.25993347168,0,29.7782192230225,0.706560134887695,0,0,0,1,9.29002571105957
56.6580009460449,35043,0.475239992141724,150.364395141602,13.5069017410278,53.1974983215332,0.941700220108032,0,0,0,1,8.25207138061523
53.9980010986328,8707,0.458889991044998,105.043426513672,0,24.4860458374023,0.229700237512589,0,0,0,1,7.612135887146
56.2130012512207,7403,0.617089986801148,79.6216049194336,0,25.1924896240234,0.135080367326736,0,0,0,1,5.72816514968872
57.8370018005371,31206,0.476249992847443,182.665115356445,0.262405961751938,57.745304107666,0.640902400016785,0,0,0,1,7.07085943222046
58.2439994812012,12462,0.375510007143021,112.947341918945,0.0897036194801331,36.4788970947266,0.722195446491242,0,0,0,1,8.32233619689941
61.007999420166,38123,0.530920028686523,115.720626831055,0.0442080684006214,25.9698734283447,0.341001480817795,0,0,0,1,6.41042566299439
63.5320014953613,127036,0.488889992237091,217.016159057617,19.8392143249512,86.4030685424805,0.582512021064758,0,0,0,1,20.1615886688232
64.1009979248047,23965,0.548179984092712,191.768585205078,0.456158876419067,53.849365234375,0.333820164203644,0,0,0,1,11.6910715103149
59.8489990234375,15852,0.630559980869293,238.057281494141,1.49076974391937,66.4458770751953,0.504668176174164,0,0,0,1,9.21453666687012
53.7150001525879,20626,0.443500012159348,121.752090454102,0,21.2062454223633,0.145447492599487,0,0,0,1,2.89670562744141
56.8219985961914,9424,0.508040010929108,109.528984069824,0,29.0322589874268,0.21222411096096,0,0,0,1,10.4170637130737
58.3919982910156,6878,0.550979971885681,89.5780029296875,12.1930732727051,23.6842098236084,0.581564426422119,0,0,0,1,6.98989009857178
68.6449966430664,99407,0.498780012130737,243.94416809082,21.8336791992188,100,0.221312388777733,0,0,0,1,23.0316486358643
57.8370018005371,13827,0.610000014305115,238.502548217773,19.6475982666016,76.0974884033203,0.506255865097046,0,0,0,1,6.56959819793701
62.7360000610352,7488,0.518469989299774,147.292098999023,3.43700981140137,70.4727554321289,1.20192313194275,0,0,0,1,13.6384963989258
54.5139999389649,24576,0.514069974422455,138.232299804688,1.55754959583282,47.7132148742676,0.406901031732559,0,0,0,1,6.58431148529053
56.3969993591309,19577,0.51367998123169,132.223266601563,0.184995874762535,22.4344902038574,0.510803520679474,0,0,0,1,5.65878248214722
56.8390007019043,25931,0.577080011367798,113.686073303223,0.161246910691261,21.2592697143555,0.115691639482975,0,0,0,1,6.8665509223938
63.0789985656738,66078,0.55935001373291,224.68571472168,2.70926237106323,87.9672546386719,0.514543414115906,0,0,0,1,17.9743843078613
65.3359985351563,213697,0.553780019283295,345.127563476563,67.9744033813477,85.1729354858398,0.809557437896729,0,0,0,1,24.8217315673828
59.3520011901856,31519,0.521459996700287,156.11051940918,5.02666473388672,71.0988082885742,0.317268937826157,0,0,0,1,16.2966918945313
62.7400016784668,9005,0.513570010662079,99.5021362304688,2.94965839385986,47.9844512939453,0.777345895767212,0,0,0,1,6.77645778656006
59.8139991760254,10899,0.380100011825562,116.913452148438,0,53.5094947814941,0.367006152868271,0,0,0,1,9.26646137237549
55.2929992675781,15499,0.542639970779419,180.210189819336,4.61532115936279,46.6997871398926,0.387121737003326,0,0,0,1,5.35216045379639
58.2439994812012,18450,0.514559984207153,178.063415527344,0,76.3089447021484,0.596205949783325,0,0,0,1,15.4764814376831
54.5139999389649,16218,0.577709972858429,135.099700927734,0.0970407500863075,47.5767669677734,0.184979647397995,0,0,0,1,8.26653480529785
53.7150001525879,12415,0.457560002803803,122.041259765625,11.2744798660278,63.1010856628418,0.563834071159363,0,0,0,1,6.55954599380493
58.7410011291504,18004,0.49838000535965,145.521926879883,3.71853089332581,26.1219730377197,0.999777853488922,0,0,0,1,7.60359811782837
57.8370018005371,22701,0.517660021781921,162.841186523438,0,61.1955413818359,0.925069391727448,0,0,0,1,9.21580123901367
63.9080009460449,28849,0.548539996147156,137.947402954102,0.295752167701721,44.4521484375,0.0693264901638031,0,0,0,1,10.1248559951782
59.3520011901856,55841,0.44148001074791,143.308853149414,1.81740212440491,66.8308258056641,0.734227538108826,0,0,0,1,14.272388458252
58.7919998168945,31941,0.54789000749588,115.599388122559,0.172124713659287,33.5869255065918,0.156538620591164,0,0,0,1,8.91307067871094
58.0270004272461,18526,0.459829986095429,130.715530395508,0,59.2410659790039,0.701716482639313,0,0,0,1,6.91849088668823
70.6500015258789,1686,0.446979999542236,559.130004882813,52.7482376098633,100,2.96559906005859,0,0,0,1,37.4683532714844
58.2439994812012,10927,0.54423999786377,148.976745605469,3.56780481338501,58.6894836425781,0.274549275636673,0,0,0,1,8.93062877655029
60.1590003967285,21810,0.551379978656769,99.2819519042969,0,24.2320041656494,0.275103151798248,0,0,0,1,7.97555255889893
66.8209991455078,32336,0.523599982261658,157.62548828125,0,38.5403938293457,0.27832755446434,0,0,0,1,15.8906707763672
58.3120002746582,14099,0.495020002126694,131.158996582031,0,15.3769769668579,0.425562083721161,0,0,0,1,6.01575613021851
56.8250007629395,19641,0.529779970645905,147.865447998047,3.847491979599,59.4216194152832,0.305483430624008,0,0,0,1,9.41927242279053
60.2789993286133,103341,0.58841997385025,309.090972900391,2.36322617530823,86.3219833374023,1.26764786243439,0,0,0,1,23.4994869232178
60.8489990234375,26808,0.46942999958992,136.939010620117,12.4822044372559,31.8897342681885,0.298418372869492,0,0,0,1,9.14873600006104
62.8950004577637,64150,0.532540023326874,189.399520874023,0.83271187543869,63.2143402099609,1.9173811674118,0,0,0,1,18.8848724365234
61.4659996032715,5947,0.499889999628067,93.5919189453125,0,19.7578601837158,0.672608017921448,0,0,0,1,5.53682231903076
60.2159996032715,61485,0.484149992465973,226.760192871094,23.1142253875732,74.8099899291992,0.569244503974915,0,0,0,1,13.6301498413086
56.0289993286133,18586,0.446399986743927,103.06224822998,3.19569039344788,29.2209186553955,0.269019693136215,0,0,0,1,3.47693729400635
57.609001159668,28101,0.465829998254776,135.528518676758,5.14404630661011,48.2687454223633,0.0355859212577343,0,0,0,1,7.65506505966187
56.3419990539551,7548,0.563769996166229,115.038497924805,0.784594118595123,24.4965553283691,0.397456288337708,0,0,0,1,7.79144334793091
67.556999206543,79837,0.475380003452301,175.060165405273,19.4551067352295,74.9076538085938,1.11477136611938,0,0,0,1,15.3215818405151
56.5589981079102,11239,0.532119989395142,128.566452026367,0.36538103222847,40.3149757385254,0.266927659511566,0,0,0,1,8.04712200164795
57.609001159668,23198,0.482959985733032,107.697113037109,0,26.6790237426758,0.0862143263220787,0,0,0,1,4.75110054016113
58.6839981079102,4430,0.466269999742508,93.3563003540039,0,38.3747177124023,0.225733637809753,0,0,0,1,12.743221282959
60.8240013122559,45424,0.436120003461838,139.200057983398,10.887622833252,55.4068336486817,0.286192327737808,0,0,0,1,10.1230974197388
59.8359985351563,21231,0.5519700050354,130.174163818359,0,47.6096267700195,0.188403755426407,0,0,0,1,7.43368434906006
66.3089981079102,3248,0.705079972743988,269.937561035156,73.7985610961914,78.694580078125,0.615763545036316,0,0,0,1,14.7551651000977
55.2029991149902,27142,0.572749972343445,110.875358581543,0,18.3037357330322,0.0736865401268005,0,0,0,1,4.96442556381226
67.1650009155274,11606,0.475749999284744,234.527954101563,2.31636762619019,73.9272766113281,1.12011027336121,0,0,0,1,19.9938106536865
55.0480003356934,34250,0.523559987545013,134.179183959961,0,65.500732421875,1.25547444820404,0,0,0,1,9.49669742584229
57.6780014038086,15658,0.530860006809235,90.641227722168,0,43.9455871582031,0.319325596094131,0,0,0,1,11.7832012176514
65.2180023193359,16408,0.447939991950989,141.650238037109,6.62793445587158,85.9397888183594,1.40175521373749,0,0,0,1,14.4963798522949
55.8359985351563,14027,0.419310003519058,128.142868041992,0,67.4271011352539,0.855492949485779,0,0,0,1,10.5342178344727
66.4670028686524,487119,0.585030019283295,388.282318115234,29.6317939758301,86.1142730712891,0.420841723680496,0,0,0,1,30.6857757568359
56.4000015258789,14450,0.50942999124527,161.355819702148,0.387250661849976,33.0172996520996,0.553633213043213,0,0,0,1,5.23441934585571
63.4580001831055,27419,0.504739999771118,166.358108520508,1.84162223339081,28.4510746002197,0.437652736902237,0,0,0,1,7.84093856811523
57.4869995117188,15702,0.418709993362427,121.895431518555,0.901878774166107,54.5344543457031,0.254744619131088,0,0,0,1,9.2793025970459
56.8219985961914,19865,0.420729994773865,110.914321899414,0.116065822541714,31.2761135101318,0.453058153390884,0,0,0,1,6.73762226104736
51.6059989929199,12688,0.502629995346069,96.4117126464844,0.197377666831017,45.0189170837402,0.0788146257400513,0,0,0,1,3.05926203727722
59.5950012207031,16508,0.400160014629364,129.945846557617,0.0493204481899738,68.1003112792969,0.848073661327362,0,0,0,1,8.44163990020752
54.7760009765625,11375,0.550620019435883,111.774993896484,0.0666896626353264,31.8945045471191,0.0879120901226997,0,0,0,1,9.40201091766357
55.492000579834,16762,0.464810013771057,118.475479125977,0,39.9117050170898,0.0596587508916855,0,0,0,1,6.01177072525024
58.9620018005371,29718,0.606119990348816,204.303359985352,4.64078330993652,60.5457954406738,0.235547482967377,0,0,0,1,9.64498615264893
61.0769996643067,54860,0.526009976863861,195.494522094727,1.00449192523956,73.3175354003906,0.966095507144928,0,0,0,1,18.5074348449707
55.8359985351563,20854,0.523370027542114,139.976867675781,6.64083480834961,52.5558662414551,1.1508584022522,0,0,0,1,12.6193332672119
56.4449996948242,9021,0.462390005588532,116.680961608887,0,46.9238433837891,0.775967180728912,0,0,0,1,7.63930416107178
60.8120002746582,21491,0.483980000019074,136.225204467773,18.8272819519043,55.8187141418457,0.325717747211456,0,0,0,1,7.71387195587158
63.9080009460449,12867,0.520489990711212,112.895881652832,0,38.8202362060547,0.621745526790619,0,0,0,1,14.1557445526123
65.3359985351563,39132,0.487879991531372,196.36653137207,7.05907201766968,81.0586776733399,0.485536128282547,0,0,0,1,18.4499092102051
63.0789985656738,26539,0.582849979400635,220.758682250977,30.7280693054199,77.1882858276367,1.20577263832092,0,0,0,1,19.1953086853027
66.7490005493164,341394,0.589139997959137,466.801452636719,52.9069557189941,100,0.427658379077911,0,0,0,1,39.385181427002
61.265998840332,20877,0.493750005960465,130.997573852539,0,21.8949089050293,0.287397623062134,0,0,0,1,8.16119861602783
66.4520034790039,10731,0.47545999288559,166.952285766602,3.70377612113953,31.9541511535645,0.372751832008362,0,0,0,1,8.22729778289795
57.7360000610352,73526,0.612919986248016,114.084800720215,0,30.9597797393799,0.19040884077549,0,0,0,1,6.85566091537476
59.3520011901856,57731,0.54381000995636,208.268447875977,2.9956362247467,75.0480651855469,0.640903472900391,0,0,0,1,17.4122142791748
56.8219985961914,8311,0.557430028915405,120.769554138184,2.48971724510193,43.5326690673828,0.360967397689819,0,0,0,1,6.86450242996216
57.8370018005371,26666,0.516550004482269,124.97631072998,0.052214577794075,29.4269847869873,0.300007492303848,0,0,0,1,4.68644952774048
53.7150001525879,11415,0.558380007743835,135.022384643555,0,9.61534023284912,0.0876040309667587,0,0,0,1,3.50083470344543
67.0130004882813,18746,0.521470010280609,112.341903686523,0,31.1159706115723,0.106689430773258,0,0,0,1,9.85684204101562
59.9710006713867,29135,0.39860001206398,123.377807617188,0.560877561569214,35.0599822998047,0.514844715595245,0,0,0,1,6.64792680740356
62.8549995422363,39608,0.472739994525909,164.705932617188,0.0981352627277374,76.535041809082,0.302969098091126,0,0,0,1,12.1706809997559
68.6460037231445,211491,0.531329989433289,401.920318603516,67.1248397827149,98.2172927856445,0.40663668513298,0,0,0,1,38.3604583740234
57.1440010070801,19614,0.567030012607575,154.776107788086,8.59341526031494,38.0544509887695,0.407871931791306,0,0,0,1,9.08727169036865
56.2220001220703,57622,0.586440026760101,204.640853881836,0.0696633979678154,68.2742691040039,0.833015143871307,0,0,0,1,15.3499336242676
62.7760009765625,32963,0.513000011444092,218.242095947266,41.0005989074707,43.4396133422852,0.45505565404892,0,0,0,1,19.8765449523926
64.5189971923828,175406,0.61396998167038,307.157684326172,42.7317733764648,71.4190139770508,0.70123028755188,0,0,0,1,24.7874126434326
54.75,9584,0.50313001871109,153.392211914063,0,50.8555908203125,0.208681136369705,0,0,0,1,6.3206639289856
60.5369987487793,21250,0.597209990024567,166.687240600586,8.08946990966797,48.3858833312988,0.705882370471954,0,0,0,1,7.47585296630859
57.2229995727539,10854,0.415549993515015,120.705451965332,0,48.2310676574707,0.552791595458984,0,0,0,1,10.0526552200317
56.8250007629395,21132,0.437279999256134,127.938079833984,0.895944535732269,46.7348098754883,0.236607983708382,0,0,0,1,7.74636650085449
65.5699996948242,1298229,0.643800020217896,657.063171386719,49.4428672790527,100,3.02180886268616,0,0,0,1,40.8365859985352
56.8520011901856,17941,0.455229997634888,160.460815429688,0.406856209039688,25.681547164917,0.501644253730774,0,0,0,1,5.74990797042847
64.1230010986328,41022,0.521619975566864,174.631759643555,35.4761390686035,64.4020309448242,0.414411783218384,0,0,0,1,16.0151920318604
59.7599983215332,33833,0.438510000705719,123.269775390625,28.9636631011963,38.6161422729492,0.620695769786835,0,0,0,1,10.9517278671265
57.8370018005371,11113,0.369500011205673,129.770874023438,1.28552389144897,25.8256092071533,0.629892945289612,0,0,0,1,5.07237434387207
57.306999206543,5923,0.454679995775223,102.513816833496,0,27.2497043609619,0.844166815280914,0,0,0,1,5.32796764373779
62.7789993286133,47211,0.595719993114471,240.310821533203,0.209820598363876,73.6247940063477,1.0590752363205,0,0,0,1,19.4766445159912
53.7150001525879,14837,0.614480018615723,195.718460083008,0,27.1685657501221,0.336995363235474,0,0,0,1,6.91681575775147
54.7270011901856,15024,0.55036997795105,194.964294433594,0,46.5122451782227,0.532481372356415,0,0,0,1,11.0339469909668
65.3359985351563,38332,0.566030025482178,366.233856201172,12.3272476196289,91.3779602050781,0.365230083465576,0,0,0,1,14.1194839477539
65.3330001831055,42006,0.48870000243187,198.068222045898,0.790884971618652,24.2417755126953,0.404704093933105,0,0,0,1,8.34872341156006
54.5719985961914,11415,0.444400012493134,110.578117370605,0.146751970052719,17.4156818389893,0.61322820186615,0,0,0,1,4.75960493087769
55.4630012512207,9748,0.511780023574829,114.16170501709,0,46.2453842163086,0.410340577363968,0,0,0,1,10.0478477478027
52.6629981994629,9885,0.427260011434555,106.645523071289,1.18302428722382,43.9757194519043,0.809307038784027,0,0,0,1,5.53685092926025
56.4000015258789,42236,0.586650013923645,197.685256958008,0.937011897563934,45.9986724853516,0.0947059392929077,0,0,0,1,8.94332599639893
55.4420013427734,29598,0.484620004892349,154.677719116211,15.9454545974731,56.4565162658692,0.506790995597839,0,0,0,1,7.77312660217285
54.7760009765625,18912,0.471819996833801,127.323951721191,0.0947912484407425,29.7535953521729,0.898900151252747,0,0,0,1,5.21212673187256
56.6580009460449,17291,0.429879993200302,133.367324829102,1.42652666568756,45.9371910095215,0.2313342243433,0,0,0,1,4.4936580657959
56.6430015563965,11533,0.521730005741119,142.267883300781,12.747073173523,52.2153816223145,0.606953978538513,0,0,0,1,12.263765335083
62.6800003051758,31015,0.577149987220764,107.462295532227,18.8206481933594,36.7080459594727,0.257939696311951,0,0,0,1,7.85390758514404
64.3130035400391,28676,0.673910021781921,190.804946899414,0.121813870966434,53.7557525634766,0.453340768814087,0,0,0,1,15.812539100647
63.8460006713867,85861,0.486589998006821,198.522659301758,22.4144287109375,83.067985534668,0.768684267997742,0,0,0,1,18.9596405029297
56.9039993286133,14172,0.567900002002716,152.608673095703,15.6816558837891,45.3782119750977,0.987863421440125,0,0,0,1,9.32733917236328
64.3130035400391,72341,0.620379984378815,205.619262695313,0.0521631352603436,59.9037475585938,0.525289952754974,0,0,0,1,17.5891246795654
61.8409996032715,19009,0.604309976100922,110.757095336914,0,16.4448413848877,0.105213321745396,0,0,0,1,6.07190561294556
63.9080009460449,31510,0.480450004339218,153.546447753906,9.90794563293457,49.2795944213867,0.222151696681976,0,0,0,1,13.9362487792969
59.7599983215332,33258,0.466390013694763,110.807060241699,2.7358512878418,31.2857055664063,0.541223168373108,0,0,0,1,8.94256019592285
61.6100006103516,11879,0.498730003833771,74.0767288208008,0,31.7787685394287,0.505093038082123,0,0,0,1,10.5001611709595
58.3919982910156,5779,0.530740022659302,57.1210289001465,0,17.0617752075195,0.346080631017685,0,0,0,1,9.84061813354492
58.0919990539551,67572,0.507290005683899,177.183120727539,2.07602477073669,42.9763793945313,0.295980572700501,0,0,0,1,12.9769916534424
57.6780014038086,22726,0.625649988651276,159.673645019531,0,57.4408149719238,0.220012322068214,0,0,0,1,15.4492702484131
57.3880004882813,11675,0.457080006599426,124.403282165527,0.511757612228394,37.8329772949219,0.0856531038880348,0,0,0,1,4.89800643920898
58.1759986877442,17352,0.585860013961792,137.032211303711,0.390247344970703,34.2035484313965,0.230520978569984,0,0,0,1,13.4744319915772
63.0789985656738,17093,0.493519991636276,240.340942382813,0,50.5762596130371,0.175510436296463,0,0,0,1,10.8716421127319
59.0120010375977,6789,0.401510000228882,96.8721084594727,1.50567471981049,21.4906463623047,0.147297099232674,0,0,0,1,6.92773103713989
65.3330001831055,6677,0.524190008640289,194.897277832031,1.12652707099915,46.8923187255859,0.449303567409515,0,0,0,1,13.5252704620361
57.5960006713867,57256,0.555249989032745,194.129364013672,5.14514207839966,70.4904327392578,0.401704639196396,0,0,0,1,14.8720073699951
67.556999206543,14907,0.436529994010925,380.144927978516,1.48641204833984,92.2452545166016,0.335412889719009,0,0,0,1,14.2219171524048
63.3959999084473,11934,0.457619994878769,128.77751159668,0.184489160776138,61.3541145324707,1.17311882972717,0,0,0,1,6.66110038757324
59.8359985351563,18799,0.496650010347366,154.637725830078,0,74.8975982666016,0.531943202018738,0,0,0,1,11.6656312942505
65.5070037841797,27674,0.54433000087738,136.890823364258,0,34.9027976989746,0.722699999809265,0,0,0,1,13.5210294723511
56.6800003051758,19148,0.474130004644394,89.9925231933594,1.23780357837677,19.678295135498,0.104449547827244,0,0,0,1,4.4715256690979
59.8059997558594,7110,0.552739977836609,154.668823242188,0.338252991437912,69.4374084472656,1.12517583370209,0,0,0,1,16.3037033081055
61.007999420166,12070,0.540109992027283,150.675140380859,1.05217278003693,55.6172332763672,0.331400156021118,0,0,0,1,11.9807481765747
63.9080009460449,8132,0.507139980792999,110.842552185059,0.198153957724571,18.8942279815674,0.368912935256958,0,0,0,1,11.7508869171143
59.3520011901856,14256,0.456910014152527,145.700973510742,0,36.6442184448242,0.140291810035706,0,0,0,1,11.620041847229
61.0769996643067,28018,0.526700019836426,135.461074829102,0.956358373165131,33.2429161071777,0.713826835155487,0,0,0,1,8.87753868103027
60.0999984741211,106848,0.544969975948334,220.165130615234,40.1366157531738,79.8919982910156,0.720649898052216,0,0,0,1,18.7453117370605
59.5460014343262,26560,0.445939987897873,86.8467788696289,5.80559587478638,20.8734931945801,0.0753012076020241,0,0,0,1,6.605712890625
55.5149993896484,16337,0.453619986772537,131.991546630859,0,48.3748550415039,0.612107515335083,0,0,0,1,11.8760766983032
56.4819984436035,164921,0.551429986953735,242.929916381836,3.27708196640015,79.3555526733399,0.345620036125183,0,0,0,1,17.8492832183838
62.9080009460449,38563,0.417430013418198,127.146369934082,0.0429823584854603,37.099853515625,0.70015299320221,0,0,0,1,8.56816482543945
55.9329986572266,14334,0.426479995250702,102.461502075195,6.72815418243408,39.3679351806641,0.55811357498169,0,0,0,1,9.01711845397949
58.1220016479492,4950,0.485700011253357,164.141738891602,1.75909614562988,70.7272720336914,3.03030300140381,0,0,0,1,9.82358074188232
53.8569984436035,13033,0.543630003929138,163.244018554688,4.07169389724731,63.5156898498535,0.383641511201859,0,0,0,1,11.0320911407471
59.0439987182617,5919,0.544009983539581,141.978424072266,0.460856229066849,30.8667011260986,0.506842374801636,0,0,0,1,6.3586540222168
53.0349998474121,7067,0.396499991416931,93.7272872924805,0,15.0841941833496,0.141502752900124,0,0,0,1,2.98951649665833
59.5530014038086,22188,0.411749988794327,144.390533447266,30.5061817169189,51.856861114502,0.225347027182579,0,0,0,1,12.916600227356
56.007999420166,8305,0.3158900141716,88.6389617919922,0,32.4503326416016,0.240818783640862,0,0,0,1,4.71127939224243
56.6269989013672,13721,0.505940020084381,137.90380859375,0,29.5896797180176,0.218642950057983,0,0,0,1,7.49976634979248
54.3989982604981,18597,0.390940010547638,124.937530517578,1.40321612358093,66.639778137207,0.376404792070389,0,0,0,1,12.5032081604004
59.5530014038086,36770,0.433180004358292,159.491287231445,0,30.115665435791,0.271960824728012,0,0,0,1,6.59528636932373
54.2470016479492,10041,0.549530029296875,96.1700973510742,0.343031495809555,39.8765068054199,0.199183344841003,0,0,0,1,3.64534568786621
52.3689994812012,18630,0.548420011997223,102.099998474121,0.597545742988586,17.7938804626465,0.16103059053421,0,0,0,1,3.13942432403564
58.1189994812012,18777,0.471529990434647,117.11408996582,17.2268543243408,51.840015411377,0.585823059082031,0,0,0,1,9.25261878967285
52.4179992675781,5687,0.523840010166168,115.151992797852,0,35.8009490966797,0.175839632749558,0,0,0,1,6.8847336769104
58.4830017089844,8196,0.513849973678589,103.463119506836,0,36.8350410461426,0.488042950630188,0,0,0,1,4.46679353713989
54.2470016479492,9799,0.500959992408752,120.297088623047,1.72284817695618,21.2368602752686,0.408204913139343,0,0,0,1,5.03620290756226
56.0009994506836,16739,0.41117000579834,107.027297973633,0,56.9926528930664,0.358444362878799,0,0,0,1,8.07537174224854
58.1220016479492,4784,0.567860007286072,215.264221191406,0.545687079429627,87.855354309082,1.46321070194244,0,0,0,1,9.18906116485596
59.5530014038086,49240,0.471659988164902,168.586791992188,4.38964128494263,28.3813972473145,0.284321695566177,0,0,0,1,11.1240215301514
54.2470016479492,17816,0.313569992780685,110.474327087402,0,28.4463405609131,0.112258642911911,0,0,0,1,4.45168590545654
54.6959991455078,41214,0.517780005931854,155.967391967773,42.9846229553223,77.5391845703125,0.291163206100464,0,0,0,1,12.1067190170288
51.7249984741211,10011,0.404240012168884,110.038116455078,0,34.0924987792969,0.199780240654945,0,0,0,1,6.33505964279175
54.2470016479492,19052,0.363000005483627,108.465110778809,0.172654181718826,13.3074064254761,0.314927577972412,0,0,0,1,6.36154651641846
58.5410003662109,3438,0.442669987678528,127.935752868652,0,76.8179168701172,1.45433390140533,0,0,0,1,8.09974193572998
54.3989982604981,12097,0.348549991846085,111.231292724609,4.10595226287842,37.4886322021484,0.413325607776642,0,0,0,1,5.34103012084961
54.2470016479492,27801,0.490920007228851,107.559234619141,1.13567805290222,27.1680870056152,0.0719398558139801,0,0,0,1,4.94512891769409
56.6389999389649,15620,0.358839988708496,107.302833557129,0.247456818819046,47.0806655883789,0.192061454057693,0,0,0,1,4.56337404251099
55.7439994812012,26127,0.432440012693405,101.419578552246,0.679600536823273,19.3592834472656,0.0765491649508476,0,0,0,1,4.39402151107788
58.5410003662109,19849,0.46424001455307,101.922241210938,0,20.2025299072266,0.302282243967056,0,0,0,1,4.41118907928467
52.3689994812012,14791,0.446209996938705,86.0214920043945,0.145415961742401,27.3544731140137,0.135217368602753,0,0,0,1,4.28295040130615
53.0349998474121,4746,0.551670014858246,141.890640258789,0,47.2397804260254,0.210703745484352,0,0,0,1,9.49452590942383
59.9329986572266,7481,0.312119990587235,134.95036315918,3.11774277687073,30.7712879180908,0.534687876701355,0,0,0,1,4.4066686630249
62.601001739502,7093,0.379790008068085,134.770233154297,0,31.3548564910889,0.281968146562576,0,0,0,1,9.06491851806641
53.8569984436035,4372,0.388909995555878,95.8611068725586,0,48.6733741760254,0.457456529140472,0,0,0,1,4.2975640296936
57.8569984436035,24201,0.355740010738373,108.134132385254,0,35.3043251037598,0.371885448694229,0,0,0,1,3.5068187713623
54.9720001220703,15074,0.454650014638901,139.897857666016,1.66844499111176,9.85850524902344,0.265357583761215,0,0,0,1,8.48974609375
55.8479995727539,22221,0.408120006322861,129.577774047852,0,23.0997695922852,0.450024753808975,0,0,0,1,6.93698883056641
54.2470016479492,15900,0.396890014410019,112.206481933594,15.4542465209961,30.8742141723633,0.125786170363426,0,0,0,1,5.26275539398193
54.4249992370606,19447,0.370970010757446,104.787117004395,0,7.857253074646,0.411374509334564,0,0,0,1,3.27897143363953
63.1599998474121,629041,0.611530005931854,493.57470703125,42.3151817321777,92.7352905273438,2.27012228965759,0,0,0,1,37.0907287597656
53.0349998474121,17257,0.495359987020493,136.649108886719,1.61153340339661,45.2743797302246,0.521527469158173,0,0,0,1,8.50752544403076
59.6759986877441,16403,0.416960000991821,123.190788269043,0,58.1836395263672,0.121928915381432,0,0,0,1,8.78996849060059
58.2840003967285,11380,0.590919971466065,87.1381072998047,0,31.6520214080811,0.263620376586914,0,0,0,1,10.1371021270752
62.1990013122559,24810,0.487500011920929,154.185028076172,2.07693386077881,59.0810165405274,0.927045524120331,0,0,0,1,13.3495330810547
59.4700012207031,14966,0.586449980735779,158.757843017578,0.334196388721466,64.2990798950195,0.33409059047699,0,0,0,1,9.13377475738525
60.0519981384277,3965,0.420080006122589,110.59895324707,6.17483329772949,22.8171710968018,0.252206802368164,0,0,0,1,7.28091192245483
57.8419990539551,26475,0.509660005569458,95.9075317382812,1.39497935771942,16.7327671051025,0.151085928082466,0,0,0,1,6.39404344558716
60.5499992370606,21146,0.451330006122589,112.643478393555,0,67.8142471313477,0.520192921161652,0,0,0,1,12.2486915588379
54.9720001220703,10564,0.543510019779205,170.554443359375,0.194070518016815,62.425350189209,0.378644466400147,0,0,0,1,11.3024454116821
56.1940002441406,9355,0.520969986915588,119.450828552246,0,17.3169422149658,0.641368269920349,0,0,0,1,7.70033884048462
53.0349998474121,6140,0.353049993515015,89.0391616821289,0,29.6416931152344,0.162866443395615,0,0,0,1,7.20138883590698
56.7430000305176,28724,0.471040010452271,128.401473999023,4.38465404510498,48.3602561950684,1.04442274570465,0,0,0,1,9.82723045349121
54.7270011901856,14553,0.646229982376099,189.836700439453,5.76381778717041,35.3878936767578,0.137428715825081,0,0,0,1,7.35925102233887
53.8569984436035,15653,0.575370013713837,164.955505371094,0,60.2440414428711,0.191656544804573,0,0,0,1,12.8289995193481
50.9059982299805,6414,0.570469975471497,147.621826171875,9.08663940429688,58.8244476318359,0.155908942222595,0,0,0,1,5.23226690292358
55.7350006103516,4413,0.505360007286072,82.6281814575195,0.165924862027168,20.8474960327148,0.453206449747086,0,0,0,1,5.83511018753052
53.0349998474121,10130,0.429419994354248,81.2648849487305,0,15.8440275192261,0.0987166836857796,0,0,0,1,4.92645359039307
53.0530014038086,9346,0.533209979534149,90.8953399658203,0.749847650527954,47.3250579833984,0.427990585565567,0,0,0,1,8.90059471130371
50.9679985046387,3628,0.495200008153915,95.9387283325195,0,60.9977951049805,0.551267921924591,0,0,0,1,11.1093969345093
60.0519981384277,77204,0.53890997171402,188.690155029297,2.16965889930725,60.1277122497559,0.518107891082764,0,0,0,1,15.104510307312
58.2840003967285,21506,0.548439979553223,166.716400146484,0,41.9650344848633,0.371989220380783,0,0,0,1,15.089280128479
56.0449981689453,14091,0.382730007171631,111.500534057617,0,37.9958839416504,0.14193457365036,0,0,0,1,8.96498870849609
57.189998626709,7117,0.429639995098114,86.9652481079102,2.4740743637085,62.9900245666504,0.702543199062347,0,0,0,1,7.1438045501709
58.5410003662109,52245,0.579649984836578,218.863082885742,8.26353645324707,74.8162841796875,0.689061164855957,0,0,0,1,22.2379970550537
58.5410003662109,16914,0.493900001049042,168.867141723633,1.55866551399231,60.8785629272461,0.650348842144013,0,0,0,1,8.31610870361328
54.9570007324219,29254,0.525730013847351,168.640655517578,6.3032431602478,76.051139831543,0.376016944646835,0,0,0,1,13.6445627212524
55.3440017700195,3748,0.649330019950867,144.323211669922,2.43564438819885,28.2326774597168,0.266808956861496,0,0,0,1,4.06359434127808
54.6959991455078,14458,0.606239974498749,281.666381835938,30.4271144866943,11.8826942443848,1.59081482887268,0,0,0,1,21.7006969451904
52.3689994812012,11489,0.448940008878708,75.9240570068359,0,10.5753326416016,0.0870397761464119,0,0,0,1,6.06437921524048
60.6529998779297,22658,0.501879990100861,169.350723266602,0,49.3512229919434,0.264807134866715,0,0,0,1,12.8709907531738
52.3689994812012,9615,0.284680008888245,97.4814071655273,2.82161331176758,42.1831550598145,0.208008319139481,0,0,0,1,5.7271294593811
53.7620010375977,17557,0.446570008993149,111.11882019043,0.839622318744659,32.6422500610352,0.284786701202393,0,0,0,1,7.33895683288574
58.2010002136231,11402,0.529209971427918,133.320404052734,0.155803397297859,48.1231346130371,1.14015090465546,0,0,0,1,8.68676090240479
58.1220016479492,53924,0.506659984588623,197.803146362305,2.33725190162659,71.7475814819336,0.927230894565582,0,0,0,1,19.5286674499512
54.7709999084473,7445,0.326599985361099,126.226219177246,1.5803633928299,53.9825401306152,0.402954995632172,0,0,0,1,4.69797801971436
55.9329986572266,5796,0.413320004940033,175.082336425781,0,87.6984100341797,1.2077294588089,0,0,0,1,15.9497146606445
58.2840003967285,36088,0.548449993133545,139.960357666016,0,55.824649810791,0.554200828075409,0,0,0,1,13.9878730773926
56.875,12012,0.442979991436005,121.044937133789,1.70116400718689,47.1694984436035,0.0832500830292702,0,0,0,1,6.98212432861328
59.3030014038086,6313,0.480670005083084,95.153923034668,1.2961630821228,43.2916221618652,0.316806584596634,0,0,0,1,9.24133491516113
56.6389999389649,21996,0.46900001168251,140.293487548828,6.23282384872437,49.7817802429199,0.454628109931946,0,0,0,1,10.0156841278076
50.9679985046387,27413,0.502129971981049,70.745246887207,0,23.2116146087647,0.0364790409803391,0,0,0,1,3.85184502601624
62.310001373291,31238,0.465979993343353,136.024337768555,0.230136781930923,42.5135154724121,0.352135211229324,0,0,0,1,7.89314126968384
59.5530014038086,50689,0.53627997636795,185.467437744141,29.1506023406982,55.4775199890137,0.236737757921219,0,0,0,1,14.3144674301147
63.2960014343262,4897,0.420740008354187,114.907363891602,6.09975957870483,23.2387180328369,0.612619996070862,0,0,0,1,8.22725677490234
54.2470016479492,24696,0.437770009040833,107.026069641113,3.27671766281128,29.761905670166,0.688370585441589,0,0,0,1,5.66435194015503
62.1990013122559,9186,0.519810020923615,212.628005981445,0.239494889974594,63.0307006835938,1.74178099632263,0,0,0,1,19.1535587310791
50.9679985046387,9413,0.481629997491837,80.096923828125,0.290241092443466,32.5294799804688,0.106236055493355,0,0,0,1,3.19415235519409
57.189998626709,7715,0.406269997358322,106.052055358887,0.828513145446777,26.4938430786133,0.388852894306183,0,0,0,1,6.74923467636108
56.4819984436035,16809,0.428600013256073,111.168640136719,0,20.7686367034912,0.237967759370804,0,0,0,1,6.25012350082398
54.7709999084473,29664,0.384409993886948,139.742431640625,9.66962623596191,73.5908813476563,0.134843587875366,0,0,0,1,6.52931261062622
52.3689994812012,22680,0.454340010881424,62.4307098388672,5.9032506942749,28.0423278808594,0.044091708958149,0,0,0,1,7.20972156524658
58.4830017089844,57425,0.546029984951019,157.564041137695,0.109631486237049,59.4441184997559,0.226382240653038,0,0,0,1,10.450309753418
55.3440017700195,23571,0.527710020542145,149.294158935547,0.0102556878700852,59.611385345459,0.42425012588501,0,0,0,1,12.7268724441528
55.257999420166,1891,0.431789994239807,105.986396789551,6.58177280426025,55.4732933044434,1.05764150619507,0,0,0,1,7.48327875137329
57.6520004272461,16275,0.45618000626564,157.519012451172,38.2538681030273,46.961597442627,0.184331804513931,0,0,0,1,10.8818283081055
64.9599990844727,402341,0.624909996986389,563.007690429688,73.9522171020508,100,2.74891209602356,0,0,0,1,41.9248161315918
55.6489982604981,10477,0.511430025100708,142.258575439453,0.046312864869833,34.179630279541,0.477235853672028,0,0,0,1,7.99190044403076
62.1870002746582,10542,0.424719989299774,156.994598388672,0.0834662988781929,36.4826393127441,1.32802128791809,0,0,0,1,6.59930849075317
55.257999420166,12727,0.496989995241165,235.369430541992,54.0411338806152,58.4741096496582,0.628584921360016,0,0,0,1,22.2963352203369
58.0340003967285,23015,0.558170020580292,241.27978515625,0.925038933753967,57.1409950256348,0.521399080753326,0,0,0,1,15.521595954895
55.257999420166,6701,0.381269991397858,118.930908203125,0.50462818145752,51.2311592102051,0.149231463670731,0,0,0,1,6.90657186508179
63.3339996337891,13420,0.551490008831024,183.585754394531,0.0315456204116344,36.5946350097656,,0,0,0,1,8.87265300750732
58.5089988708496,3863,0.452199995517731,131.403518676758,0.185875549912453,35.0245933532715,0.258866161108017,0,0,0,1,9.29174137115479
53.101001739502,11473,0.456000000238419,142.69694519043,10.9128608703613,46.3871688842774,0.174322322010994,0,0,0,1,6.43484973907471
58.8139991760254,25105,0.549860000610352,162.066497802734,1.19861423969269,58.6377220153809,0.039832703769207,0,0,0,1,10.6841888427734
55.4879989624024,15418,0.565779983997345,178.001739501953,0.339394748210907,48.0931396484375,0.194577768445015,0,0,0,1,4.06507682800293
60.5530014038086,6782,0.558229982852936,215.489517211914,64.925666809082,79.047477722168,0.294898271560669,0,0,0,1,17.2995872497559
64.6449966430664,5122,0.444189995527267,201.057662963867,52.2569351196289,78.5044937133789,0.976181149482727,0,0,0,1,22.6667385101318
58.693000793457,10932,0.476480007171631,141.659210205078,1.24854934215546,45.0146369934082,0.457372844219208,0,0,0,1,7.41431999206543
61.1780014038086,3325,0.476709991693497,134.321182250977,0,54.7969932556152,,0,0,0,1,9.12051773071289
61.5929985046387,2645,0.361829996109009,135.870620727539,49.7408027648926,58.790168762207,0.378071844577789,0,0,0,1,17.4258327484131
57.0480003356934,53869,0.524079978466034,212.099166870117,1.99909496307373,82.3404922485352,0.185635522007942,0,0,0,1,15.9897594451904
58.3709983825684,4417,0.433860003948212,124.728080749512,6.56007385253906,45.3927993774414,,0,0,0,1,9.225905418396
62.6100006103516,10278,0.579850018024445,197.44108581543,0,47.4119491577149,0.194590389728546,0,0,0,1,11.5582666397095
53.5900001525879,10465,0.477730005979538,113.353073120117,0.807081401348114,22.7329196929932,,0,0,0,1,7.27273511886597
62.8300018310547,2148,0.410270005464554,137.070678710938,0.4273342192173,62.3836135864258,0.465549349784851,0,0,0,1,16.5571765899658
53.101001739502,5176,0.429109990596771,118.959083557129,0,35.8384857177734,0.193199381232262,0,0,0,1,7.97978115081787
55.257999420166,7125,0.400310009717941,89.7566604614258,30.016580581665,44.6456146240234,0.421052634716034,0,0,0,1,9.71262359619141
55.1389999389649,11607,0.363920003175735,113.085037231445,0.488124012947083,33.7985687255859,0.258464723825455,0,0,0,1,3.20840406417847
64.2699966430664,64838,0.512220025062561,265.413146972656,1.86111533641815,63.3039283752441,0.169653594493866,0,0,0,1,12.7580041885376
57.2019996643066,30885,0.462760001420975,120.86873626709,20.88454246521,39.2779655456543,0.129512712359428,0,0,0,1,8.3044900894165
59.0929985046387,4834,0.47529000043869,160.550643920898,0,50.4344215393066,0.206868022680283,0,0,0,1,9.93657493591309
56.9780006408691,20324,0.391039997339249,108.467384338379,2.33831071853638,34.8258209228516,0.0984058231115341,0,0,0,1,5.98376989364624
57.6879997253418,13004,0.51884001493454,161.377166748047,2.06016707420349,47.6007385253906,0.384497076272965,0,0,0,1,12.6594285964966
57.9799995422363,10549,0.440690010786057,118.167526245117,28.1624565124512,31.5195751190186,0.284387141466141,0,0,0,1,5.85684490203857
57.9930000305176,72144,0.515410006046295,206.546890258789,2.88822793960571,45.1014633178711,0.34652915596962,0,0,0,1,11.6417484283447
56.5859985351563,18944,0.471509993076325,154.888931274414,36.2428016662598,84.5650329589844,0.475084453821182,0,0,0,1,15.7676706314087
63.7929992675781,4968,0.461679995059967,135.232833862305,0.217946842312813,27.3752021789551,0.402576476335526,0,0,0,1,7.11515188217163
58.8190002441406,2550,0.471410006284714,138.648376464844,7.42354440689087,40.1568641662598,0.7843137383461,0,0,0,1,16.4099502563477
58.2389984130859,9982,0.42875000834465,170.501480102539,0,43.3480262756348,0.200360655784607,0,0,0,1,12.2021226882935
58.6650009155274,14683,0.503700017929077,153.956741333008,46.1193466186523,75.6316833496094,0.34052985906601,0,0,0,1,13.4349737167358
62.7569999694824,9232,0.429780006408691,146.738372802734,6.37271213531494,27.0255641937256,0.324956685304642,0,0,0,1,8.43182849884033
53.101001739502,9589,0.417849987745285,111.078468322754,14.1687440872192,52.455940246582,0.208572328090668,0,0,0,1,6.91336393356323
55.6310005187988,6682,0.382030010223389,122.249649047852,2.98552250862122,35.4534568786621,0.748278975486755,0,0,0,1,9.25350952148438
56.3619995117188,21411,0.472719997167587,153.182174682617,0,42.6136093139648,0.420344680547714,0,0,0,1,16.046594619751
58.6209983825684,8584,0.398829996585846,127.224807739258,1.13816452026367,17.101583480835,0.116495802998543,0,0,0,1,5.43286418914795
59.0929985046387,23478,0.475419998168945,157.925552368164,0.176803290843964,58.2460174560547,0.511116802692413,0,0,0,1,10.1215257644653
61.0099983215332,19606,0.520910024642944,180.650894165039,0.189621418714523,56.0134658813477,0.153014376759529,0,0,0,1,10.105884552002
55.257999420166,4668,0.557519972324371,193.577209472656,0,42.1808052062988,0.214224502444267,0,0,0,1,8.59878540039063
64.2699966430664,67574,0.457890003919601,175.165863037109,65.6245956420899,99.9595108032227,0.31077042222023,0,0,0,1,22.6359386444092
57.9799995422363,11500,0.401100009679794,108.280876159668,17.9934844970703,17.5391311645508,0.0869565233588219,0,0,0,1,4.62071657180786
55.4879989624024,2144,0.326900005340576,117.74210357666,0,39.1324615478516,0.466417908668518,0,0,0,1,9.90659713745117
58.693000793457,7306,0.434650003910065,168.043426513672,0,66.80810546875,0.410621404647827,0,0,0,1,13.130838394165
58.6209983825684,4430,0.463719993829727,134.885833740234,0.256039023399353,55.6452522277832,0.451467275619507,0,0,0,1,10.1367359161377
60.0699996948242,4838,0.493270009756088,149.525177001953,4.70774364471436,54.2786293029785,0.620090961456299,0,0,0,1,13.1090621948242
53.101001739502,20155,0.445740014314652,100.582588195801,0,23.2299671173096,0.148846447467804,0,0,0,1,3.73717451095581
55.257999420166,17666,0.477710008621216,119.830757141113,1.3943190574646,44.4299774169922,0.226423636078835,0,0,0,1,6.9057035446167
53.8730010986328,23476,0.432559996843338,109.108085632324,0.190066516399384,30.1499404907227,0.127790078520775,0,0,0,1,7.03438377380371
55.7830009460449,25091,0.556490004062653,223.404235839844,66.4971389770508,87.4576568603516,0.478259146213532,0,0,0,1,23.3879737854004
56.0200004577637,16992,0.42645999789238,130.772186279297,3.81692171096802,19.5974578857422,0.294256120920181,0,0,0,1,4.96323919296265
62.6450004577637,7551,0.411909997463226,157.339660644531,31.1547241210938,71.5799255371094,0.397298365831375,0,0,0,1,15.9862108230591
63.507999420166,14032,0.504610002040863,174.718856811523,0,56.1217231750488,0.356328397989273,0,0,0,1,10.6834077835083
56.5859985351563,5639,0.504949986934662,185.863861083984,61.8752250671387,78.9856338500977,,0,0,0,1,18.2835216522217
56.1780014038086,16717,0.396979987621307,142.977111816406,49.1180801391602,21.7084407806396,0.358916074037552,0,0,0,1,9.82728481292725
53.625,9874,0.367500007152557,98.2177124023438,0,18.9183712005615,0.202552154660225,0,0,0,1,3.78020763397217
61.5929985046387,3363,0.456550002098084,126.321632385254,3.32734346389771,51.9774017333984,0.297353565692902,0,0,0,1,8.80291271209717
62.6450004577637,10624,0.432960003614426,117.063980102539,0.293648034334183,72.6939010620117,0.282379508018494,0,0,0,1,12.6795291900635
64.2429962158203,47558,0.489910006523132,188.512023925781,40.1973266601563,97.2439346313477,0.336431294679642,0,0,0,1,19.9464988708496
56.0929985046387,7752,0.438219994306564,148.193893432617,0.614468038082123,39.331787109375,0.257997930049896,0,0,0,1,3.75421547889709
57.6879997253418,2222,0.48047998547554,184.565826416016,0,80.7744216918945,0.450045019388199,0,0,0,1,10.0471973419189
63.0639991760254,3132,0.49702000617981,138.196105957031,0.774396419525147,38.4418907165527,0.319284796714783,0,0,0,1,6.24401569366455
55.257999420166,32196,0.476099997758865,160.991516113281,34.4284858703613,40.8063125610352,0.0310597587376833,0,0,0,1,10.3848962783813
56.8160018920899,6297,0.422250002622604,141.378845214844,31.4051494598389,36.8905830383301,0.47641733288765,0,0,0,1,11.90003490448
55.257999420166,2205,0.443930000066757,115.045074462891,1.00581109523773,37.9591827392578,0.453514724969864,0,0,0,1,9.12703704833984
55.257999420166,37577,0.498650014400482,165.998138427734,47.9252471923828,58.2324295043945,0.532240450382233,0,0,0,1,7.43061685562134
57.2019996643066,11278,0.389160007238388,119.058250427246,0.210121020674706,26.839864730835,0.266004621982574,0,0,0,1,4.21722316741943
56.9560012817383,14593,0.557020008563995,203.366333007813,0.24822898209095,55.5266227722168,0.0685260072350502,0,0,0,1,9.45633506774902
63.1710014343262,8754,0.483110010623932,149.763473510742,3.16681814193726,33.870231628418,0.114233493804932,0,0,0,1,8.55965709686279
57.1730003356934,11449,0.414849996566772,158.630096435547,0,25.7839107513428,0.262031614780426,0,0,0,1,12.5699529647827
54.2299995422363,12894,0.483599990606308,144.442626953125,25.162576675415,75.4459457397461,0.232666358351707,0,0,0,1,9.63957023620605
51.3160018920899,13714,0.415199995040894,126.579124450684,0.115530632436275,16.6180553436279,0.36459094285965,0,0,0,1,1.77139472961426
56.3120002746582,14145,0.419160008430481,83.5006790161133,0.968168437480927,22.071403503418,0.0706963613629341,0,0,0,1,3.03568315505981
63.2910003662109,7307,0.493389993906021,131.449371337891,22.8726501464844,15.4107093811035,0.136855065822601,0,0,0,1,7.66734123229981
58.6559982299805,6612,0.591409981250763,142.022354125977,40.723560333252,38.371208190918,0.151240170001984,0,0,0,1,5.56870317459106
61.6110000610352,116894,0.615190029144287,304.077911376953,56.6193046569824,85.1266937255859,0.821256875991821,0,0,0,1,28.1665573120117
58.7809982299805,15410,0.472449988126755,156.702758789063,29.1466178894043,35.4574966430664,0.324464619159699,0,0,0,1,9.02242374420166
62.2379989624024,10004,0.388000011444092,86.5312194824219,50.7548789978027,60.2558975219727,,0,0,0,1,5.22793626785278
60.8520011901856,28026,0.549860000610352,166.284820556641,8.41863632202148,56.4868354797363,0.428173840045929,0,0,0,1,14.831976890564
58.6360015869141,22779,0.534929990768433,181.62272644043,1.60559546947479,72.1893005371094,0.263400495052338,0,0,0,1,18.5012645721436
54.0750007629395,15965,0.495020002126694,128.73225402832,1.12932276725769,51.6567497253418,0.25054806470871,0,0,0,1,8.75925064086914
60.1710014343262,41544,0.360540002584457,96.5810775756836,0.538059890270233,10.4491624832153,0.0722125917673111,0,0,0,1,1.8325697183609
54.0209999084473,14285,0.62635999917984,161.449417114258,10.5224943161011,40.7888641357422,0.140007004141808,0,0,0,1,6.5411639213562
53.439998626709,17170,0.547299981117249,129.542877197266,18.4040946960449,21.3511943817139,0.116482235491276,0,0,0,1,2.48916435241699
63.4850006103516,16052,0.437119990587235,127.610198974609,7.94592571258545,23.3553447723389,0.0622975341975689,0,0,0,1,6.04868364334106
59.7439994812012,7859,0.451869994401932,98.5143280029297,20.1548805236816,37.9564819335938,0.381727963685989,0,0,0,1,7.32878971099854
59.9360008239746,17104,0.494729995727539,140.573059082031,0,23.4440822601318,0.116931714117527,0,0,0,1,6.63346719741821
62.0470008850098,11328,0.371349990367889,77.9849624633789,1.20840382575989,6.83006620407105,0.0882768332958221,0,0,0,1,6.04108953475952
55.7879981994629,14082,0.443489998579025,103.108001708984,28.2158184051514,32.2397384643555,0.0710126385092735,0,0,0,1,6.90510654449463
61.6110000610352,15742,0.401129990816116,118.810134887695,0.212807655334473,37.739803314209,0.317621648311615,0,0,0,1,6.32483673095703
61.3209991455078,7647,0.445120006799698,100.902732849121,24.4878616333008,48.1365242004395,0.130770236253738,0,0,0,1,3.61737704277039
62.3450012207031,15464,0.44420000910759,84.0556335449219,0,13.4311952590942,0.193998962640762,0,0,0,1,4.19636631011963
54.3559989929199,8940,0.392259985208511,116.207038879395,34.5404014587402,42.0469779968262,0.335570484399796,0,0,0,1,5.67148971557617
56.6990013122559,45341,0.455159991979599,89.2064437866211,1.97903776168823,25.1866245269775,0.286716222763062,0,0,0,1,7.89183712005615
55.5620002746582,7636,0.484539985656738,124.805999755859,16.6187934875488,50.1440544128418,0.392875850200653,0,0,0,1,12.4753293991089
55.2280006408692,13594,0.406720012426376,91.1113433837891,10.7289571762085,32.779167175293,0.294247448444366,0,0,0,1,4.58171653747559
56.4449996948242,7811,0.470429986715317,134.265380859375,10.1674757003784,47.8555870056152,0.384073734283447,0,0,0,1,9.94953155517578
54.8419990539551,15737,0.484230011701584,112.035133361816,28.4633960723877,58.8930549621582,0.508356094360352,0,0,0,1,9.95172691345215
58.9570007324219,13823,0.541800022125244,101.332046508789,0.224947735667229,16.675106048584,0.217029586434364,0,0,0,1,3.69535493850708
62.1650009155274,21634,0.319739997386932,89.9229049682617,6.12568426132202,28.0623092651367,0.369788289070129,0,0,0,1,5.0390510559082
54.6710014343262,11489,0.359019994735718,117.02717590332,0,8.17303466796875,,0,0,0,1,2.3364098072052
60.9949989318848,39806,0.526690006256104,90.9585342407227,2.25252318382263,39.6096076965332,0.100487366318703,0,0,0,1,12.3203496932983
61.1300010681152,17246,0.52691000699997,128.052124023438,3.37694954872131,27.0149593353272,0.11596892029047,0,0,0,1,6.22609090805054
60.9830017089844,24844,0.463459998369217,145.435852050781,0,46.8684577941895,1.24778616428375,0,0,0,1,4.30432081222534
55.7400016784668,14469,0.516309976577759,148.141876220703,26.6990852355957,33.2918663024902,0.76024603843689,0,0,0,1,11.7447443008423
54.8419990539551,9690,0.417340010404587,100.948745727539,3.76688289642334,31.6305465698242,0.103199176490307,0,0,0,1,5.36365509033203
60.564998626709,92640,0.60521000623703,360.247039794922,2.73909020423889,76.5004348754883,0.539723634719849,0,0,0,1,20.502857208252
57.6399993896484,12059,0.427170008420944,125.70140838623,5.09719848632813,20.3001899719238,,0,0,0,1,5.73496150970459
54.9519996643067,10601,0.301919996738434,76.3899459838867,43.0410690307617,44.9303436279297,0.660315036773682,0,0,0,1,5.42108201980591
56.4300003051758,22070,0.476969987154007,156.427810668945,0,49.2070693969727,0.0453103743493557,0,0,0,1,9.95234107971191
63.2859992980957,14301,0.476240009069443,138.876770019531,0,39.9482536315918,0.0699251815676689,0,0,0,1,4.06071662902832
57.2820014953613,14620,0.472510010004044,120.026382446289,0,12.1819429397583,0.205198362469673,0,0,0,1,6.07335376739502
60.9090003967285,13505,0.564440011978149,92.5679931640625,7.83209943771362,22.1251392364502,0.0740466490387917,0,0,0,1,4.18605756759644
59.6399993896484,17160,0.805580019950867,262.161560058594,10.6806507110596,25.0349655151367,0.349650353193283,0,0,0,1,4.81972646713257
59.0760002136231,48910,0.592279970645905,217.123168945313,0,66.474235534668,0.0817828699946404,0,0,0,1,16.5113620758057
58.6980018615723,10226,0.410479992628098,101.664932250977,0.349696695804596,10.8310861587524,0.0977899506688118,0,0,0,1,0.768580973148346
63.6870002746582,13643,0.460920006036758,120.120025634766,0.154359042644501,18.2657775878906,0.146595329046249,0,0,0,1,5.64249181747437
55.4710006713867,11085,0.466360002756119,146.300750732422,0,39.2331962585449,0.090211994946003,0,0,0,1,5.57790756225586
63.132999420166,19444,0.607249975204468,112.225082397461,0.0288373921066523,26.0080223083496,0.154289245605469,0,0,0,1,8.15634346008301
61.8380012512207,10254,0.425799995660782,71.0572357177734,11.84632396698,16.6621932983398,0.585137486457825,0,0,0,1,6.08398914337158
62.9290008544922,13041,0.480329990386963,133.363403320313,14.5922031402588,25.7035503387451,0.460087418556213,0,0,0,1,6.80592823028565
63.4850006103516,11268,0.404949992895126,116.827293395996,0,13.4274053573608,0.177493780851364,0,0,0,1,4.21367454528809
59.5579986572266,14263,0.562709987163544,107.795989990234,0,17.1773128509522,0.0701114758849144,0,0,0,1,5.60043096542358
58.3289985656738,57176,0.72189998626709,311.140838623047,33.1741790771484,62.978328704834,0.36728698015213,0,0,0,1,17.9018306732178
58.4220008850098,20839,0.558839976787567,144.194702148438,1.55064535140991,76.5823669433594,0.527856409549713,0,0,0,1,10.2609453201294
60.2140007019043,12539,0.427540004253387,81.0299987792969,2.73355436325073,22.2107028961182,,0,0,0,1,2.83888101577759
60.9090003967285,9707,0.606490015983582,154.645477294922,1.43979859352112,31.9975280761719,0.618110656738281,0,0,0,1,4.57954072952271
57.632999420166,14523,0.427610009908676,80.0798645019531,2.92754006385803,12.7108726501465,0.27542519569397,0,0,0,1,4.72846984863281
60.0950012207031,28290,0.596650004386902,171.99186706543,3.43756103515625,50.1696701049805,0.247437253594399,0,0,0,1,19.6684722900391
63.5110015869141,17812,0.545830011367798,133.850555419922,31.8125514984131,48.8266334533692,0.168425783514977,0,0,0,1,13.9385023117065
57.0629997253418,17116,0.378380000591278,93.0249176025391,28.9774379730225,22.3416690826416,0.233699455857277,0,0,0,1,8.88292407989502
60.6860008239746,10655,0.315539985895157,93.8031845092774,0,8.36227130889893,,0,0,0,1,0.542545199394226
62.8849983215332,40380,0.589609980583191,158.301712036133,25.3326148986816,41.8880805969238,0.396235764026642,0,0,0,1,11.2364454269409
50.6100006103516,13704,0.548879981040955,121.144737243652,0.0783518701791763,42.9290733337402,0.0729713961482048,0,0,0,1,8.54741954803467
63.0260009765625,15217,0.361369997262955,152.492095947266,5.37125253677368,37.2148818969727,0.0657159760594368,0,0,0,1,6.68623447418213
53.3240013122559,15815,0.44200000166893,117.556480407715,14.9011354446411,30.6797351837158,0.12646222114563,0,0,0,1,7.5308198928833
57.7560005187988,37023,0.673120021820068,197.236267089844,11.3642435073853,44.1449928283691,0.513194501399994,0,0,0,1,10.0200328826904
60.1790008544922,113639,0.474330008029938,286.583770751953,55.4139251708984,95.2419509887695,1.98875391483307,0,0,0,1,22.9640064239502
63.0260009765625,32850,0.493310004472733,125.179634094238,4.40803909301758,24.904333114624,0.395738214254379,0,0,0,1,6.15376901626587
57.4000015258789,26125,0.830030024051666,198.278350830078,0,15.9885168075562,,0,0,0,1,5.13451099395752
53.439998626709,62104,0.528800010681152,118.764846801758,10.3461151123047,26.4588432312012,0.273734390735626,0,0,0,1,5.55143547058106
60.9329986572266,9475,0.363299995660782,87.9397811889649,0.307248443365097,17.2875995635986,0.21108178794384,0,0,0,1,7.30837345123291
51.8040008544922,22589,0.582090020179749,171.170837402344,32.0935287475586,33.4189224243164,0.0442693345248699,0,0,0,1,8.23557281494141
57.8899993896484,33019,0.510720014572144,145.024337768555,3.08816838264465,62.5639801025391,0.726854264736176,0,0,0,1,10.5344562530518
58.9179992675781,10728,0.433759987354279,109.440765380859,13.6114540100098,23.6856822967529,0.279642045497894,0,0,0,1,10.8655204772949
58.4910011291504,67941,0.548609972000122,275.499267578125,27.7141094207764,90.4284591674805,0.780088603496552,0,0,0,1,20.3538074493408
62.8849983215332,12610,0.457049995660782,109.456192016602,0,32.4107856750488,0.23790642619133,0,0,0,1,9.35994148254395
59.0099983215332,23568,0.438739985227585,154.935699462891,0.0956782326102257,50.4200592041016,0.12729124724865,0,0,0,1,4.16029262542725
51.4830017089844,30903,0.695540010929108,156.754699707031,10.4524755477905,22.4120635986328,0.258874535560608,0,0,0,1,5.0774450302124
54.5929985046387,13762,0.387760013341904,112.177146911621,0,38.0177307128906,0.0726638585329056,0,0,0,1,8.19628715515137
59.4850006103516,17142,0.43163999915123,153.493347167969,0.460767358541489,19.9801654815674,0.116672500967979,0,0,0,1,5.2688684463501
55.0960006713867,19659,0.458950012922287,136.411041259766,27.2164516448975,63.4315071105957,0.508672893047333,0,0,0,1,9.59705066680908
57.1129989624023,17088,0.50831001996994,93.6897659301758,0.237173542380333,2.91803693771362,0.0585206001996994,0,0,0,1,0.508948147296906
58.2980003356934,19763,0.431050002574921,155.264541625977,15.3665580749512,45.1955680847168,0.202398419380188,0,0,0,1,7.39954233169556
57.1080017089844,6400,0.519569993019104,131.635864257813,20.8775939941406,35.53125,0.15625,0,0,0,1,7.10880708694458
58.3689994812012,25565,0.449299991130829,103.604072570801,8.48884582519531,28.6524543762207,0.0391159802675247,0,0,0,1,7.67821884155273
58.1450004577637,46838,0.611729979515076,158.361251831055,0.781631052494049,39.4594116210938,0.192151665687561,0,0,0,1,7.30366897583008
63.2770004272461,26773,0.57397997379303,144.351089477539,0.492294520139694,49.2548446655274,0.485563814640045,0,0,0,1,12.2956266403198
60.564998626709,3274,0.357369989156723,118.032890319824,0,24.4654865264893,0.305436760187149,0,0,0,1,5.8442063331604
61.1769981384277,43430,0.519280016422272,213.97412109375,53.72998046875,76.8915481567383,0.437485605478287,0,0,0,1,17.6948661804199
61.8380012512207,9714,0.628639996051788,107.53303527832,0,11.4396934509277,0.514721035957336,0,0,0,1,3.22386741638184
56.2120018005371,14696,0.565779983997345,145.730102539063,0.0946893468499184,45.0530738830566,0.340228646993637,0,0,0,1,15.4696836471558
55.314998626709,9603,0.790809988975525,168.861923217773,2.03505682945251,15.9116945266724,0.208268254995346,0,0,0,1,10.9726610183716
51.5369987487793,27201,0.509639978408814,147.555740356445,0.328660398721695,44.4047317504883,0.183816775679588,0,0,0,1,7.75014781951904
55.2309989929199,12273,0.553420007228851,165.287628173828,0.389383643865585,63.3097038269043,0.244439005851746,0,0,0,1,15.7092142105103
63.0480003356934,31064,0.570330023765564,143.010360717773,68.3567962646484,69.7237930297852,0.676023721694946,0,0,0,1,14.2273387908936
61.9360008239746,15983,0.47078999876976,129.115219116211,18.7925148010254,31.1080532073975,0.31283238530159,0,0,0,1,5.1521692276001
59.1080017089844,16067,0.477780014276505,165.836608886719,2.09555077552795,50.009334564209,0.124478742480278,0,0,0,1,10.7056550979614
60.0950012207031,18542,0.521719992160797,152.590698242188,0.371195763349533,41.3062248229981,0.323589682579041,0,0,0,1,13.1759119033813
56.6990013122559,52338,0.559180021286011,146.322494506836,0.193390741944313,38.2169761657715,0.0955328792333603,0,0,0,1,8.88352680206299
63.5289993286133,22905,0.52810001373291,220.228927612305,0,70.6134033203125,0.174634352326393,0,0,0,1,16.6905879974365
57.1080017089844,16149,0.403129994869232,108.274169921875,23.1195430755615,34.0206832885742,0.80500340461731,0,0,0,1,8.02971363067627
62.3450012207031,17898,0.725520014762878,173.970932006836,10.4268589019775,32.1879539489746,0.335232973098755,0,0,0,1,4.22947645187378
55.4710006713867,4763,0.543320000171661,160.937728881836,17.5361518859863,45.7904663085938,0.209951713681221,0,0,0,1,11.4599695205688
58.375,21937,0.659409999847412,193.528686523438,0,25.2355537414551,0.136755257844925,0,0,0,1,10.649715423584
62.056999206543,10664,0.422769993543625,106.64070892334,17.9270648956299,21.5303821563721,0.0937734469771385,0,0,0,1,3.11632323265076
61.9360008239746,14167,0.49889999628067,163.503768920898,23.2851333618164,34.0580215454102,0.141173154115677,0,0,0,1,8.9318265914917
57.5410003662109,17133,0.378789991140366,116.599212646484,0,17.3466415405273,,0,0,0,1,1.59336423873901
60.9329986572266,28005,0.542599976062775,146.35041809082,0.166074529290199,30.8373508453369,0.107123725116253,0,0,0,1,6.71410179138184
59.7910003662109,12480,0.535839974880219,121.38508605957,0,41.0096168518066,0.0801282078027725,0,0,0,1,5.94257831573486
61.3209991455078,4720,0.469099998474121,95.1425933837891,13.1810512542725,52.4364395141602,2.11864399909973,0,0,0,1,6.08741188049316
53.7120018005371,16778,0.454620003700256,146.671127319336,27.7818927764893,24.1804752349854,0.536416709423065,0,0,0,1,3.76281309127808
59.6349983215332,12651,0.497170001268387,147.101745605469,0.187181681394577,17.8009643554688,0.0790451318025589,0,0,0,1,6.70599699020386
62.9609985351563,45858,0.609679996967316,237.497344970703,0,67.3993606567383,0.218064457178116,0,0,0,1,24.7942848205566
58.1469993591309,24895,0.554229974746704,154.518524169922,4.19630193710327,31.1267318725586,0.120506122708321,0,0,0,1,7.90497207641602
54.9070014953613,13507,0.385749995708466,90.9561309814453,0.266130596399307,30.3694381713867,0.074035681784153,0,0,0,1,3.68645834922791
60.4669990539551,31260,0.516110002994537,306.373168945313,59.7275428771973,94.2994232177734,0.639795243740082,0,0,0,1,22.7394485473633
63.2910003662109,9730,0.513270020484924,143.991851806641,30.7409076690674,11.3977394104004,0.513874590396881,0,0,0,1,8.6134557723999
62.8730010986328,3904,0.462260007858276,118.744064331055,0,21.8493843078613,0.768442630767822,0,0,0,1,6.434485912323
64.3219985961914,7839,0.478289991617203,126.388053894043,0.262607276439667,25.4751873016357,0.127567291259766,0,0,0,1,6.97577667236328
61.7630004882813,21362,0.387510001659393,127.035949707031,7.94282913208008,17.2830257415772,0.0936241894960403,0,0,0,1,4.27998781204224
55.7060012817383,27718,0.501259982585907,146.127380371094,50.7853622436524,60.5384902954102,0.721552789211273,0,0,0,1,8.41496181488037
57.2910003662109,23205,0.494349986314774,165.47688293457,22.6155090332031,65.4945068359375,0.129282489418983,0,0,0,1,13.4119358062744
55.2840003967285,51812,0.435369998216629,113.140357971191,0.107028365135193,34.3159255981445,0.270207673311234,0,0,0,1,6.40929841995239
62.6069984436035,70545,0.614009976387024,253.345367431641,0.691149830818176,90.0701675415039,0.354383736848831,0,0,0,1,18.4046878814697
51.3160018920899,17683,0.514710009098053,90.5053482055664,0.0639431104063988,24.5659675598145,,0,0,0,1,4.62898063659668
59.0760002136231,6343,0.671490013599396,204.570266723633,0,23.1751537322998,,0,0,0,1,5.31747817993164
61.1619987487793,406447,0.596260011196137,348.240386962891,43.2776908874512,86.0030975341797,0.730722606182098,0,0,0,1,28.6330642700195
53.9679985046387,16994,0.449790000915527,103.554801940918,0.124260477721691,29.3553142547607,0.529598653316498,0,0,0,1,2.73669767379761
62.0950012207031,5523,0.532549977302551,163.370758056641,0.362504363059998,68.6764450073242,0.181061014533043,0,0,0,1,10.4921236038208
62.7109985351563,13940,0.488550007343292,128.353958129883,0.602917015552521,55.7101860046387,0.358680069446564,0,0,0,1,11.2223796844482
60.564998626709,15418,0.701820015907288,220.819305419922,0,36.4768447875977,0.129718512296677,0,0,0,1,15.2939167022705
58.0740013122559,26461,0.665409982204437,293.580810546875,0.326091557741165,74.0599365234375,0.377914667129517,0,0,0,1,14.9636793136597
60.8320007324219,7118,0.575680017471314,195.303726196289,0.381554692983627,37.0072708129883,0.561955630779266,0,0,0,1,6.33200597763062
57.6399993896484,11093,0.679949998855591,196.917785644531,0.393489718437195,37.5281715393066,0.0901469364762306,0,0,0,1,4.90592956542969
60.4269981384277,12815,0.49210000038147,129.67594909668,0.544809341430664,12.5712060928345,0.312134206295013,0,0,0,1,5.91578197479248
61,8951,0.413590013980866,89.8724517822266,0.634835600852966,63.4119110107422,0.335158079862595,0,0,0,1,7.50616693496704
60.0950012207031,17859,0.480179995298386,114.40714263916,2.14186477661133,29.8896923065186,0.223976701498032,0,0,0,1,11.2991704940796
62.3450012207031,8534,0.485469996929169,82.8449249267578,0,12.6929521560669,0.117178343236446,0,0,0,1,2.06167387962341
64.947998046875,65592,0.606760025024414,228.289993286133,40.211971282959,69.3704605102539,0.381144046783447,0,0,0,1,17.4274749755859
57.4900016784668,25441,0.643260002136231,186.404891967773,1.85629618167877,36.0009422302246,0.0786132588982582,0,0,0,1,4.595534324646
56.4179992675781,11376,0.437209993600845,100.798316955566,0,20.8069629669189,0.17580871284008,0,0,0,1,4.03314733505249
52.1980018615723,26065,0.45252001285553,124.458114624023,18.545259475708,72.150390625,0.268559366464615,0,0,0,1,9.428053855896
63.5110015869141,11898,0.496100008487701,115.109672546387,0,24.8445110321045,0.0840477421879768,0,0,0,1,7.25834846496582
59.242000579834,30560,0.563160002231598,154.486099243164,50.884204864502,63.259162902832,0.948952853679657,0,0,0,1,12.8728694915771
59.0009994506836,8726,0.456230014562607,106.19514465332,0,14.3593854904175,0.114600047469139,0,0,0,1,6.30645132064819
59.5919990539551,15636,0.773479998111725,277.863861083984,5.42146873474121,59.5292930603027,0.831414699554443,0,0,0,1,6.81763887405396
56.5180015563965,17449,0.546880006790161,137.973052978516,8.55047225952148,28.5002002716064,0.0573098734021187,0,0,0,1,8.60738754272461
63.132999420166,13245,0.478390008211136,144.683975219727,0,16.6024913787842,0.151000380516052,0,0,0,1,3.01861786842346
51.851001739502,5838,0.571560025215149,115.250823974609,7.72959041595459,35.2860565185547,0.171291545033455,0,0,0,1,4.80390071868897
59.1100006103516,26784,0.466729998588562,102.053382873535,1.03018915653229,25.0037326812744,0.0373357236385345,0,0,0,1,6.17218971252441
64.8860015869141,8290,0.47172999382019,160.943893432617,0,41.1700859069824,0.120627261698246,0,0,0,1,9.97319030761719
63.0480003356934,22694,0.575089991092682,158.238204956055,0,67.7227478027344,0.0881290212273598,0,0,0,1,9.36914253234863
63.132999420166,17008,0.440589994192123,99.9441070556641,0.642269492149353,17.1742706298828,0.117591723799706,0,0,0,1,6.21490001678467
50.8689994812012,17285,0.480820000171661,132.929458618164,13.6212148666382,38.1139717102051,0.115707263350487,0,0,0,1,9.55782413482666
62.5379981994629,23270,0.570990025997162,164.724822998047,1.25268244743347,65.4533767700195,0.386764079332352,0,0,0,1,10.0635461807251
60.318000793457,8596,0.542270004749298,134.835845947266,0,36.3424835205078,0.232666358351707,0,0,0,1,20.1734733581543
62.8849983215332,13952,0.556079983711243,121.466484069824,11.6170043945313,42.3093452453613,0.501720190048218,0,0,0,1,10.5858926773071
61.4379997253418,12695,0.410160005092621,133.613311767578,10.7484006881714,7.60929489135742,0.393855839967728,0,0,0,1,4.72059154510498
62.1980018615723,22984,0.482760012149811,148.330718994141,2.66797661781311,40.1862449645996,0.0435085259377956,0,0,0,1,5.68052434921265
64.5920028686524,223750,0.58244001865387,229.741546630859,13.9643487930298,64.40380859375,0.710614502429962,0,0,0,1,19.2519760131836
54.3559989929199,25777,0.480789989233017,120.152870178223,25.2128219604492,39.0153999328613,0.116382822394371,0,0,0,1,7.68592929840088
56.9809989929199,16376,0.492439985275269,119.639274597168,0.870357155799866,8.61626815795898,0.0610649734735489,0,0,0,1,2.13039374351501
56.7639999389649,45245,0.662169992923737,243.398376464844,0.726869523525238,80.4685592651367,0.707260489463806,0,0,0,1,18.3130531311035
59.8349990844727,62672,0.495149999856949,145.304550170898,0.946841776371002,28.8613739013672,0.271253496408463,0,0,0,1,5.99323272705078
61.8380012512207,8034,0.508189976215363,126.434585571289,0,51.0580024719238,0.248942002654076,0,0,0,1,7.7618350982666
59.2809982299805,6354,0.468459993600845,93.265510559082,0,28.8322315216064,0.786905884742737,0,0,0,1,3.42497158050537
61.3209991455078,17199,0.431879997253418,97.6364059448242,0,39.6360244750977,0.17442874610424,0,0,0,1,5.95686483383179
57.6399993896484,17006,0.512960016727448,108.289360046387,0,24.0679759979248,0.0588027760386467,0,0,0,1,8.79655456542969
56.890998840332,23869,0.497500002384186,132.168090820313,24.2054901123047,30.8684902191162,0.544639468193054,0,0,0,1,10.1469421386719
57.6399993896484,50908,0.605009973049164,267.08203125,0.904465854167938,78.8230514526367,0.68751472234726,0,0,0,1,21.5448093414307
58.2980003356934,20848,0.612909972667694,159.484420776367,0.838200688362122,65.1237564086914,0.383729845285416,0,0,0,1,7.49265956878662
52.1980018615723,53742,0.545270025730133,155.569625854492,39.9847640991211,68.7246475219727,0.279111295938492,0,0,0,1,14.1061029434204
61.3930015563965,185277,0.653479993343353,358.502105712891,8.81488513946533,95.8354263305664,0.60450029373169,0,0,0,1,27.4464912414551
54.8419990539551,18431,0.567130029201508,165.545257568359,8.67446804046631,23.1946182250977,0.162769243121147,0,0,0,1,4.93704795837402
57.7869987487793,14296,0.396679997444153,89.9728622436524,8.0521240234375,32.7084503173828,0.209848910570145,0,0,0,1,4.49649715423584
53.0530014038086,14554,0.445490002632141,106.542282104492,27.1389579772949,58.6505432128906,0.068709634244442,0,0,0,1,5.38177061080933
60.8209991455078,19916,0.476099997758865,118.403518676758,1.88103914260864,36.5389823913574,0.0502108857035637,0,0,0,1,9.35936069488525
55.9039993286133,7887,0.537490010261536,179.616882324219,1.98390448093414,64.3844299316406,0.25358185172081,0,0,0,1,8.39009475708008
58.6790008544922,17341,0.328449994325638,73.3488388061524,0,8.82302093505859,0.0576668009161949,0,0,0,1,3.32968902587891
57.4360008239746,9773,0.392470002174377,97.6936721801758,37.0854415893555,29.5201072692871,0.409290909767151,0,0,0,1,8.22985458374023
60.0190010070801,24931,0.554960012435913,164.456771850586,56.3353080749512,63.8706893920899,0.762103378772736,0,0,0,1,14.3396892547607
57.8759994506836,64308,0.622919976711273,245.819931030273,6.08466768264771,69.1189270019531,0.124401316046715,0,0,0,1,11.6109027862549
58.9179992675781,8831,0.646589994430542,175.839294433594,2.04465293884277,52.6440963745117,0.67942476272583,0,0,0,1,9.62583255767822
59.0309982299805,23901,0.57134997844696,145.472595214844,59.8189811706543,77.4695587158203,0.167357012629509,0,0,0,1,10.3288450241089
57.298999786377,5553,0.336189985275269,110.338493347168,0,24.3296298980713,0.540248513221741,0,0,0,1,8.43213748931885
61.5880012512207,23225,0.570770025253296,199.809509277344,1.88791763782501,56.2325096130371,0.0861141011118889,0,0,0,1,9.67118549346924
61.0620002746582,15055,0.469330012798309,156.532745361328,27.5725364685059,100,1.79342412948608,0,0,0,1,21.1391334533691
62.2379989624024,15644,0.430620014667511,87.2428283691406,13.5710487365723,48.3571968078613,0.511378169059753,0,0,0,1,5.49836826324463
62.2379989624024,11078,0.450190007686615,118.867851257324,3.07204079627991,57.7360534667969,0.1805379986763,0,0,0,1,3.37137365341187
61.7630004882813,53476,0.607739984989166,264.3798828125,1.06002676486969,92.2656860351563,0.411399513483048,0,0,0,1,19.2953453063965
52.6199989318848,24851,0.40667998790741,121.130714416504,0,13.8256978988647,0.08047965914011,0,0,0,1,2.33217287063599
59.8660011291504,10474,0.613839983940125,153.987915039063,0,58.1917114257813,0.572847068309784,0,0,0,1,9.31953239440918
55.4109992980957,7180,0.484670013189316,115.779907226563,10.0942506790161,42.7576599121094,1.11420607566834,0,0,0,1,5.43015766143799
61.2589988708496,17216,0.419180005788803,115.04207611084,0.559873163700104,58.8231887817383,0.871282517910004,0,0,0,1,9.15468788146973
61.4519996643066,10039,0.459820002317429,122.276268005371,0,62.2970428466797,0.0996115133166313,0,0,0,1,5.77079677581787
61.9039993286133,12622,0.506550014019013,138.400421142578,0.356584906578064,61.0045967102051,1.02994775772095,0,0,0,1,8.21168994903565
51.2270011901856,34403,0.536010026931763,131.00407409668,12.5008964538574,20.5447196960449,0.0581344664096832,0,0,0,1,4.0281777381897
58.5740013122559,20510,0.480879992246628,153.254760742188,0.1842270642519,77.6401748657227,0.195026814937592,0,0,0,1,12.9406232833862
59.0050010681152,16095,0.60096001625061,165.937301635742,6.75588464736939,18.7263126373291,0.0621310956776142,0,0,0,1,8.07201480865479
57.7439994812012,20553,0.505819976329804,125.787216186523,0.296100735664368,57.4417343139649,0.583856344223023,0,0,0,1,12.7536144256592
59.132999420166,10841,0.479059994220734,136.808288574219,7.04785776138306,38.9908676147461,,0,0,0,1,5.68654775619507
61.9360008239746,11692,0.354420006275177,107.673622131348,1.22006416320801,14.4286689758301,0.0855285674333572,0,0,0,1,5.19058465957642
63.5110015869141,13939,0.410409986972809,114.37084197998,0.674774885177612,17.4976692199707,0.0717411562800407,0,0,0,1,5.27423095703125
52.4440002441406,76518,0.617929995059967,218.866149902344,46.0938873291016,65.2730941772461,0.300582855939865,0,0,0,1,17.3652667999268
62.6119995117188,39372,0.501999974250794,164.280563354492,6.76437139511108,68.5204849243164,0.634968996047974,0,0,0,1,9.02269840240479
62.6389999389649,31141,0.545690000057221,152.11750793457,3.46047019958496,19.5676460266113,0.513792097568512,0,0,0,1,11.104302406311
62.5069999694824,13840,0.555710017681122,153.346984863281,7.01118230819702,28.4898853302002,0.650288999080658,0,0,0,1,5.9773850440979
57.1080017089844,8225,0.322210013866425,108.64737701416,0,54.3586616516113,0.121580548584461,0,0,0,1,6.14611291885376
62.298999786377,144772,0.599720001220703,226.732849121094,40.2815666198731,80.6167297363281,0.787445068359375,0,0,0,1,18.5816192626953
54.673999786377,38449,0.466720014810562,152.834091186523,17.6581802368164,35.4755668640137,0.442144125699997,0,0,0,1,4.65169382095337
60.5540008544922,11763,0.43928000330925,122.229835510254,5.32760381698608,28.7851734161377,1.02014791965485,0,0,0,1,6.33926439285278
61.3209991455078,20831,0.396079987287521,114.617027282715,30.4251194000244,33.6105346679688,0.0480053760111332,0,0,0,1,5.97084188461304
50.6100006103516,19211,0.525430023670197,140.59375,0,48.5971565246582,0.104107022285461,0,0,0,1,8.45077800750732
56.2859992980957,128767,0.571399986743927,238.597244262695,17.87744140625,79.5206909179688,0.473723858594894,0,0,0,1,21.7114086151123
58.8629989624024,16012,0.43011999130249,96.6832733154297,3.85885262489319,8.1126651763916,,0,0,0,1,2.60135006904602
50.6100006103516,14002,0.59127002954483,125.778175354004,7.71254777908325,61.0412788391113,0.0714183673262596,0,0,0,1,7.66041994094849
60.6860008239746,8470,0.391180008649826,106.775665283203,47.9039077758789,54.415584564209,0.472255021333695,0,0,0,1,8.2296781539917
63.1599998474121,10229,0.470019996166229,172.683288574219,2.73157715797424,38.1464462280273,0.0977612659335136,0,0,0,1,12.7883272171021
61.3209991455078,5125,0.355269998311996,79.15380859375,11.770637512207,34.5560989379883,0.195121943950653,0,0,0,1,3.4106342792511
62.8849983215332,10978,0.505720019340515,41.9017791748047,0,10.457278251648,0.0910912752151489,0,0,0,1,1.47847998142242
62.9290008544922,18319,0.57573002576828,168.204330444336,4.36374759674072,21.1909866333008,0.218352526426315,0,0,0,1,4.57180118560791
57.8759994506836,3818,0.677990019321442,377.486450195313,0,43.5568351745606,0.523834466934204,0,0,0,1,12.7548370361328
55.4189987182617,6225,0.272790014743805,84.6969299316406,0,14.3293170928955,0.321285128593445,0,0,0,1,3.0202260017395
59.8499984741211,6476,0.437110006809235,115.65348815918,0,50.8184051513672,0.463248908519745,0,0,0,1,2.18964576721191
60.2080001831055,10275,0.50585001707077,93.6513290405273,0,14.8029193878174,0.0973236039280891,0,0,0,1,4.84285068511963
55.4990005493164,20913,0.542410016059876,142.522705078125,2.39714336395264,32.7451820373535,0.0478171482682228,0,0,0,1,12.7158718109131
61.5060005187988,69270,0.656870007514954,474.483734130859,44.3957977294922,64.0594787597656,1.83340549468994,0,0,0,1,27.1334781646729
53.0579986572266,7584,0.563120007514954,172.377105712891,28.2631416320801,45.8992614746094,0.131856545805931,0,0,0,1,12.439582824707
62.8849983215332,14089,0.527010023593903,141.670440673828,0.847568929195404,40.9610328674316,0.283909440040588,0,0,0,1,9.36352443695068
63.2910003662109,34345,0.559469997882843,179.723068237305,0.198056370019913,38.4335403442383,0.232930555939674,0,0,0,1,14.5377616882324
58.3849983215332,10479,0.392289996147156,102.618240356445,17.0561599731445,30.871265411377,0.190857902169228,0,0,0,1,4.30005931854248
61.5180015563965,14057,0.545360028743744,144.700042724609,2.57846927642822,63.1784858703613,0.497972548007965,0,0,0,1,10.7137441635132
61.8380012512207,34558,0.479550004005432,107.725440979004,11.9245920181274,23.1523818969727,0.260431736707687,0,0,0,1,6.39838600158691
55.314998626709,6770,0.350400000810623,76.036491394043,0,19.9852294921875,0.147710487246513,0,0,0,1,12.936619758606
61.7620010375977,9183,0.466949999332428,250.345077514648,51.1016578674316,95.7421340942383,1.85124683380127,0,0,0,1,24.8826541900635
62.3450012207031,10399,0.358830004930496,101.96639251709,0,12.6646795272827,0.0961630940437317,0,0,0,1,0.969870865345001
58.9550018310547,7833,0.471249997615814,121.686065673828,1.61641204357147,51.7809257507324,0.382995009422302,0,0,0,1,9.75290393829346
57.7690010070801,20769,0.499879986047745,128.569366455078,6.12061738967896,33.607780456543,0.385189473628998,0,0,0,1,5.83888673782349
53.359001159668,15210,0.345059990882874,84.0284118652344,0.291087031364441,17.6725845336914,0.197238653898239,0,0,0,1,3.62970113754272
58.3289985656738,7279,0.504390001296997,147.613586425781,0,20.620964050293,0.137381508946419,0,0,0,1,3.21180748939514
59.7849998474121,17025,0.387199997901917,88.8969192504883,11.9150199890137,30.4610862731934,0.058737151324749,0,0,0,1,3.25150322914124
62.5139999389648,10290,0.371050000190735,80.3238525390625,0,17.9203109741211,,0,0,0,1,3.92645573616028
57.4770011901856,27154,0.451979994773865,131.456665039063,0,44.9105110168457,0.184134930372238,0,0,0,1,6.86810779571533
63.2980003356934,38811,0.500829994678497,140.134399414063,11.4867973327637,52.747932434082,0.0772976726293564,0,0,0,1,12.450343132019
61.2229995727539,17496,0.698220014572144,207.684341430664,6.3041262626648,14.979172706604,0.0571559220552445,0,0,0,1,4.7738037109375
54.8950004577637,13661,0.413509994745255,91.8576354980469,10.6317119598389,28.797306060791,0.0732010826468468,0,0,0,1,3.39879059791565
59.5449981689453,20178,0.492410004138947,106.365341186523,16.5481548309326,7.6828031539917,0.198235705494881,0,0,0,1,3.77275085449219
58.6360015869141,30535,0.510779976844788,204.070617675781,38.3452491760254,79.0666427612305,0.851481914520264,0,0,0,1,18.0256958007813
62.8849983215332,8999,0.276410013437271,83.2910232543945,0,15.4350481033325,0.111123457551003,0,0,0,1,4.89350748062134
63.4179992675781,23059,0.567019999027252,231.064712524414,0.437783658504486,68.1035614013672,0.390303134918213,0,0,0,1,10.7884063720703
54.9109992980957,25260,0.499850004911423,141.959320068359,10.9173383712769,47.3832130432129,0.316706240177155,0,0,0,1,11.7052898406982
58.1529998779297,9298,0.500630021095276,157.289443969727,26.0167045593262,77.4360046386719,0.107550010085106,0,0,0,1,11.2853450775146
55.6269989013672,14651,0.455210000276566,95.5625991821289,4.04410362243652,28.5373020172119,0.273018896579742,0,0,0,1,4.15096378326416
60.2019996643066,8189,0.383910000324249,133.185455322266,3.00491690635681,6.59027194976807,,0,0,0,1,0.810914695262909
54.5929985046387,51280,0.492300003767014,101.436241149902,1.07322776317596,9.46762847900391,0.370514810085297,0,0,0,1,2.95601391792297
61.7669982910156,7411,0.401620000600815,113.092666625977,0,49.0756988525391,,0,0,0,1,6.19781732559204
53.4500007629395,31766,0.552339971065521,157.993408203125,0.135362386703491,48.8541221618652,0.125920802354813,0,0,0,1,8.71488094329834
63.9860000610352,12907,0.499260008335114,117.539154052734,0,32.1453475952148,0.464864015579224,0,0,0,1,7.98639631271362
61.5120010375977,10334,0.556749999523163,146.577117919922,0.384919404983521,21.579252243042,0.580607712268829,0,0,0,1,7.01880788803101
57.8759994506836,17606,0.498519986867905,230.180572509766,3.61528992652893,27.3202323913574,0.170396462082863,0,0,0,1,6.93391609191895
56.3310012817383,13741,0.44064998626709,102.192161560059,0.207111701369286,35.8853073120117,0.0727749094367027,0,0,0,1,2.72531700134277
62.0180015563965,30854,0.472130000591278,124.844650268555,1.21825623512268,38.8377532958984,0.453749924898148,0,0,0,1,6.85845184326172
60.0950012207031,6280,0.40828999876976,124.948554992676,3.12895393371582,40.1910820007324,0.318471342325211,0,0,0,1,11.025689125061
58.6790008544922,8257,0.374520003795624,96.6279983520508,1.75855481624603,9.77352523803711,,0,0,0,1,2.05362129211426
58.0559997558594,24534,0.519309997558594,169.312484741211,5.33545160293579,59.9535331726074,0.407597631216049,0,0,0,1,20.6356678009033
56.2830009460449,20491,0.528760015964508,133.661804199219,11.2612066268921,33.8831672668457,0.4880191385746,0,0,0,1,7.33185768127441
58.6489982604981,25954,0.524179995059967,182.730880737305,11.2356986999512,78.9512176513672,0.269707947969437,0,0,0,1,19.6571102142334
55.7150001525879,12290,0.4269700050354,135.155731201172,1.63880741596222,16.1106586456299,0.569568753242493,0,0,0,1,3.62295532226563
51.4830017089844,9315,0.429879993200302,81.1720809936523,0.716142058372498,13.9944791793823,0.214707463979721,0,0,0,1,2.107750415802
58.4480018615723,13815,0.534979999065399,157.049865722656,0.670032739639282,40.0072402954102,0.289540350437164,0,0,0,1,7.87566900253296
57.2820014953613,10445,0.610920011997223,265.213623046875,19.4213829040527,33.1450462341309,0.0957395881414413,0,0,0,1,6.70535898208618
58.2589988708496,10502,0.520160019397736,135.160705566406,0,22.4528656005859,,0,0,0,1,3.05408048629761
53.0530014038086,6636,0.44420000910759,97.8418731689453,0,29.5358657836914,0.150693193078041,0,0,0,1,3.45093655586243
57.757999420166,10318,0.468030005693436,105.411308288574,5.30533170700073,34.6727333068848,0.0969180092215538,0,0,0,1,6.43549680709839
59.0089988708496,24674,0.494349986314774,140.784255981445,0,41.2458457946777,0.405284911394119,0,0,0,1,8.33072566986084
57.8759994506836,25570,0.511399984359741,234.497283935547,4.76072549819946,36.6601486206055,0.117324993014336,0,0,0,1,9.78201007843018
65.0179977416992,10184,0.47791999578476,159.801406860352,0,12.8641366958618,,0,0,0,1,4.76063251495361
54.9640007019043,11080,0.342619985342026,80.1469955444336,0.250485628843308,24.945764541626,,0,0,0,1,4.63204288482666
55.2309989929199,21462,0.462650001049042,111.682891845703,30.6399898529053,42.409839630127,0.652315735816956,0,0,0,1,7.87105989456177
61.8380012512207,21105,0.507449984550476,94.3017272949219,0,19.857852935791,0.189528554677963,0,0,0,1,4.65257072448731
57.4790000915527,7043,0.4408900141716,133.884368896484,0.375689625740051,27.4314918518066,0.425954848527908,0,0,0,1,6.8245439529419
52.4440002441406,12235,0.544860005378723,116.587791442871,0,19.2562313079834,0.163465470075607,0,0,0,1,3.11337685585022
64.036003112793,20477,0.39436998963356,127.84302520752,20.2916412353516,25.4919052124023,0.195341110229492,0,0,0,1,4.44260215759277
60.3120002746582,7142,0.630959987640381,181.165420532227,1.35577738285065,50.4060478210449,0.140016809105873,0,0,0,1,11.5570116043091
63.2910003662109,22577,0.403320014476776,105.992256164551,4.42097759246826,23.9730243682861,0.221464321017265,0,0,0,1,9.34103775024414
58.3689994812012,24181,0.423979997634888,83.7002487182617,0,30.3792228698731,0.0413547828793526,0,0,0,1,7.08260536193848
56.4179992675781,26027,0.611029982566834,203.506332397461,0,20.9551620483398,0.422638028860092,0,0,0,1,6.57611322402954
56.9080009460449,16179,0.478549987077713,137.619171142578,18.6780414581299,57.3521232604981,0.309042572975159,0,0,0,1,5.19174528121948
60.4269981384277,86619,0.600560009479523,312.729949951172,0.314597129821777,85.8414459228516,0.380978763103485,0,0,0,1,25.1450901031494
59.7019996643066,17048,0.396039992570877,93.7698516845703,8.16038608551025,21.9263248443604,0.11731581389904,0,0,0,1,4.2677435874939
62.0470008850098,6813,0.391490012407303,127.531478881836,0.236518248915672,19.8920745849609,0.440334647893906,0,0,0,1,7.96377754211426
57.7910003662109,14801,0.426670014858246,92.4987945556641,2.6164186000824,9.64124011993408,0.135126009583473,0,0,0,1,1.76224255561829
61.5279998779297,18308,0.387169986963272,91.9538726806641,0.340215444564819,18.0576801300049,0.16386279463768,0,0,0,1,4.99464416503906
56.8230018615723,31949,0.364870011806488,60.5076522827149,7.33846139907837,13.3069934844971,0.0312998853623867,0,0,0,1,2.82550191879272
62.8849983215332,16575,0.461989998817444,113.241470336914,4.53281593322754,18.3891410827637,0.120663650333881,0,0,0,1,5.0464653968811
56.1699981689453,24047,0.497839987277985,94.8644409179687,26.3733921051025,23.7160568237305,0.374267071485519,0,0,0,1,4.06829595565796
58.0979995727539,10405,0.421030014753342,132.344665527344,5.80775213241577,22.1335887908936,0.480538189411163,0,0,0,1,3.92287516593933
60.601001739502,13759,0.502399981021881,134.29411315918,0.0892306938767433,13.4312086105347,0.0726796984672546,0,0,0,1,3.25120806694031
62.3450012207031,10416,0.396250009536743,128.239654541016,0.364729553461075,33.3909378051758,0.0960061475634575,0,0,0,1,5.93480396270752
61.0050010681152,24176,0.441790014505386,120.679077148438,10.439887046814,37.1732292175293,0.124090008437634,0,0,0,1,7.25010251998901
61.9949989318848,10332,0.431309998035431,115.480430603027,0,22.986837387085,0.38714674115181,0,0,0,1,3.54099631309509
54.9070014953613,23526,0.413949996232986,119.455543518066,0,42.3233871459961,0.127518489956856,0,0,0,1,3.12963652610779
58.1209983825684,37834,0.485790014266968,153.551910400391,1.32469320297241,65.7424545288086,0.185018762946129,0,0,0,1,8.99476051330566
62.7099990844727,22485,0.559230029582977,266.663604736328,56.4115600585938,82.3215484619141,1.02290415763855,0,0,0,1,22.8227577209473
56.0299987792969,17171,0.473300009965897,78.6960983276367,22.2067699432373,32.2753486633301,0.0582377277314663,0,0,0,1,5.09613704681397
62.6069984436035,34661,0.594820022583008,264.541625976563,21.2885284423828,67.2658004760742,0.548166513442993,0,0,0,1,17.9241542816162
59.1879997253418,10389,0.447829991579056,129.639663696289,0.112294934689999,54.1919326782227,0.288766950368881,0,0,0,1,8.69476127624512
58.2980003356934,22632,0.495739996433258,163.517684936523,33.0869560241699,42.6608352661133,0.35348179936409,0,0,0,1,10.7604265213013
50.6100006103516,13833,0.490460008382797,134.040634155273,25.899995803833,45.9191780090332,0.0722908973693848,0,0,0,1,14.7578287124634
58.4059982299805,14125,0.367650002241135,105.352081298828,0,10.5699119567871,0.141592919826508,0,0,0,1,1.09525048732758
58.2799987792969,18535,0.356269985437393,97.9447250366211,0.357710272073746,11.5241432189941,0.215807929635048,0,0,0,1,1.77387273311615
54.0530014038086,23162,0.465200006961823,112.481285095215,3.31504273414612,36.4001388549805,0.086348332464695,0,0,0,1,6.637779712677
51.4830017089844,23958,0.431600004434586,81.4256744384766,5.71051597595215,14.1455879211426,0.250438272953033,0,0,0,1,3.20882129669189
57.5229988098145,13927,0.588949978351593,117.960556030273,4.5554518699646,19.4586048126221,0.0718029737472534,0,0,0,1,2.4939444065094
57.9179992675781,22572,0.47121000289917,116.779350280762,1.80589628219605,11.2927522659302,0.0886053517460823,0,0,0,1,4.39986801147461
59.5250015258789,34381,0.55036997795105,135.471832275391,29.9645805358887,51.9705657958984,0.0581716634333134,0,0,0,1,9.23214626312256
56.6990013122559,11300,0.521139979362488,115.928016662598,0,34.3539810180664,0.973451316356659,0,0,0,1,7.64408445358276
58.6780014038086,20282,0.433820009231567,113.270217895508,0,43.9848136901855,0.246524006128311,0,0,0,1,5.42025184631348
58.7729988098145,37610,0.522239983081818,168.207870483398,26.6561412811279,38.7051315307617,0.558362126350403,0,0,0,1,12.679648399353
61.1749992370606,27259,0.492119997739792,120.600929260254,0,30.7164611816406,0.623647212982178,0,0,0,1,9.31013584136963
55.109001159668,13942,0.398999989032745,95.5391387939453,0,5.40656423568726,0.0717257186770439,0,0,0,1,2.35534143447876
51.3160018920899,42509,0.589060008525848,183.903091430664,0.0955265611410141,48.8178977966309,0.188195437192917,0,0,0,1,10.1839847564697
56.2200012207031,10930,0.378710001707077,122.847473144531,7.72643375396729,23.1070346832275,,0,0,0,1,2.72472381591797
61.5279998779297,14068,0.517440021038055,135.806777954102,0,32.2647132873535,0.284333229064941,0,0,0,1,13.4894952774048
59.359001159668,13322,0.454910010099411,85.3989334106445,16.6888313293457,29.1472759246826,0.0750638023018837,0,0,0,1,6.8107476234436
63.2910003662109,12101,0.379689991474152,111.775199890137,10.269718170166,26.7663822174072,0.0826378017663956,0,0,0,1,5.86625623703003
55.9570007324219,27783,0.592719972133637,187.752975463867,36.2811012268066,50.0917816162109,0.0719864666461945,0,0,0,1,7.56738138198853
60.4269981384277,4298,0.399580001831055,243.263275146484,16.2170372009277,71.0330352783203,0.697999060153961,0,0,0,1,26.3627624511719
62.1650009155274,30052,0.696319997310638,197.831558227539,21.7596988677979,56.9479560852051,0.0332756564021111,0,0,0,1,10.6170806884766
58.0559997558594,8891,0.43792998790741,136.328552246094,0,43.887077331543,0.787312984466553,0,0,0,1,12.5480480194092
65.7300033569336,2075273,0.631850004196167,618.121643066406,65.6008605957031,99.9150466918945,1.57617819309235,0,0,0,1,43.4036293029785
56.3120002746582,16768,0.499460011720657,128.603637695313,9.95247554779053,28.4231872558594,0.298187017440796,0,0,0,1,6.92866802215576
54.673999786377,13290,0.456050008535385,109.539520263672,0,21.3694515228271,0.0752445459365845,0,0,0,1,2.28330516815186
62.4889984130859,6535,0.51308000087738,205.103088378906,0.129586428403854,48.9211921691895,0.306044369935989,0,0,0,1,14.6750650405884
61.0970001220703,6653,0.399080008268356,106.331848144531,0,68.0444946289063,0.450924396514893,0,0,0,1,9.51951789855957
62.7309989929199,10048,0.448909997940064,107.995597839355,2.41520071029663,90.0577239990234,0.895700633525848,0,0,0,1,7.82941293716431
57.3680000305176,30634,0.614400029182434,161.253952026367,0,41.4702606201172,0.293791204690933,0,0,0,1,10.677755355835
53.6020011901856,16319,0.425509989261627,132.292007446289,10.2494869232178,45.4071922302246,0.183834791183472,0,0,0,1,5.89734792709351
60.9329986572266,41528,0.573880016803742,175.933975219727,31.1594047546387,50.0240783691406,0.0722404196858406,0,0,0,1,11.772629737854
61.9360008239746,24669,0.543309986591339,171.410217285156,0.196487113833427,46.9779891967774,0.0810734108090401,0,0,0,1,11.7854671478272
62,9330,0.452980011701584,103.175254821777,0,8.41371917724609,0.428724557161331,0,0,0,1,5.78398513793945
61.0870018005371,23240,0.450010001659393,104.573585510254,0,45.7013778686523,0.129087775945663,0,0,0,1,10.0414962768555
63.2360000610352,8860,0.439399987459183,131.251251220703,0,15.5530471801758,0.225733637809753,0,0,0,1,4.64472627639771
58.0559997558594,54160,0.576929986476898,215.555526733398,0.285247355699539,75.9402313232422,0.332348585128784,0,0,0,1,21.1439094543457
64.3140029907227,64331,0.59868997335434,251.375991821289,33.5155982971191,82.1610107421875,0.590695023536682,0,0,0,1,21.2792434692383
59.6780014038086,37007,0.512090027332306,167.820587158203,0,34.193531036377,0.189153403043747,0,0,0,1,10.4559049606323
60.564998626709,18977,0.527379989624023,143.637771606445,1.55289816856384,29.1879634857178,0.0526953674852848,0,0,0,1,7.23487949371338
56.6990013122559,10276,0.496659994125366,140.397399902344,0.641084492206574,33.4955253601074,0.486570656299591,0,0,0,1,8.00535011291504
57.9990005493164,12182,0.522740006446838,173.008285522461,4.64432907104492,60.909538269043,0.492529958486557,0,0,0,1,18.4416465759277
61.9360008239746,11916,0.447079986333847,149.639678955078,0.317210465669632,56.7640151977539,0.0839207768440247,0,0,0,1,9.55289840698242
63.2980003356934,20107,0.486270010471344,135.564346313477,1.57784068584442,34.346248626709,1.04441237449646,0,0,0,1,7.88298845291138
60.5859985351563,20238,0.621339976787567,223.094161987305,8.2767505645752,77.7448348999024,2.17412781715393,0,0,0,1,13.7256059646606
53.0260009765625,17884,0.464190006256104,92.9067916870117,0,39.1243553161621,0.0559159033000469,0,0,0,1,10.5729532241821
58.6599998474121,24288,0.544650018215179,148.009872436523,0.87371826171875,46.821475982666,0.370553374290466,0,0,0,1,12.8445301055908
62.2379989624024,8768,0.31700000166893,88.4741668701172,10.0082454681396,59.5004577636719,0.114051096141338,0,0,0,1,3.23783993721008
56.8810005187988,14100,0.495290011167526,126.966613769531,12.7702398300171,16.0465297698975,0.212765961885452,0,0,0,1,2.8098247051239
62.9290008544922,9311,0.480969995260239,147.667190551758,0,21.9095687866211,0.214799702167511,0,0,0,1,4.58544969558716
62.8730010986328,36825,0.568650007247925,239.427200317383,0.367220044136047,70.077392578125,0.59742021560669,0,0,0,1,16.5862941741943
63.2980003356934,15192,0.486180007457733,146.851776123047,0.493381202220917,41.7785682678223,0.197472348809242,0,0,0,1,10.4460706710815
54.3559989929199,13679,0.390619993209839,104.806747436523,1.7213089466095,16.7409896850586,0.219314277172089,0,0,0,1,3.49172043800354
58.0559997558594,8016,0.538240015506744,146.297225952148,0.137899115681648,68.2260513305664,0.998004019260406,0,0,0,1,13.4553728103638
60.9099998474121,11389,0.436459988355637,108.259590148926,30.2853870391846,48.4239196777344,0.61462813615799,0,0,0,1,8.70549774169922
60.3120002746582,37859,0.499689996242523,149.663116455078,26.7835311889648,32.8376350402832,0.132068991661072,0,0,0,1,10.7458219528198
61.7039985656738,9090,0.57056999206543,236.015319824219,31.4133777618408,27.8217830657959,0.110011003911495,0,0,0,1,6.84760618209839
57.8209991455078,83421,0.62102997303009,204.395278930664,45.8225746154785,58.8424987792969,0.251735180616379,0,0,0,1,15.6735172271729
55.3619995117188,33164,0.506900012493134,80.5080871582031,0.313203185796738,6.51007127761841,0.0603063553571701,0,0,0,1,3.89665269851685
56.2859992980957,28387,0.609329998493195,153.56819152832,2.52305912971497,43.6115112304688,0.0704547837376595,0,0,0,1,7.31885576248169
61.9360008239746,17473,0.389820009469986,94.7254638671875,0,24.2774562835693,0.0572311580181122,0,0,0,1,7.48610067367554
56.3120002746582,17656,0.388280004262924,104.269584655762,0,2.32794666290283,0.39646577835083,0,0,0,1,5.26206207275391
60.318000793457,76013,0.582199990749359,175.79296875,0.686272323131561,49.6834945678711,0.17102338373661,0,0,0,1,16.5524139404297
60.6629981994629,11812,0.517690002918243,116.393058776855,26.8038082122803,40.1540794372559,0.507957994937897,0,0,0,1,7.81570959091187
63.1279983520508,72526,0.503949999809265,254.832504272461,47.7730484008789,61.2456207275391,1.08926451206207,0,0,0,1,23.2630786895752
58.3689994812012,8699,0.407290011644363,93.5809631347656,0,65.122428894043,,0,0,0,1,6.35749435424805
54.673999786377,12050,0.49465999007225,152.949264526367,0.161958754062653,17.8174266815186,,0,0,0,1,1.51344573497772
59.5250015258789,21208,0.669579982757568,264.943481445313,1.55799603462219,91.8615646362305,,0,0,0,1,18.6943416595459
57.6399993896484,18356,0.483449995517731,87.7977600097656,0,15.2647638320923,0.0544781014323235,0,0,0,1,6.08300399780273
62.5139999389648,11281,0.353769987821579,81.4891967773438,0.753364145755768,24.5191020965576,,0,0,0,1,6.66840648651123
57.1129989624023,18310,0.500379979610443,145.153350830078,25.6016139984131,26.7049045562744,0.218459859490395,0,0,0,1,5.32767868041992
64.2480010986328,12661,0.646420001983643,93.0458068847656,0,26.4276123046875,0.315930813550949,0,0,0,1,4.98594808578491
60.3429985046387,10280,0.452089995145798,136.855438232422,10.2852916717529,56.6147842407227,1.26459145545959,0,0,0,1,13.3300371170044
58.9889984130859,17046,0.525829970836639,105.916534423828,23.4537525177002,42.8722267150879,0.293323934078217,0,0,0,1,7.21331071853638
58.4160003662109,13691,0.448150008916855,113.087829589844,0.360448211431503,64.2392807006836,0.0730406865477562,0,0,0,1,5.98963117599487
58.4819984436035,85547,0.592559993267059,316.716583251953,2.53536820411682,86.7689056396485,0.280547529459,0,0,0,1,16.9918460845947
63.5289993286133,9601,0.548959970474243,178.761825561523,0.097928024828434,67.5971221923828,0.416623264551163,0,0,0,1,15.9431247711182
60.318000793457,21570,0.644580006599426,153.436187744141,14.2071008682251,17.519702911377,0.139082059264183,0,0,0,1,7.99194383621216
63.0180015563965,12433,0.512380003929138,148.461288452148,2.5833535194397,14.1478319168091,0.160862222313881,0,0,0,1,4.74687337875366
62.8730010986328,12238,0.481790006160736,121.779556274414,2.48407936096191,81.7372131347656,0.408563494682312,0,0,0,1,13.5108613967896
60.6269989013672,20867,0.445080012083054,108.735916137695,3.15222215652466,13.4268445968628,0.0479225553572178,0,0,0,1,3.9931423664093
57.4160003662109,46618,0.468739986419678,135.369705200195,0.337849676609039,21.7319488525391,0.257411301136017,0,0,0,1,7.73645353317261
57.4160003662109,24343,0.519980013370514,109.520362854004,0.480331927537918,29.7867965698242,0.246477425098419,0,0,0,1,7.23032236099243
60.0859985351563,20809,0.470039993524551,105.30004119873,4.23018980026245,33.749641418457,0.528617441654205,0,0,0,1,6.3520245552063
56.4300003051758,21062,0.610769987106323,183.405090332031,18.6798114776611,59.3865737915039,0.0949577465653419,0,0,0,1,14.1329927444458
56.4300003051758,25900,0.660619974136353,194.484161376953,3.96138405799866,75.0193023681641,0.0386100374162197,0,0,0,1,13.746880531311
54.0369987487793,13616,0.470209985971451,116.028633117676,32.7838592529297,50.0734443664551,0.0734430104494095,0,0,0,1,12.7277898788452
53.439998626709,11540,0.408120006322861,72.2848968505859,0,39.5493927001953,0.25996533036232,0,0,0,1,1.28828608989716
58.048999786377,23757,0.425590008497238,128.656219482422,10.3847389221191,22.5070514678955,0.336742848157883,0,0,0,1,7.07618379592896
63.2719993591309,15974,0.854089975357056,295.680816650391,0.920748889446259,21.7588653564453,0.187805190682411,0,0,0,1,4.31832313537598
63.0480003356934,30763,0.435649991035461,106.91414642334,3.46025252342224,29.385950088501,0.130026325583458,0,0,0,1,7.56002998352051
53.8279991149902,17048,0.485150009393692,146.246520996094,1.1800377368927,43.6942749023438,0.175973728299141,0,0,0,1,7.47145700454712
59.4269981384277,66931,0.560559988021851,206.803375244141,6.31781721115112,65.2896270751953,0.597630381584168,0,0,0,1,17.1238193511963
56.6990013122559,17830,0.551949977874756,146.156478881836,0.689647972583771,36.1076850891113,0.673022985458374,0,0,0,1,11.6918182373047
54.1619987487793,13448,0.433710008859634,93.2336349487305,11.0724840164185,29.4690666198731,0.594883978366852,0,0,0,1,4.58776807785034
62.923999786377,9633,0.439240008592606,109.821166992187,33.640510559082,44.3890800476074,0.72666871547699,0,0,0,1,10.562575340271
52.4440002441406,17144,0.409990012645721,97.1374206542969,0.081188477575779,41.5130653381348,0.0583294443786144,0,0,0,1,6.10639142990112
60.8370018005371,8662,0.538100004196167,135.188461303711,10.8539524078369,19.6721305847168,1.15446782112122,0,0,0,1,5.61484479904175
61.2669982910156,22136,0.540570020675659,219.100891113281,56.0804252624512,91.7419586181641,0.587278664112091,0,0,0,1,16.7586154937744
59.2309989929199,8914,0.59171998500824,170.327499389648,4.38627290725708,10.7807941436768,,0,0,0,1,5.80134582519531
58.3230018615723,225091,0.598200023174286,307.942565917969,50.1631164550781,83.6777114868164,0.426494181156158,0,0,0,1,22.2021636962891
55.4710006713867,7834,0.473769992589951,124.039428710938,26.9033584594727,61.501148223877,0.127648711204529,0,0,0,1,12.7797040939331
61.0120010375977,13637,0.532149970531464,137.354537963867,0,34.5090560913086,0.146659821271896,0,0,0,1,6.20717763900757
62.2379989624024,17254,0.47613000869751,111.320213317871,6.94507741928101,23.3742904663086,0.115915149450302,0,0,0,1,4.87378358840942
53.6310005187988,40373,0.542599976062775,137.314498901367,0,66.0441360473633,0.0247690286487341,0,0,0,1,11.7666635513306
68.6650009155274,6492,0.461149990558624,276.441192626953,23.7929382324219,54.0973510742188,0.308071464300156,0,0,0,0,14.6171379089355
68.0439987182617,20689,0.523999989032745,286.531372070313,58.7850952148438,77.0651092529297,0.531683504581451,0,0,0,0,14.4756422042847
65.6679992675781,18961,0.465559989213944,151.963851928711,29.3971710205078,30.4308853149414,0.105479665100574,0,0,0,0,9.80799293518066
58.9580001831055,3589,0.560400009155273,233.176879882813,40.8719139099121,54.1583557128906,0.835887432098389,0,0,0,0,8.80377769470215
64.9020004272461,24849,0.504329979419708,170.701690673828,14.6215734481812,56.6018753051758,0.281701475381851,0,0,0,0,6.74141597747803
65.4759979248047,15769,0.483110010623932,142.619934082031,3.77671217918396,18.6921806335449,0.126831129193306,0,0,0,0,5.65850734710693
70.5540008544922,1808,0.352400004863739,316.515045166016,43.9231491088867,56.9137153625488,0.553097367286682,0,0,0,0,11.516619682312
65.6719970703125,3197,0.41567000746727,220.517684936523,30.2041511535645,42.8213958740234,0.93837970495224,0,0,0,0,13.6504993438721
59.242000579834,22156,0.607119977474213,190.742095947266,26.0249252319336,53.3083572387695,0.812421023845673,0,0,0,0,11.7299699783325
60.3139991760254,19185,0.535979986190796,191.794052124023,0,50.8261680603027,0.208496227860451,0,0,0,0,6.90128898620606
63.923999786377,26440,0.542219996452332,267.540344238281,44.0609512329102,68.388801574707,0.264750391244888,0,0,0,0,18.5257949829102
64.5309982299805,6616,0.540849983692169,286.260711669922,17.3473415374756,38.1650543212891,0.302297472953796,0,0,0,0,10.2559089660645
65.4850006103516,2756,0.642470002174377,315.279235839844,26.7979545593262,31.7489109039307,0.72568941116333,0,0,0,0,12.4322319030762
69.6419982910156,2486,0.400579988956451,361.602691650391,65.4769744873047,45.0522918701172,0.402252614498138,0,0,0,0,14.0501852035522
67.3649978637695,30932,0.590219974517822,442.210327148438,61.7434577941895,86.8388748168945,1.74576485157013,0,0,0,0,29.5690975189209
71.4130020141602,52700,0.58161997795105,533.406860351563,85.8908309936524,89.8007583618164,0.85388994216919,0,0,0,0,27.8601551055908
62.7169990539551,45416,0.646600008010864,244.427352905273,33.4947471618652,71.2304000854492,0.330280065536499,0,0,0,0,12.1612548828125
67.9250030517578,6752,0.445470005273819,169.159225463867,32.0272560119629,64.5438385009766,0.296208530664444,0,0,0,0,10.7454662322998
69.0579986572266,19919,0.549589991569519,362.818481445313,57.5517234802246,57.7462768554688,0.602439880371094,0,0,0,0,18.0156269073486
67.5879974365234,11615,0.432260006666183,226.413467407227,29.3338623046875,66.7584991455078,0.172191128134727,0,0,0,0,8.28357219696045
64.4130020141602,14160,0.483850002288818,142.698379516602,12.5564002990723,27.9590396881104,0.211864411830902,0,0,0,0,9.70319843292236
63.923999786377,6004,0.43571999669075,136.270034790039,26.6134910583496,32.6282463073731,0.333111256361008,0,0,0,0,8.07582759857178
66.6100006103516,15324,0.54847002029419,269.363006591797,43.1246719360352,58.9010696411133,0.456799805164337,0,0,0,0,16.6074352264404
65.5429992675781,3893,0.475439995527268,142.939514160156,0,27.4338550567627,0.256871312856674,0,0,0,0,6.83570432662964
62.7830009460449,6232,0.527809977531433,153.315292358398,30.7468929290772,34.9967918395996,,0,0,0,0,9.93802165985107
71.4749984741211,28377,0.496749997138977,527.609375,72.8550491333008,67.8718643188477,0.563836932182312,0,0,0,0,18.9823970794678
62.4799995422363,8774,0.473030000925064,154.396270751953,6.05211400985718,28.4476871490479,0.2279462069273,0,0,0,0,4.74128866195679
63.6730003356934,12497,0.608479976654053,260.337432861328,52.2615661621094,65.3356781005859,0.640153646469116,0,0,0,0,18.0022392272949
67.6709976196289,9812,0.472490012645721,204.087600708008,63.0057525634766,35.395435333252,2.64981651306152,0,0,0,0,16.245532989502
60.3209991455078,9772,0.486710011959076,199.320571899414,23.174898147583,37.8428153991699,0.409332782030106,0,0,0,0,9.51238059997559
61.8619995117188,2255,0.421649992465973,162.865692138672,83.4338607788086,36.6740570068359,3.54767179489136,0,0,0,0,16.9086875915527
65.7630004882813,1978,0.505630016326904,353.36767578125,0,74.2163772583008,3.03336691856384,0,0,0,0,21.87282371521
62.0309982299805,2400,0.564649999141693,244.057052612305,48.2323989868164,57.2916679382324,0.416666656732559,0,0,0,0,10.7740077972412
64.1389999389649,33826,0.500710010528565,186.493255615234,3.49969935417175,49.0451126098633,0.0886891707777977,0,0,0,0,11.8125476837158
70.963996887207,91283,0.575709998607636,485.067169189453,58.8291168212891,89.943359375,0.580611944198608,0,0,0,0,28.4132442474365
66.2750015258789,2638,0.480760008096695,203.432800292969,61.3170776367188,84.0864868164063,2.27445030212402,0,0,0,0,20.589485168457
64.5179977416992,7874,0.58763998746872,140.40869140625,11.678258895874,20.7137413024902,0.127000257372856,0,0,0,0,7.46941518783569
69.6060028076172,3113,0.485269993543625,266.743682861328,38.6846733093262,48.0244140625,0.321233540773392,0,0,0,0,14.2994585037231
67.6330032348633,5507,0.471980005502701,289.329498291016,39.2315635681152,76.7568511962891,0.181587070226669,0,0,0,0,15.7032432556152
67.4130020141602,69911,0.579689979553223,485.437896728516,87.0828475952149,97.2264709472656,0.672283351421356,0,0,0,0,31.0786094665527
64.9300003051758,7259,0.492170006036758,332.579620361328,68.7552337646484,67.7366027832031,1.23984014987946,0,0,0,0,18.5427398681641
68.5899963378906,27418,0.532570004463196,347.725250244141,61.9653778076172,85.597053527832,0.328251510858536,0,0,0,0,25.4610614776611
67.5879974365234,10817,0.473919987678528,343.698211669922,62.7405815124512,71.9977798461914,0.277341216802597,0,0,0,0,22.0933895111084
67.3649978637695,3091,0.458020001649857,185.39453125,77.2460403442383,85.9960708618164,1.29407954216003,0,0,0,0,13.1897039413452
61.7130012512207,17125,0.524689972400665,191.036407470703,3.25382256507874,43.4102172851563,0.350364953279495,0,0,0,0,11.4783782958984
67.5210037231445,11412,0.538929998874664,317.672882080078,69.5643844604492,79.3287734985352,0.613389432430267,0,0,0,0,20.5821571350098
63.9710006713867,17890,0.529349982738495,152.986450195313,6.02996397018433,38.721622467041,0.111794300377369,0,0,0,0,8.24951362609863
63.2270011901856,5726,0.402940005064011,167.765914916992,0,28.6063575744629,0.523925960063934,0,0,0,0,10.5774211883545
66.5410003662109,16643,0.597010016441345,266.228057861328,57.2854652404785,62.5067596435547,0.360511928796768,0,0,0,0,17.4379444122314
67.7979965209961,8383,0.505800008773804,255.432769775391,33.2977294921875,51.8310852050781,0.835023283958435,0,0,0,0,16.4868240356445
64.7610015869141,20573,0.561529994010925,350.180084228516,67.0993804931641,73.0666427612305,0.729110956192017,0,0,0,0,21.7690200805664
62.6129989624024,5813,0.447200000286102,114.119194030762,18.8384532928467,33.1326332092285,0.34405642747879,0,0,0,0,8.51591491699219
67.5640029907227,4100,0.422159999608994,328.583129882813,69.9367752075195,76.7560958862305,0.243902444839478,0,0,0,0,12.5149507522583
65.7070007324219,20291,0.510909974575043,302.597320556641,54.9652099609375,89.1823959350586,0.837809860706329,0,0,0,0,25.4765224456787
64.0029983520508,6212,0.485520005226135,174.059341430664,46.0448455810547,54.9903411865234,1.12685120105743,0,0,0,0,15.2683439254761
66.1169967651367,99954,0.583689987659454,414.407806396484,77.2094573974609,83.3573455810547,1.74080073833466,0,0,0,0,33.4857864379883
58.984001159668,8902,0.461010009050369,211.383331298828,9.44260883331299,24.6910800933838,0.112334303557873,0,0,0,0,10.6625070571899
67.6709976196289,17014,0.525600016117096,250.351425170898,84.3788986206055,95.6506423950195,0.705301523208618,0,0,0,0,25.6076526641846
60.0810012817383,9594,0.487320005893707,202.884979248047,71.7465744018555,92.8705444335938,0.729622662067413,0,0,0,0,17.9117794036865
68.0449981689453,3975,0.5278400182724,276.250305175781,89.5433883666992,23.6729564666748,0.503144681453705,0,0,0,0,13.4571676254272
68.6399993896484,2020161,0.612249970436096,876.22509765625,84.9392547607422,99.6582412719727,2.03003621101379,0,0,0,0,43.2100677490234
60.3209991455078,16718,0.458730012178421,196.691314697266,30.9552230834961,74.6799850463867,0.957052290439606,0,0,0,0,13.0870428085327
65.3809967041016,7040,0.410860002040863,193.523468017578,47.0630836486816,35.0994300842285,0.710227251052856,0,0,0,0,11.1504058837891
66.8580017089844,17745,0.462909996509552,191.14241027832,7.92013740539551,11.8906736373901,0.169061705470085,0,0,0,0,6.50840902328491
56.3530006408691,10573,0.484560012817383,130.065170288086,0,38.5415687561035,0.378322154283524,0,0,0,0,7.8044867515564
65.4680023193359,170934,0.520389974117279,350.339141845703,33.0263938903809,94.8570785522461,1.07643890380859,0,0,0,0,20.9718055725098
68.0449981689453,4852,0.483260005712509,184.785049438477,26.8291969299316,32.9554824829102,0.824402332305908,0,0,0,0,11.9231014251709
68.5950012207031,11239,0.584739983081818,475.392578125,65.4855728149414,85.3367767333984,1.24566245079041,0,0,0,0,33.7714538574219
68.0439987182617,3055,0.526189982891083,232.032974243164,0,35.9410820007324,0.65466445684433,0,0,0,0,13.7930040359497
68.9899978637695,33015,0.652320027351379,422.1201171875,65.4371795654297,76.5318832397461,1.06012415885925,0,0,0,0,18.7879238128662
66.0899963378906,4944,0.593330025672913,279.858825683594,36.0692100524902,40.6755676269531,0.404530733823776,0,0,0,0,13.4774980545044
66.2880020141602,47045,0.596520006656647,234.068588256836,24.923059463501,62.7505569458008,0.871505975723267,0,0,0,0,15.0819625854492
67.6330032348633,35330,0.56616997718811,423.072967529297,62.7144737243652,87.2431335449219,0.594395697116852,0,0,0,0,22.9022579193115
67.8889999389649,6236,0.524230003356934,312.239227294922,78.633903503418,75.5131530761719,1.44323289394379,0,0,0,0,21.7861042022705
67.015998840332,2922,0.509050011634827,321.280883789063,30.1461429595947,55.6810417175293,0.34223136305809,0,0,0,0,10.9621648788452
58.9370002746582,4951,0.544870018959045,217.883178710938,24.543493270874,37.7297515869141,1.00989699363709,0,0,0,0,13.041974067688
61.4669990539551,17519,0.477730005979538,147.581481933594,24.9984378814697,39.0433235168457,0.570808827877045,0,0,0,0,10.3139486312866
69.625,8901,0.437949985265732,299.799377441406,45.5812187194824,45.9723625183106,0.674081563949585,0,0,0,0,8.77096748352051
68.2590026855469,16472,0.544979989528656,264.886138916016,34.6854476928711,75.3885345458984,0.121418163180351,0,0,0,0,19.7424869537354
65.3809967041016,7183,0.471879988908768,208.062210083008,24.2159900665283,30.5164966583252,0.696087956428528,0,0,0,0,10.046947479248
66.8339996337891,14464,0.581759989261627,286.005828857422,10.8019046783447,47.5318031311035,0.0691371709108353,0,0,0,0,14.1351261138916
69.625,15410,0.504540026187897,390.243804931641,54.0217132568359,58.9033088684082,0.129785850644112,0,0,0,0,15.4942207336426
69.1940002441406,14247,0.564230024814606,391.3740234375,55.2290420532227,62.0481491088867,0.491331517696381,0,0,0,0,13.9957933425903
64.0749969482422,7229,0.476480007171631,175.2490234375,0,31.857795715332,0.276663452386856,0,0,0,0,9.181227684021
64.0979995727539,44979,0.548789978027344,144.114471435547,15.3328495025635,42.5776481628418,0.311256378889084,0,0,0,0,9.76887226104736
66.8600006103516,5836,0.475679993629456,126.494064331055,17.5911979675293,24.0575733184815,0.342700481414795,0,0,0,0,11.4922323226929
62.7519989013672,6515,0.510850012302399,177.346633911133,17.3400249481201,21.9117088317871,0.460475832223892,0,0,0,0,11.5179710388184
65.4660034179688,13711,0.550710022449493,250.958999633789,48.6487808227539,51.8124122619629,0.802275538444519,0,0,0,0,18.7879524230957
66.2460021972656,19308,0.556770026683807,359.230133056641,48.528694152832,59.9906768798828,2.69318413734436,0,0,0,0,23.0892543792725
67.4700012207031,10787,0.484629988670349,325.238739013672,56.097038269043,44.942985534668,0.556225061416626,0,0,0,0,12.2247457504272
58.5550003051758,9936,0.540199995040894,180.827301025391,1.32844889163971,62.6710968017578,0.301932364702225,0,0,0,0,14.5191793441772
64.8840026855469,18417,0.483649998903275,196.792129516602,3.82769727706909,57.495792388916,0.217190638184547,0,0,0,0,13.5230302810669
60.5979995727539,24477,0.527610003948212,176.51481628418,0,73.8203201293945,1.02136695384979,0,0,0,0,10.9689989089966
64.2679977416992,12223,0.594070017337799,331.873443603516,59.532470703125,41.5528106689453,0.490877866744995,0,0,0,0,12.2299509048462
66.5559997558594,3656,0.549549996852875,446.347991943359,72.7405166625977,93.1892776489258,0.547045946121216,0,0,0,0,24.0747318267822
68.245002746582,9323,0.502960026264191,233.490173339844,47.572078704834,48.0532035827637,0.643569648265839,0,0,0,0,19.6268272399902
68.4619979858399,2284,0.542249977588654,226.419448852539,57.5415878295899,75.6567459106445,1.31348514556885,0,0,0,0,15.1887426376343
66.302001953125,7403,0.444449990987778,343.204620361328,50.7603416442871,84.1550750732422,0.540321469306946,0,0,0,0,15.6392974853516
64.2160034179688,33251,0.49838000535965,321.020172119141,83.0389022827148,87.561279296875,1.17289710044861,0,0,0,0,28.0981349945068
63.492000579834,4583,0.516600012779236,197.219512939453,40.7881698608399,27.6020069122314,1.52738380432129,0,0,0,0,10.198169708252
57.7010002136231,3721,0.388469994068146,127.435615539551,27.0173931121826,45.9822616577149,0.268744975328445,0,0,0,0,15.3474617004395
69.6419982910156,12372,0.571129977703095,418.444641113281,57.4178924560547,50.3879737854004,0.889104425907135,0,0,0,0,17.4326591491699
62.5429992675781,3814,0.537400007247925,237.182113647461,18.5802478790283,28.9674491882324,1.0487676858902,0,0,0,0,7.97911405563355
66.927001953125,16927,0.493600010871887,392.835296630859,72.7753219604492,61.6825180053711,0.354463279247284,0,0,0,0,10.5265789031982
66.9970016479492,22302,0.459670007228851,394.545379638672,61.5985679626465,67.6889953613281,0.35871222615242,0,0,0,0,16.9322719573975
68.7809982299805,11508,0.569069981575012,357.157348632813,53.9197883605957,78.1021881103516,0.434480369091034,0,0,0,0,16.792573928833
61.8969993591309,7914,0.575619995594025,196.169342041016,9.26313018798828,61.2585296630859,0.50543338060379,0,0,0,0,10.0654926300049
68.9869995117188,12260,0.539070010185242,360.35595703125,67.9875564575195,78.7438812255859,0.326264262199402,0,0,0,0,26.4133834838867
65.7730026245117,17440,0.530770003795624,320.468566894531,41.4221076965332,47.6146774291992,0.34403669834137,0,0,0,0,12.6094017028809
70.2109985351563,20080,0.558030009269714,354.863555908203,49.8892059326172,67.2211151123047,0.348605573177338,0,0,0,0,17.5056972503662
68.1330032348633,44527,0.584349989891052,332.719543457031,74.7213363647461,89.404182434082,0.42670738697052,0,0,0,0,20.8377780914307
65.9530029296875,10883,0.406569987535477,331.479949951172,63.9347953796387,79.2152862548828,1.1026371717453,0,0,0,0,16.3100624084473
68.1190032958984,4519,0.668770015239716,547.300720214844,66.2786636352539,60.787784576416,0.885151565074921,0,0,0,0,22.837329864502
67.7300033569336,11112,0.588949978351593,398.809356689453,76.1199722290039,89.6058349609375,0.449964016675949,0,0,0,0,18.1895904541016
66.3830032348633,23946,0.510079979896545,301.345306396484,42.5364418029785,51.4741516113281,0.501127541065216,0,0,0,0,13.388876914978
64.931999206543,5411,0.469520002603531,110.702575683594,13.6987066268921,19.4056167602539,0.18480871617794,0,0,0,0,12.4324312210083
68.6360015869141,15990,0.423660010099411,324.640594482422,53.7628631591797,62.8133506774902,0.250156342983246,0,0,0,0,18.9299182891846
65.6719970703125,5602,0.509660005569458,240.450149536133,10.6981506347656,53.3737945556641,1.0710461139679,0,0,0,0,7.41134929656982
68.1330032348633,13609,0.468670010566711,238.507019042969,27.8825092315674,52.1713562011719,0.220442354679108,0,0,0,0,9.80001163482666
65.6679992675781,7923,0.562370002269745,280.9677734375,18.2865161895752,38.9120292663574,0.631074070930481,0,0,0,0,11.5193748474121
63.0439987182617,5140,0.505949974060059,202.629257202148,0,39.5136184692383,0.77821010351181,0,0,0,0,17.1348190307617
59.314998626709,30338,0.564679980278015,199.769836425781,23.9346008300781,54.9179229736328,0.329619616270065,0,0,0,0,11.6703605651855
66.036003112793,7300,0.452939987182617,343.823028564453,59.9294929504395,75.1095886230469,0.547945201396942,0,0,0,0,11.9573202133179
67.0479965209961,6344,0.482039988040924,300.869049072266,8.16078948974609,86.589599609375,,0,0,0,0,14.8904600143433
68.6289978027344,15060,0.592949986457825,409.306915283203,85.2946090698242,87.4634780883789,0.597609579563141,0,0,0,0,15.672589302063
64.0979995727539,11731,0.545210003852844,190.376327514648,4.24824810028076,70.8976211547852,0.426221132278442,0,0,0,0,13.8603687286377
69.0579986572266,6823,0.560649991035461,384.503021240234,55.2374572753906,64.6196670532227,0.4396892786026,0,0,0,0,19.180326461792
61.5299987792969,7826,0.427199989557266,142.810073852539,23.8687133789063,31.9703559875488,0.511116802692413,0,0,0,0,7.84746265411377
64.1389999389649,21778,0.504549980163574,123.571319580078,12.8337297439575,22.3691711425781,0.275507390499115,0,0,0,0,3.55805730819702
66.3560028076172,3461,0.357219994068146,132.362258911133,1.54588878154755,25.2721290588379,0.866801500320435,0,0,0,0,9.3350248336792
67.6709976196289,18833,0.564329981803894,254.127914428711,70.5710296630859,71.1676330566406,1.69914507865906,0,0,0,0,14.5170660018921
68.7289962768555,40053,0.564760029315949,285.829223632813,53.1740837097168,62.5945625305176,0.97370982170105,0,0,0,0,20.3148365020752
64.8430023193359,125686,0.545419991016388,241.784423828125,35.4115028381348,60.8683547973633,0.389860451221466,0,0,0,0,15.1504592895508
64.9530029296875,8195,0.518440008163452,150.007629394531,8.20265579223633,44.307502746582,0.244051247835159,0,0,0,0,7.34647512435913
69.5940017700195,5507,0.49184000492096,300.096771240234,63.1595764160156,64.7539520263672,0.54476124048233,0,0,0,0,17.5542011260986
61.2569999694824,23287,0.610719978809357,252.174835205078,34.125904083252,58.8740501403809,0.42942413687706,0,0,0,0,13.0932025909424
66.0439987182617,2242,0.527679979801178,174.989593505859,12.2154369354248,43.6217651367188,0.89206063747406,0,0,0,0,14.320876121521
64.1370010375977,10279,0.498189985752106,298.658813476563,49.2988700866699,55.0734519958496,0.389142900705338,0,0,0,0,15.877254486084
65.7919998168945,10231,0.548789978027344,261.021697998047,54.4776954650879,63.8842735290527,0.0977421551942825,0,0,0,0,18.5636425018311
68.1399993896484,11291,0.625240027904511,305.340545654297,69.5632705688477,43.1671257019043,1.59419012069702,0,0,0,0,16.6130218505859
68.8470001220703,14415,0.453299999237061,266.178039550781,49.2789344787598,72.216438293457,0.901838362216949,0,0,0,0,18.6134548187256
69.6060028076172,27358,0.523419976234436,372.564392089844,50.6522636413574,74.1136016845703,0.475180923938751,0,0,0,0,20.6893939971924
66.5250015258789,17470,0.462179988622665,274.764709472656,52.5940170288086,62.7704620361328,0.286204934120178,0,0,0,0,18.1720390319824
68.2590026855469,13635,0.488559991121292,226.57551574707,38.117359161377,55.9075889587402,0.293362677097321,0,0,0,0,13.9264459609985
64.6709976196289,4528,0.613300025463104,267.621856689453,44.8712692260742,45.4221878051758,0.441696107387543,0,0,0,0,19.8401165008545
67.5879974365234,2575,0.405479997396469,237.898956298828,56.8609848022461,59.8446617126465,0.776699006557465,0,0,0,0,12.8836994171143
67.8889999389649,4680,0.504119992256165,223.493804931641,42.490421295166,44.1452980041504,0.21367521584034,0,0,0,0,11.1365633010864
64.1119995117188,2093,0.433400005102158,136.756469726563,2.67498254776001,37.4478073120117,0.47778308391571,0,0,0,0,14.7334060668945
68.6360015869141,2629,0.497429996728897,348.154266357422,19.8757190704346,37.3526039123535,1.52149105072021,0,0,0,0,16.7374877929688
69.0579986572266,15818,0.568130016326904,443.350250244141,74.2835922241211,75.8376541137695,1.01150584220886,0,0,0,0,18.3952388763428
64.3889999389648,3898,0.434049993753433,136.67155456543,0,56.5161628723145,0.513083636760712,0,0,0,0,12.4944257736206
69.8629989624024,58138,0.568620026111603,371.818298339844,79.3606185913086,91.895149230957,0.842822253704071,0,0,0,0,27.8762607574463
64.1119995117188,3379,0.452239990234375,112.813926696777,5.6857008934021,27.4677734375,0.59189110994339,0,0,0,0,6.46498107910156
69.2730026245117,19491,0.59705001115799,382.074737548828,90.6032180786133,97.8810729980469,0.718280255794525,0,0,0,0,28.5411071777344
68.0439987182617,1402,0.528069972991943,207.711959838867,0,81.3124084472656,0.713266789913178,0,0,0,0,12.6955966949463
65.1289978027344,6443,0.543410003185272,201.49072265625,18.561580657959,69.0206451416016,0.620828807353973,0,0,0,0,15.2361850738525
65.5210037231445,13783,0.473219990730286,304.258544921875,0.581747651100159,79.7292709350586,0.290212571620941,0,0,0,0,27.6209144592285
66.6890029907227,3257,0.584999978542328,328.991516113281,60.7767143249512,75.0383758544922,0.921093046665192,0,0,0,0,12.8667593002319
65.6679992675781,5529,0.466109991073608,188.941650390625,15.4232902526855,33.0801239013672,2.53210353851318,0,0,0,0,12.9244985580444
66.8580017089844,15790,0.365469992160797,157.944885253906,5.29284572601318,9.8353385925293,0.126662448048592,0,0,0,0,3.31954383850098
68.0449981689453,2900,0.401360005140305,188.558670043945,42.0240592956543,40.7586212158203,2.41379308700562,0,0,0,0,17.7354354858398
62.818000793457,6240,0.586149990558624,104.229393005371,20.1071910858154,26.0416660308838,0.160256415605545,0,0,0,0,7.95482063293457
66.036003112793,3409,0.402310013771057,347.286834716797,32.199031829834,39.659725189209,1.17336463928223,0,0,0,0,14.5204734802246
64.0979995727539,8238,0.4444699883461,138.977569580078,1.40061843395233,53.8965759277344,0.606943428516388,0,0,0,0,10.2731475830078
63.8730010986328,18481,0.544610023498535,289.882019042969,51.9915542602539,63.0701789855957,0.162328884005547,0,0,0,0,17.665376663208
64.870002746582,5477,0.516550004482269,215.927307128906,39.753963470459,53.9529037475586,0.365163415670395,0,0,0,0,13.5779113769531
60.9099998474121,10342,0.563679993152618,159.747497558594,13.8723335266113,24.9854965209961,0.0966930985450745,0,0,0,0,8.6845121383667
68.5070037841797,2964,0.502260029315949,481.400909423828,0,28.9136295318604,0.674763858318329,0,0,0,0,13.1974859237671
60.2080001831055,10240,0.456079989671707,103.987869262695,0.254727810621262,22.568359375,0.1953125,0,0,0,0,4.94695329666138
67.5879974365234,9158,0.504029989242554,279.00732421875,48.5872573852539,54.8263816833496,0.218388289213181,0,0,0,0,16.3446979522705
69.5940017700195,2493,0.526369988918304,334.172271728516,42.8648490905762,35.9807472229004,1.60449254512787,0,0,0,0,10.7414283752441
68.1190032958984,14054,0.584699988365173,467.191650390625,71.042854309082,79.3724212646484,0.640387058258057,0,0,0,0,20.5839538574219
63.923999786377,5163,0.650820016860962,223.643630981445,20.2886962890625,27.0966491699219,0.774743378162384,0,0,0,0,10.7179288864136
65.5429992675781,18721,0.528060019016266,177.361724853516,20.9112510681152,48.6298789978027,0.320495694875717,0,0,0,0,9.4472017288208
66.8740005493164,3899,0.528729975223541,290.170379638672,34.2233352661133,31.8286743164063,1.53885614871979,0,0,0,0,15.7051391601563
68.1399993896484,10472,0.546710014343262,273.090087890625,72.6054229736328,78.103515625,0.477463722229004,0,0,0,0,15.9232778549194
69.1399993896484,7695,0.429490000009537,266.315612792969,51.6541175842285,52.0987663269043,0.129954516887665,0,0,0,0,13.3472108840942
68.1279983520508,7094,0.528649985790253,383.432739257813,56.8764152526856,58.7397804260254,0.986749351024628,0,0,0,0,18.5388889312744
64.1119995117188,35364,0.547160029411316,399.62939453125,73.2853317260742,83.3785781860352,1.89458203315735,0,0,0,0,22.0728149414063
64.8420028686524,4533,0.671710014343262,151.371643066406,3.82260298728943,27.1122875213623,0.441208899021149,0,0,0,0,7.08006763458252
68.1190032958984,7048,0.526950001716614,283.518463134766,60.8966293334961,65.1532363891602,0.851305305957794,0,0,0,0,16.5296306610107
69.8339996337891,89059,0.561850011348724,400.941833496094,76.2143249511719,93.7030487060547,1.33619284629822,0,0,0,0,30.291675567627
63.923999786377,30569,0.534609973430634,230.414276123047,32.2786026000977,67.0483169555664,0.196277275681496,0,0,0,0,16.3898410797119
65.0589981079102,1708,0.4235700070858,197.659103393555,37.5008354187012,47.4824371337891,0.585480093955994,0,0,0,0,10.3498878479004
66.2559967041016,449588,0.490410000085831,451.189849853516,59.0720176696777,93.4132995605469,0.774042010307312,0,0,0,0,30.7335357666016
68.4160003662109,9214,0.563809990882874,278.876342773438,48.8783264160156,59.2793579101563,1.08530497550964,0,0,0,0,14.7482624053955
64.0979995727539,32688,0.518739998340607,136.507278442383,0,39.8052101135254,0.244738131761551,0,0,0,0,8.96531105041504
68.056999206543,8451,0.501720011234283,228.337936401367,0.530021071434021,63.0221290588379,0.828304350376129,0,0,0,0,15.8312177658081
68.245002746582,3030,0.508239984512329,290.611114501953,57.1668281555176,67.5577545166016,0.330033004283905,0,0,0,0,18.3452014923096
61.1609992980957,25096,0.586600005626679,316.767120361328,20.3230514526367,77.7892913818359,0.31877589225769,0,0,0,0,24.6486015319824
60.3759994506836,10800,0.461699992418289,133.515380859375,15.9541320800781,36.6481475830078,0.0925925895571709,0,0,0,0,11.5111446380615
68.6650009155274,24954,0.54272997379303,369.777954101563,48.3450698852539,66.1136474609375,0.681253492832184,0,0,0,0,21.0843715667725
67.3740005493164,87439,0.5658900141716,414.963012695313,75.3619613647461,98.0649337768555,0.949233174324036,0,0,0,0,27.679666519165
62.1259994506836,9191,0.462839990854263,134.307495117188,11.4023103713989,56.7620506286621,0.108802087605,0,0,0,0,8.47777462005615
64.8420028686524,3252,0.47868999838829,236.685882568359,56.9786949157715,51.6297645568848,0.307503074407578,0,0,0,0,16.7404346466064
67.9000015258789,2988,0.34646001458168,174.623092651367,42.1030921936035,45.9839363098145,0.669344067573547,0,0,0,0,11.712197303772
66.3860015869141,4368,0.5730299949646,325.358306884766,40.6199722290039,48.7179489135742,0.686813175678253,0,0,0,0,15.5527563095093
63.7270011901856,3929,0.410420000553131,261.554016113281,28.0533390045166,32.2219390869141,0.509035348892212,0,0,0,0,10.582200050354
66.677001953125,7830,0.428660005331039,141.757827758789,51.2142181396484,17.0498085021973,0.255427837371826,0,0,0,0,9.00128078460693
62.2869987487793,4012,0.633149981498718,255.011016845703,18.1121578216553,79.2622146606445,0.498504489660263,0,0,0,0,12.851490020752
69.9309997558594,8842,0.536899983882904,295.173065185547,33.861499786377,54.376838684082,0.226193174719811,0,0,0,0,9.9126443862915
65.4629974365234,5003,0.442409992218018,123.963920593262,0,29.2824306488037,0.599640190601349,0,0,0,0,6.00405740737915
67.8450012207031,4214,0.465000003576279,215.167526245117,35.3671646118164,67.0621719360352,0.237304225564003,0,0,0,0,15.8401298522949
65.0589981079102,9997,0.566460013389587,325.517456054688,40.313117980957,38.711612701416,1.20036005973816,0,0,0,0,12.7686614990234
65.3809967041016,4579,0.792980015277863,481.693176269531,31.7001361846924,42.6730728149414,0.436776578426361,0,0,0,0,8.68649005889893
70.5230026245117,3068,0.48633000254631,356.202819824219,25.2882862091064,80.365608215332,0.651890456676483,0,0,0,0,20.1568965911865
66.2750015258789,11674,0.586179971694946,304.422943115234,74.5693893432617,82.4653091430664,1.02792525291443,0,0,0,0,16.0635261535645
66.5,59015,0.578140020370483,332.693176269531,45.8031425476074,81.2386322021484,0.931966423988342,0,0,0,0,21.2908554077148
65.088996887207,4702,0.562420010566711,199.638061523438,54.3756523132324,48.043384552002,0.638026356697083,0,0,0,0,7.57467412948608
66.4240036010742,7860,0.624239981174469,294.435852050781,17.3171215057373,30.2290077209473,0.763358771800995,0,0,0,0,11.2861909866333
67.2089996337891,6698,0.459120005369186,293.440185546875,47.2328109741211,69.0205993652344,0.59719318151474,0,0,0,0,10.5105428695679
67.2389984130859,4083,0.462319999933243,204.021697998047,71.7114181518555,61.2539787292481,1.46950769424438,0,0,0,0,11.5497484207153
66.318000793457,6825,0.452670007944107,128.718780517578,35.8446044921875,35.6190490722656,0.732600748538971,0,0,0,0,7.9801459312439
66.3560028076172,3525,0.542439997196198,186.624771118164,30.6773471832275,27.3475170135498,0.567375898361206,0,0,0,0,11.1386528015137
66.1679992675781,44299,0.58490002155304,307.149047851563,46.3687133789063,78.1259155273438,0.428903579711914,0,0,0,0,22.2992935180664
64.2249984741211,4161,0.571330010890961,163.926132202148,11.3557472229004,17.976448059082,0.720980525016785,0,0,0,0,5.34348917007446
60.0180015563965,10150,0.53973001241684,195.508361816406,56.3293724060059,50.7881774902344,0.0985221639275551,0,0,0,0,16.2774276733398
63.9599990844727,3009,0.48488000035286,158.596862792969,13.8009233474731,33.7321357727051,0.332336336374283,0,0,0,0,10.823974609375
62.6679992675781,21757,0.509069979190826,225.29362487793,32.4439849853516,32.7572746276856,0.919244408607483,0,0,0,0,8.46118068695068
64.8030014038086,5281,0.536889970302582,175.522552490234,17.4020557403564,47.680362701416,0.568074226379395,0,0,0,0,15.6019535064697
64.2200012207031,5790,0.428700000047684,138.741439819336,24.5471038818359,48.1865272521973,0.345423132181168,0,0,0,0,8.78047847747803
70.8690032958984,151462,0.558260023593903,466.522064208984,78.2414855957031,95.3565902709961,0.719652473926544,0,0,0,0,28.3989925384522
67.5879974365234,4917,0.721409976482391,430.01904296875,5.3643479347229,69.107177734375,0.406752079725266,0,0,0,0,11.2753744125366
66.2210006713867,6166,0.64859002828598,311.124542236328,58.5771293640137,76.759651184082,0.324359387159348,0,0,0,0,18.5952491760254
61.0330009460449,4960,0.529169976711273,151.786254882813,18.6427135467529,48.7096786499023,0.201612904667854,0,0,0,0,8.79896545410156
60.6990013122559,10028,0.500060021877289,171.039291381836,25.3961582183838,49.5911445617676,0.498603910207748,0,0,0,0,15.8780431747437
65.245002746582,2870,0.523989975452423,237.988098144531,31.5433120727539,30.5574913024902,1.74216032028198,0,0,0,0,8.00460338592529
63.9020004272461,4804,0.493110001087189,238.908752441406,62.2244300842285,78.6011657714844,0.624479591846466,0,0,0,0,22.3204002380371
64.5609970092774,7255,0.574670016765595,260.602233886719,70.0555648803711,83.3043746948242,0.13783597946167,0,0,0,0,20.49538230896
64.5960006713867,5403,0.498939990997315,168.197814941406,2.56588983535767,20.6922073364258,0.185082361102104,0,0,0,0,6.77888631820679
67.6330032348633,13887,0.663749992847443,474.068817138672,33.7188224792481,91.72607421875,0.360048979520798,0,0,0,0,24.0217666625977
66.3889999389649,5043,0.506980001926422,165.318542480469,15.4142980575562,30.5770378112793,0.396589338779449,0,0,0,0,11.6293172836304
68.6039962768555,1247,0.361620008945465,232.734527587891,44.9225311279297,55.4129905700684,0.801924645900726,0,0,0,0,18.3576736450195
68.6650009155274,1583,0.544570028781891,326.699279785156,22.4782752990723,52.1794052124024,1.26342391967773,0,0,0,0,14.2212429046631
68.0319976806641,19373,0.580739974975586,432.327911376953,65.3382568359375,67.0417556762695,0.51618230342865,0,0,0,0,18.3120594024658
64.0439987182617,8815,0.530480027198792,236.046829223633,35.4111633300781,62.8474197387695,0.226885989308357,0,0,0,0,14.0000514984131
66.2880020141602,7566,0.49753001332283,180.544082641602,0.354821652173996,62.2389640808106,0.264340460300446,0,0,0,0,12.9475917816162
67.379997253418,12255,0.536979973316193,205.509323120117,49.5982055664063,56.3198699951172,0.571195423603058,0,0,0,0,12.9239959716797
64.6989974975586,15551,0.536199986934662,176.316177368164,18.4300308227539,32.370906829834,0.128609091043472,0,0,0,0,12.8800001144409
65.6380004882813,24298,0.488770008087158,247.877014160156,34.5233421325684,28.9900398254395,1.35813641548157,0,0,0,0,13.2598266601563
63.492000579834,19543,0.572759985923767,255.50944519043,32.9657745361328,40.6948776245117,0.972215116024017,0,0,0,0,11.32493019104
63.9500007629395,37594,0.500010013580322,154.496475219727,0,41.7638320922852,0.106399960815907,0,0,0,0,10.307222366333
68.1039962768555,4045,0.443890005350113,277.70703125,33.3298301696777,30.4326324462891,0.494437575340271,0,0,0,0,10.6047410964966
69.625,9681,0.467550009489059,347.759338378906,39.6740074157715,38.343147277832,0.30988535284996,0,0,0,0,11.070761680603
62.5349998474121,2617,0.660749971866608,355.720153808594,45.8334693908692,58.0835380554199,1.52846765518188,0,0,0,0,14.9682521820068
61.7859992980957,3982,0.648169994354248,380.517639160156,13.8926553726196,73.8824691772461,1.00452029705048,0,0,0,0,17.7677593231201
68.6650009155274,7233,0.497979998588562,293.640228271484,40.5462112426758,52.3572502136231,0.553020894527435,0,0,0,0,17.1503734588623
66.3889999389649,9825,0.509289979934692,229.358612060547,40.3396720886231,46.0559806823731,0.712468206882477,0,0,0,0,13.5788888931274
62.0309982299805,3286,0.488869994878769,241.617080688477,36.031909942627,68.7461929321289,0.60864269733429,0,0,0,0,12.3630590438843
66.9970016479492,14314,0.548969984054565,468.475738525391,62.1332550048828,63.4902877807617,0.349308371543884,0,0,0,0,16.0057544708252
67.5879974365234,2115,0.654349982738495,408.378570556641,43.5384712219238,58.4397163391113,0.472813248634338,0,0,0,0,19.3855228424072
65.9940032958984,3103,0.53413999080658,223.234039306641,52.4701843261719,55.913631439209,1.61134386062622,0,0,0,0,16.3211536407471
65.7570037841797,5802,0.426820009946823,88.0442962646484,14.053469657898,23.9055500030518,0.172354355454445,0,0,0,0,5.2275128364563
56.257999420166,2996,0.347499996423721,145.453582763672,15.409122467041,44.8598136901856,0.667556762695313,0,0,0,0,7.9448561668396
63.9770011901856,6001,0.563790023326874,163.240005493164,0.263088136911392,64.0726547241211,0.33327779173851,0,0,0,0,8.99597072601318
65.3789978027344,11926,0.559480011463165,296.290649414063,8.95181941986084,59.6427955627441,0.670803308486939,0,0,0,0,14.5406160354614
63.1430015563965,3277,0.410659998655319,113.236122131348,34.3093299865723,51.6325912475586,0.915471494197845,0,0,0,0,10.649863243103
66.3479995727539,14128,0.557810008525848,212.190933227539,12.6430425643921,30.5492630004883,0.212344273924828,0,0,0,0,8.36532211303711
68.9120025634766,5053,0.622420012950897,411.181945800781,50.030632019043,58.8957061767578,0.593706727027893,0,0,0,0,15.434006690979
66.1800003051758,61755,0.597710013389587,356.133422851563,65.4145431518555,80.6801071166992,0.453404575586319,0,0,0,0,24.2204494476318
64.5459976196289,7199,0.535549998283386,236.855209350586,0,31.7405185699463,0.138908177614212,0,0,0,0,9.70487213134766
69.0579986572266,3800,0.535269975662231,289.306732177734,50.3148155212402,57.6052627563477,0.263157904148102,0,0,0,0,12.3485326766968
62.4879989624024,2285,0.446189999580383,241.69010925293,0,54.7045936584473,0.437636762857437,0,0,0,0,8.34073543548584
64.9530029296875,17177,0.403169989585876,104.130401611328,0.144201263785362,18.0590324401855,0.291086912155151,0,0,0,0,4.78694248199463
60.2680015563965,3666,0.499709993600845,203.578353881836,0,53.8461532592774,0.545553743839264,0,0,0,0,9.07959651947021
64.0979995727539,24993,0.485249996185303,173.038314819336,18.5306930541992,45.384708404541,0.60016804933548,0,0,0,0,12.0886678695679
62.4640007019043,7007,0.432220011949539,90.2716598510742,4.27788352966309,18.5165748596191,,0,0,0,0,5.39303112030029
60.5449981689453,7245,0.622139990329742,269.69775390625,36.3923759460449,64.6928939819336,0.138026222586632,0,0,0,0,18.3510913848877
70.0210037231445,7902,0.508700013160706,492.462554931641,86.5048141479492,79.4482421875,1.01240193843842,0,0,0,0,20.1424083709717
61.7879981994629,5103,0.433600008487701,124.902206420898,0,54.1054267883301,1.1757789850235,0,0,0,0,7.77149152755737
70.2109985351563,41424,0.59061998128891,511.953796386719,72.138427734375,80.2240219116211,0.193124756217003,0,0,0,0,23.5053215026856
62.4879989624024,2616,0.676029980182648,414.752075195313,1.23464035987854,42.8899078369141,0.382263004779816,0,0,0,0,12.2297620773315
60.5449981689453,10819,0.56862998008728,213.822555541992,28.8350715637207,63.5640983581543,0.27728995680809,0,0,0,0,10.0219240188599
66.1449966430664,3877,0.572570025920868,312.264892578125,24.3813228607178,23.8844470977783,1.54758834838867,0,0,0,0,12.136022567749
59.5670013427734,6163,0.387010008096695,143.786529541016,17.3118228912354,41.9925346374512,0.324517279863358,0,0,0,0,5.10987091064453
66.1679992675781,11457,0.512790024280548,224.265121459961,43.4149513244629,62.6516532897949,0.261848658323288,0,0,0,0,15.4678888320923
67.0339965820313,230524,0.614239990711212,465.688659667969,68.4512176513672,93.3082885742188,0.915305972099304,0,0,0,0,28.0168838500977
67.9700012207031,20284,0.519569993019104,178.482543945313,8.32439231872559,32.4590797424316,0.0492999404668808,0,0,0,0,5.70141887664795
68.6650009155274,1265,0.476660013198853,327.737091064453,0,75.8893280029297,0.790513813495636,0,0,0,0,24.62375831604
61.9379997253418,25173,0.528400003910065,238.792572021484,26.9958057403565,68.0491027832031,0.238350614905357,0,0,0,0,15.0644865036011
68.0319976806641,11852,0.523710012435913,257.238586425781,32.6921882629395,39.8076286315918,0.421869724988937,0,0,0,0,12.005223274231
61.9990005493164,10541,0.494049996137619,132.921295166016,18.9854507446289,19.9316959381104,0.284602969884872,0,0,0,0,7.71543025970459
68.9700012207031,16251,0.489039987325668,338.064178466797,69.4085540771484,75.4415130615234,0.12306934595108,0,0,0,0,15.6306772232056
67.8789978027344,8046,0.559790015220642,290.674896240234,45.6890373229981,63.310962677002,1.11856818199158,0,0,0,0,16.7528133392334
64.8420028686524,3814,0.49821001291275,269.309967041016,89.9951095581055,81.0173034667969,1.0487676858902,0,0,0,0,19.6670532226563
64.7030029296875,5919,0.606819987297058,400.457946777344,24.801290512085,44.6697082519531,0.675789833068848,0,0,0,0,17.3458061218262
70.4929962158203,39611,0.580529987812042,497.079162597656,86.6900863647461,86.7637786865234,0.429173707962036,0,0,0,0,27.8598117828369
62.0559997558594,7177,0.506039977073669,242.200897216797,37.0193328857422,50.2299003601074,0.696669936180115,0,0,0,0,14.4978923797607
69.6060028076172,5739,0.598839998245239,376.808532714844,49.6138496398926,68.8795928955078,0.3484927713871,0,0,0,0,26.2946605682373
67.8440017700195,10297,0.504429996013641,191.100631713867,8.68682670593262,32.621150970459,0.485578328371048,0,0,0,0,11.7148637771606
68.7320022583008,7640,0.467159986495972,290.596557617188,25.8850002288818,35.5366477966309,1.57068061828613,0,0,0,0,12.867015838623
66.8509979248047,5256,0.548529982566834,242.297561645508,65.2471160888672,66.3812789916992,0.380517512559891,0,0,0,0,15.3655958175659
67.7170028686524,14289,0.444950014352798,194.719741821289,13.327428817749,48.3238868713379,1.53964591026306,0,0,0,0,6.6907753944397
67.4789962768555,4854,0.586510002613068,270.288940429688,40.4835243225098,50.5974464416504,0.412031322717667,0,0,0,0,9.16335678100586
68.2310028076172,18317,0.548629999160767,368.685516357422,59.2371330261231,79.2160263061524,0.545940935611725,0,0,0,0,23.0533332824707
66.6719970703125,7097,0.461609989404678,142.850128173828,0,48.6684532165527,0.281809210777283,0,0,0,0,8.56697368621826
66.036003112793,8522,0.509220004081726,407.262115478516,47.8295288085938,58.4369850158691,0.821403443813324,0,0,0,0,16.6672191619873
65.5260009765625,92675,0.461230009794235,256.540435791016,9.90724277496338,98.4008636474609,0.312921494245529,0,0,0,0,13.5330762863159
71.4749984741211,2691,0.452859997749329,370.801025390625,47.2912139892578,52.5826835632324,1.11482715606689,0,0,0,0,14.2596216201782
65.7919998168945,2572,0.583779990673065,299.414367675781,37.5044212341309,75.5832061767578,0.777604997158051,0,0,0,0,20.55983543396
68.2750015258789,27400,0.567409992218018,312.134735107422,38.6374206542969,72.6605834960938,1.4963504076004,0,0,0,0,15.3213729858398
66.8740005493164,5986,0.460619986057282,337.645782470703,0.286166489124298,69.6625442504883,0.668225884437561,0,0,0,0,12.4805965423584
66.3860015869141,8362,0.555559992790222,338.026336669922,58.753345489502,72.7577133178711,0.597943067550659,0,0,0,0,21.4245223999023
67.5279998779297,4473,0.379269987344742,186.975784301758,35.1852951049805,71.8533401489258,0.894254386425018,0,0,0,0,14.3951988220215
70.1399993896484,8783,0.441139996051788,261.673126220703,61.032901763916,66.025276184082,0.455425262451172,0,0,0,0,11.6169862747192
67.3479995727539,6221,0.584479987621307,393.624145507813,35.9154815673828,45.1535110473633,0.321491718292236,0,0,0,0,15.2193803787231
67.8349990844727,4861,0.44293001294136,333.160095214844,0,54.5566749572754,1.44003295898438,0,0,0,0,12.8943567276001
67.6569976806641,2398,0.63305002450943,305.842437744141,39.2842521667481,51.0008354187012,0.834028363227844,0,0,0,0,13.2697410583496
67.7170028686524,33786,0.573390007019043,209.660354614258,20.3172378540039,28.0056819915772,0.532765030860901,0,0,0,0,13.0858097076416
64.8050003051758,4766,0.434060007333756,257.535461425781,0,57.1968116760254,1.67855644226074,0,0,0,0,14.1967210769653
62.0830001831055,6032,0.461059987545013,230.066436767578,2.07938814163208,60.162467956543,0.497347474098206,0,0,0,0,12.1525821685791
62.0660018920898,18228,0.546509981155396,226.326690673828,39.0741767883301,59.7213096618652,0.329163908958435,0,0,0,0,16.1231937408447
67.3740005493164,180069,0.579970002174377,468.125305175781,81.4419708251953,99.3119277954102,0.694178342819214,0,0,0,0,28.5391349792481
68.4619979858399,4122,0.433560013771057,271.321105957031,79.1837158203125,83.7942733764649,2.18340611457825,0,0,0,0,20.1240386962891
67.068000793457,7751,0.662660002708435,756.312683105469,60.159595489502,67.913818359375,0.387046843767166,0,0,0,0,12.4691352844238
66.1340026855469,4476,0.655340015888214,512.462829589844,48.0423316955567,54.937442779541,0.670241296291351,0,0,0,0,19.0073261260986
67.7200012207031,85606,0.588729977607727,440.781860351563,71.7308120727539,85.2206649780274,0.98123961687088,0,0,0,0,25.5699138641357
63.8050003051758,10210,0.506749987602234,208.993545532227,46.0676422119141,55.2203712463379,0.391772776842117,0,0,0,0,11.6126279830933
68.3000030517578,32091,0.544950008392334,403.091339111328,75.5213088989258,89.364616394043,1.3399395942688,0,0,0,0,23.7094326019287
65.4629974365234,6807,0.442050009965897,98.3477249145508,0,6.61084175109863,0.440722793340683,0,0,0,0,6.7577052116394
56.5369987487793,21775,0.391869992017746,121.176483154297,0,52.2617683410645,0.22962112724781,0,0,0,0,8.75138854980469
65.3809967041016,10671,0.564239978790283,314.5673828125,31.5088768005371,59.2071952819824,0.28113579750061,0,0,0,0,12.9840269088745
64.0749969482422,15684,0.498869985342026,113.87410736084,10.482518196106,24.3241519927979,0.510073959827423,0,0,0,0,4.8558669090271
70.7409973144531,75014,0.584510028362274,526.694580078125,80.9776763916016,91.8777847290039,0.786519825458527,0,0,0,0,34.4657363891602
61.8110008239746,32506,0.508930027484894,171.226928710938,17.5475826263428,44.7486610412598,0.522980391979218,0,0,0,0,6.76214122772217
67.3649978637695,3439,0.488570004701614,228.549057006836,60.5218467712402,60.8607139587402,1.4539110660553,0,0,0,0,16.2617607116699
61.1300010681152,21195,0.633419990539551,221.613540649414,28.2509708404541,56.5982551574707,0.613352179527283,0,0,0,0,13.876932144165
65.5429992675781,2755,0.556349992752075,191.63166809082,11.4660339355469,15.4227180480957,0.362976402044296,0,0,0,0,9.33656597137451
68.8420028686524,9263,0.523540019989014,332.472839355469,54.5914726257324,59.7538604736328,0.431825548410416,0,0,0,0,14.1995477676392
68.1399993896484,10027,0.545090019702911,259.737854003906,51.5389709472656,54.6125450134277,0.398922920227051,0,0,0,0,16.3640193939209
66.6569976806641,11273,0.642289996147156,483.15185546875,76.2101745605469,80.2714462280274,0.887075304985046,0,0,0,0,28.8153171539307
64.1169967651367,16958,0.556760013103485,198.657745361328,11.2369012832642,46.6623420715332,0.294846087694168,0,0,0,0,12.2222061157227
65.713996887207,20358,0.475059986114502,159.825820922852,0.0430852174758911,72.399055480957,0.294724434614182,0,0,0,0,13.9711284637451
68.495002746582,11203,0.567239999771118,429.536102294922,39.2300720214844,50.3704376220703,0.357047230005264,0,0,0,0,19.3057384490967
67.1340026855469,22356,0.545819997787476,294.714599609375,45.9991874694824,67.999641418457,0.357845783233643,0,0,0,0,21.8193035125732
70.9860000610352,5529,0.504029989242554,445.866607666016,43.2313690185547,54.4944839477539,0.361729055643082,0,0,0,0,12.4928321838379
65.3809967041016,7366,0.470779985189438,259.736694335938,36.5678024291992,50.7059478759766,0.950312256813049,0,0,0,0,9.20234203338623
66.8359985351563,10953,0.53014999628067,428.419189453125,89.9050521850586,95.2159194946289,0.912991881370544,0,0,0,0,24.5581111907959
68.8470001220703,66395,0.53125,457.198455810547,83.2196350097656,93.2991943359375,0.843437016010284,0,0,0,0,25.1044368743897
67.8450012207031,6341,0.446700006723404,185.403823852539,3.64034152030945,29.2382907867432,0.473111510276794,0,0,0,0,7.99667835235596
61.9480018615723,22612,0.431059986352921,106.707252502441,5.62576770782471,29.8690967559815,0.0884486138820648,0,0,0,0,7.42747163772583
63.923999786377,6452,0.512229979038239,177.233596801758,10.9819459915161,34.3924369812012,0.309981405735016,0,0,0,0,11.1346778869629
70.3010025024414,84577,0.623430013656616,531.2265625,69.5001907348633,92.4660339355469,0.673942089080811,0,0,0,0,28.583044052124
67.6569976806641,6127,0.45576998591423,239.725494384766,44.9100036621094,67.4555282592774,0.652848064899445,0,0,0,0,20.4441909790039
68.7730026245117,45699,0.580340027809143,406.927337646484,31.2068767547607,69.3056716918945,0.78776341676712,0,0,0,0,17.0454006195068
65.5550003051758,4305,0.537819981575012,281.190399169922,4.52859354019165,57.7468070983887,0.696864128112793,0,0,0,0,16.4140110015869
64.0329971313477,12716,0.498270004987717,256.252593994141,5.36728096008301,39.3913192749023,1.41553950309753,0,0,0,0,11.6059312820435
60.0480003356934,12169,0.488719999790192,143.457489013672,0.853328227996826,54.4827003479004,0.328704088926315,0,0,0,0,11.2631273269653
65.5709991455078,6616,0.480190008878708,241.085067749023,63.9631500244141,43.8029022216797,0.604594945907593,0,0,0,0,12.5265941619873
71.4749984741211,17535,0.535780012607575,421.120849609375,55.6284866333008,60.3820915222168,0.114057600498199,0,0,0,0,24.151933670044
67.3740005493164,2745,0.482309997081757,215.60481262207,22.8712730407715,45.792350769043,0.364298731088638,0,0,0,0,16.564266204834
66.0210037231445,53104,0.572080016136169,239.883682250977,0,83.8141708374024,0.395450443029404,0,0,0,0,18.2939453125
62.818000793457,87163,0.565129995346069,182.883377075195,0.0723605304956436,42.5782318115234,0.217982396483421,0,0,0,0,13.2268629074097
64.181999206543,3315,0.447629988193512,227.001815795898,38.0142593383789,45.1583709716797,1.2066365480423,0,0,0,0,13.1738204956055
65.3809967041016,6955,0.437770009040833,191.815795898438,39.5382995605469,43.6664276123047,0.862688720226288,0,0,0,0,10.5932550430298
64.2460021972656,15126,0.544679999351502,160.030334472656,19.7339649200439,32.2424964904785,0.72722464799881,0,0,0,0,8.96218013763428
66.6719970703125,9346,0.521290004253388,182.037658691406,0,55.7243728637695,0.427990585565567,0,0,0,0,8.61179542541504
59.6559982299805,5048,0.487929999828339,163.688095092773,0.354960501194,27.040412902832,0.198098257184029,0,0,0,0,9.20845890045166
65.9240036010742,22738,0.545080006122589,177.665191650391,10.9022550582886,68.5587387084961,0.26387545466423,0,0,0,0,10.9721879959106
68.1399993896484,4345,0.524219989776611,219.42887878418,46.3464546203613,53.8319892883301,0.4602991938591,0,0,0,0,11.1699323654175
59.1940002441406,18304,0.654290020465851,180.914505004883,0.249593615531921,52.7917404174805,0.546328663825989,0,0,0,0,7.35118293762207
65.4830017089844,6941,0.470429986715317,129.218933105469,17.7044486999512,20.6886615753174,0.144071459770203,0,0,0,0,7.07776594161987
68.3109970092774,59340,0.546159982681274,395.642425537109,89.7577667236328,97.0618591308594,1.11223459243774,0,0,0,0,32.7555961608887
65.7799987792969,49956,0.567929983139038,284.004913330078,32.9846000671387,56.4136428833008,0.0800704583525658,0,0,0,0,15.6679124832153
61.1609992980957,4441,0.478920012712479,160.862167358398,0,51.429859161377,0.450349032878876,0,0,0,0,10.7528066635132
63.226001739502,9524,0.578859984874725,223.334320068359,47.2064476013184,65.1931991577149,0.209995806217194,0,0,0,0,13.7346315383911
63.7820014953613,4865,0.446839988231659,177.224624633789,55.7985000610352,23.6793422698975,0.205549851059914,0,0,0,0,12.2979974746704
67.995002746582,385996,0.578790009021759,671.541259765625,91.6656188964844,98.5111236572266,2.46116542816162,0,0,0,0,39.1222801208496
61.7509994506836,6389,0.429980009794235,156.52685546875,2.49922180175781,34.0428848266602,1.56519019603729,0,0,0,0,10.8509502410889
69.4720001220703,6578,0.431120008230209,236.230499267578,39.9982109069824,32.5630874633789,0.456065684556961,0,0,0,0,9.6004753112793
60.8740005493164,16601,0.374669998884201,102.198768615723,2.93272829055786,21.3541355133057,0.180711999535561,0,0,0,0,5.29068183898926
65.7799987792969,8130,0.554499983787537,261.104797363281,34.1619415283203,53.1734313964844,0.615006148815155,0,0,0,0,17.0784969329834
64.2639999389649,30816,0.510309994220734,318.778564453125,73.9156951904297,91.2123565673828,0.454309463500977,0,0,0,0,20.867208480835
61.6020011901856,4120,0.524779975414276,214.144668579102,0,53.519416809082,0.242718443274498,0,0,0,0,10.3574142456055
67.9000015258789,10118,0.600189983844757,221.181594848633,38.3768157958984,46.778018951416,0.593002557754517,0,0,0,0,8.40505123138428
69.6060028076172,15949,0.571370005607605,324.900482177734,32.4332466125488,54.1099739074707,0.125399708747864,0,0,0,0,15.4473676681519
67.5869979858399,29824,0.574349999427795,423.957611083984,45.6421928405762,93.8137054443359,1.54238200187683,0,0,0,0,28.6809024810791
65.6539993286133,17231,0.515730023384094,240.90234375,27.371337890625,44.7217216491699,0.348209619522095,0,0,0,0,13.9412574768066
68.1399993896484,16071,0.582329988479614,343.1015625,56.4960594177246,71.713020324707,0.497791051864624,0,0,0,0,16.8017349243164
63.556999206543,3572,0.435660004615784,132.163986206055,17.5271682739258,28.6674137115479,1.11982083320618,0,0,0,0,9.93669605255127
67.3649978637695,5948,0.529540002346039,214.222137451172,58.0088539123535,58.6415596008301,0.336247473955154,0,0,0,0,18.6027126312256
66.6719970703125,6639,0.434940010309219,209.218704223633,0,37.7014617919922,0.602500379085541,0,0,0,0,10.4103517532349
67.5279998779297,65893,0.585319995880127,483.933746337891,83.7437896728516,92.1645660400391,0.834686517715454,0,0,0,0,31.6071662902832
61.7859992980957,2928,0.5590900182724,281.023193359375,40.7855606079102,49.5560111999512,0.341530054807663,0,0,0,0,13.1815938949585
67.3649978637695,46442,0.572820007801056,336.292175292969,81.2828521728516,80.9332046508789,0.968950510025024,0,0,0,0,22.1250190734863
66.2750015258789,6045,0.616620004177094,279.866851806641,50.6355209350586,57.3697280883789,1.48883378505707,0,0,0,0,13.2786998748779
68.0449981689453,14641,0.584850013256073,278.803253173828,41.6028251647949,61.4029083251953,1.0245201587677,0,0,0,0,14.6602392196655
67.6569976806641,5193,0.488810002803803,230.509338378906,53.6050605773926,59.7727699279785,0.7702676653862,0,0,0,0,7.23345565795898
67.6330032348633,16432,0.737659990787506,592.140563964844,60.0786857604981,81.3656311035156,0.425998061895371,0,0,0,0,21.2476425170898
59.1549987792969,6870,0.553969979286194,190.677108764648,42.8308410644531,79.3158645629883,0.291120827198029,0,0,0,0,13.8232326507568
67.5879974365234,30709,0.619090020656586,440.526214599609,63.235221862793,65.3945083618164,0.586147367954254,0,0,0,0,19.8885021209717
64.5609970092774,3971,0.626290023326874,244.621551513672,58.7698707580567,63.4600868225098,0.50365149974823,0,0,0,0,27.8018474578857
62.7700004577637,35153,0.496140003204346,137.474136352539,11.7225961685181,31.0153198242188,0.284470736980438,0,0,0,0,7.0606894493103
54.5419998168945,50391,0.618210017681122,185.775314331055,0,29.8473243713379,0.079379253089428,0,0,0,0,8.2685489654541
64.6949996948242,75259,0.567430019378662,315.370788574219,46.2680168151856,61.4233283996582,0.717522144317627,0,0,0,0,17.0001659393311
65.6679992675781,27287,0.574249982833862,270.446014404297,42.4896469116211,59.3945846557617,0.329827398061752,0,0,0,0,19.0080509185791
65.1709976196289,38134,0.589950025081635,233.448638916016,32.9823455810547,51.8697242736817,0.262233167886734,0,0,0,0,16.5757427215576
66.0589981079102,5406,0.61311000585556,387.314361572266,38.450611114502,59.9889030456543,0.184979647397995,0,0,0,0,18.7042026519775
66.2259979248047,9710,0.536809980869293,273.731353759766,72.7086334228516,80.082389831543,0.823892891407013,0,0,0,0,24.2275924682617
64.0699996948242,13629,0.558019995689392,299.987182617188,42.6907234191895,53.3127899169922,2.49468040466309,0,0,0,0,13.2419967651367
68.3000030517578,38180,0.58977997303009,365.819458007813,59.4316139221191,78.4792633056641,1.23101103305817,0,0,0,0,23.6308574676514
60.2630004882813,4417,0.536610007286072,151.048645019531,11.0750122070313,69.6173858642578,0.452796012163162,0,0,0,0,13.1331796646118
64.8420028686524,2287,0.54229998588562,283.418365478516,34.8772430419922,63.226936340332,1.74901616573334,0,0,0,0,15.5058355331421
66.2249984741211,3540,0.472429990768433,159.704742431641,46.2769241333008,21.7231636047363,0.282485872507095,0,0,0,0,17.0991134643555
64.0699996948242,2944,0.43011000752449,176.629806518555,29.3204116821289,42.0176620483398,1.01902174949646,0,0,0,0,8.89963150024414
67.1159973144531,11856,0.529489994049072,286.314697265625,0.106566660106182,75,0.0843454822897911,0,0,0,0,13.8183002471924
60.2929992675781,4624,0.597190022468567,185.550231933594,14.6499996185303,30.9039783477783,,0,0,0,0,12.7129421234131
64.245002746582,27033,0.520030021667481,299.826477050781,45.0328178405762,72.4299926757813,0.924795627593994,0,0,0,0,17.8310604095459
67.2470016479492,10955,0.571780025959015,367.780303955078,66.3107604980469,92.3140106201172,1.18667280673981,0,0,0,0,21.36159324646
59.5369987487793,14351,0.505779981613159,216.682174682617,44.0090789794922,63.8073997497559,0.348407775163651,0,0,0,0,10.8989849090576
63.9500007629395,19940,0.488719999790192,154.928619384766,0,44.1875610351563,0.200601801276207,0,0,0,0,9.75999736785889
68.5650024414063,23606,0.498299986124039,288.151153564453,25.7844734191895,92.2985687255859,0.931966423988342,0,0,0,0,21.6660213470459
67.6029968261719,3758,0.592589974403381,407.879943847656,54.946418762207,63.0122413635254,1.06439590454102,0,0,0,0,19.7449150085449
68.6039962768555,2728,0.613860011100769,457.391845703125,0.263639211654663,46.0777130126953,,0,0,0,0,19.5896682739258
62.4799995422363,21760,0.579330027103424,169.183090209961,32.5765113830566,60.5974273681641,0.229779407382011,0,0,0,0,11.4241533279419
65.5800018310547,11025,0.558969974517822,171.972534179688,15.9970350265503,33.2698402404785,0.181405901908875,0,0,0,0,7.582763671875
62.060001373291,10074,0.522570013999939,197.978179931641,32.9439277648926,50.4169158935547,0.397061735391617,0,0,0,0,11.5483417510986
62.3260002136231,19963,0.525560021400452,203.321044921875,24.6722068786621,60.9277153015137,0.601112067699432,0,0,0,0,10.2779960632324
64.9530029296875,33631,0.437510013580322,128.003067016602,7.7271409034729,19.2424087524414,0.0892034098505974,0,0,0,0,7.68489503860474
66.2750015258789,3874,0.513350009918213,219.849960327148,70.5409393310547,80.3045959472656,0.774393379688263,0,0,0,0,17.6634082794189
64.0979995727539,16893,0.534089982509613,174.29948425293,0,55.0346298217774,0.473568946123123,0,0,0,0,13.3241271972656
64.5220031738281,10227,0.552900016307831,184.49983215332,45.8866348266602,41.3415451049805,0.782243072986603,0,0,0,0,10.7105693817139
65.9940032958984,14700,0.530830025672913,251.900756835938,54.2143211364746,57.6802711486817,0.816326558589935,0,0,0,0,13.9963216781616
65.3809967041016,3885,0.46781998872757,215.288299560547,60.9398422241211,33.9510955810547,,0,0,0,0,14.2873287200928
65.5380020141602,5505,0.483660012483597,305.708770751953,36.9941024780273,87.7565841674805,0.181653037667274,0,0,0,0,25.2596263885498
62.0830001831055,2941,0.504159986972809,172.701126098633,0,33.2879981994629,0.340020388364792,0,0,0,0,13.4876794815063
65.3789978027344,7051,0.649269998073578,385.931976318359,55.6681251525879,61.0977172851563,0.14182385802269,0,0,0,0,16.7352237701416
61.6870002746582,16553,0.62814998626709,267.621612548828,0.099949024617672,50.7158813476563,0.483296066522598,0,0,0,0,12.5274333953857
67.8349990844727,17919,0.60453999042511,446.23681640625,54.0420913696289,65.9579238891602,0.16742005944252,0,0,0,0,17.6277847290039
60.9970016479492,37706,0.497139990329742,142.646362304688,0,47.6820678710938,0.159125864505768,0,0,0,0,11.0013189315796
64.2590026855469,13776,0.399349987506866,274.518249511719,29.4342441558838,49.4555740356445,0.290360033512116,0,0,0,0,11.5811605453491
68.5879974365234,34705,0.597199976444244,447.753753662109,67.0705032348633,85.094367980957,1.23901450634003,0,0,0,0,20.5439949035645
64.2590026855469,19291,0.534179985523224,347.686431884766,77.6071243286133,65.9219360351563,0.777564644813538,0,0,0,0,20.4808330535889
69.4329986572266,250062,0.600759983062744,361.731628417969,66.3251724243164,91.0810089111328,1.003751039505,0,0,0,0,31.1703472137451
69.6419982910156,17328,0.544579982757568,438.209320068359,52.6006507873535,52.5796394348145,0.46168053150177,0,0,0,0,17.6021900177002
68.0439987182617,6659,0.558839976787567,287.234130859375,0.20971816778183,73.7047576904297,0.30034539103508,0,0,0,0,13.3717966079712
58.5550003051758,3054,0.383410006761551,160.594573974609,0,37.5245590209961,0.98231828212738,0,0,0,0,10.3327884674072
58.5629997253418,3873,0.480549991130829,205.765441894531,15.2005882263184,57.5264663696289,0.516395568847656,0,0,0,0,8.75535583496094
69.3140029907227,5652,0.431679993867874,298.684997558594,45.9858207702637,50.2300071716309,0.707714080810547,0,0,0,0,12.7147884368896
68.7289962768555,84585,0.619279980659485,391.195953369141,71.4444351196289,84.708869934082,1.08766329288483,0,0,0,0,22.105281829834
63.3849983215332,27039,0.516049981117249,163.709365844727,18.0629215240479,36.1366920471191,0.443803399801254,0,0,0,0,11.1436138153076
70.4929962158203,17887,0.505710005760193,379.731414794922,61.2690162658691,63.8676147460938,0.167719572782516,0,0,0,0,23.2281188964844
55.6370010375977,4003,0.529929995536804,167.62760925293,17.2972888946533,54.4091949462891,0.24981264770031,0,0,0,0,9.17024993896484
59.3289985656738,43090,0.612489998340607,304.29638671875,48.7774047851563,89.5474624633789,0.673009991645813,0,0,0,0,20.4781723022461
69.5940017700195,4361,0.476099997758865,253.060256958008,36.5120964050293,48.5209808349609,1.37583124637604,0,0,0,0,18.7451171875
64.5609970092774,6921,0.434760004281998,198.32389831543,59.378044128418,73.0819244384766,0.722438931465149,0,0,0,0,18.4665641784668
64.6709976196289,24069,0.648829996585846,366.665069580078,54.7799072265625,60.5758438110352,0.540113866329193,0,0,0,0,12.0055131912231
65.7070007324219,17605,0.550440013408661,407.449157714844,76.6947174072266,83.6637344360352,0.681624531745911,0,0,0,0,20.899356842041
66.5329971313477,52400,0.569559991359711,531.841064453125,84.794189453125,84.0419845581055,1.01145040988922,0,0,0,0,31.3846092224121
63.1430015563965,4419,0.587350010871887,182.030151367188,18.70969581604,40.9821243286133,0.226295545697212,0,0,0,0,13.690990447998
67.7300033569336,10147,0.495229989290237,512.585266113281,53.5268096923828,42.7712631225586,0.689859092235565,0,0,0,0,20.2997379302979
64.2590026855469,11742,0.578750014305115,356.562896728516,0.935476720333099,44.8986549377441,0.170328736305237,0,0,0,0,10.3009929656982
70.8690032958984,17913,0.440259993076324,414.698791503906,76.7049865722656,85.5858840942383,0.558253765106201,0,0,0,0,15.4130077362061
61.9480018615723,30748,0.436170011758804,110.198928833008,7.4017481803894,21.1363334655762,0.0650448799133301,0,0,0,0,4.90937280654907
62.0309982299805,2283,0.526669979095459,200.689666748047,19.8497085571289,31.6688575744629,0.438020139932632,0,0,0,0,7.64587259292603
66.6900024414063,1839,0.527999997138977,351.381561279297,54.3543510437012,61.6336479187012,1.63132131099701,0,0,0,0,8.94509410858154
68.9240036010742,32222,0.573189973831177,319.380737304688,60.9735221862793,81.2612533569336,0.434485763311386,0,0,0,0,19.8338794708252
66.3219985961914,2183,0.450709998607636,199.56950378418,33.9049415588379,40.9528160095215,0.458085209131241,0,0,0,0,7.31974601745606
69.4039993286133,3022,0.414550006389618,228.55876159668,20.3211803436279,25.8438129425049,0.661813378334045,0,0,0,0,12.3661661148071
66.6179962158203,27423,0.568650007247925,540.142333984375,75.2135543823242,86.1721878051758,1.82328701019287,0,0,0,0,40.1766700744629
69.6419982910156,30593,0.527320027351379,379.901580810547,50.9874114990234,54.639949798584,0.326872169971466,0,0,0,0,19.536828994751
64.2249984741211,62514,0.614199995994568,392.153106689453,64.1764221191406,77.0227432250977,1.08775639533997,0,0,0,0,25.6276950836182
55.5349998474121,7923,0.494329988956451,108.212272644043,11.3792352676392,35.7566566467285,0.126214817166328,0,0,0,0,5.31991004943848
63.6689987182617,17327,0.509769976139069,153.836639404297,19.2491607666016,58.4232711791992,0.346280366182327,0,0,0,0,7.37077140808106
66.8899993896484,5235,0.527130007743835,256.777618408203,0,61.9102210998535,,0,0,0,0,8.57929420471191
68.5899963378906,8065,0.601499974727631,360.333801269531,43.8099174499512,66.5220108032227,0.495970249176025,0,0,0,0,18.4669532775879
66.6890029907227,1416,0.432850003242493,211.99951171875,65.1027221679688,65.0423736572266,2.11864399909973,0,0,0,0,14.5837316513062
67.1139984130859,7054,0.596010029315949,256.670745849609,72.0018768310547,58.9027519226074,0.425290614366531,0,0,0,0,18.004976272583
68.015998840332,10119,0.591470003128052,401.849884033203,0,67.5659637451172,0.592943966388702,0,0,0,0,16.1107845306397
64.9710006713867,62774,0.570850014686585,360.4677734375,45.609432220459,79.188835144043,0.748717606067658,0,0,0,0,22.1966152191162
69.4039993286133,61193,0.562789976596832,424.758392333984,72.2788238525391,88.1077270507813,0.784403443336487,0,0,0,0,22.5006847381592
65.4160003662109,16498,0.528699994087219,314.749328613281,63.5984306335449,73.4998168945313,0.424293845891953,0,0,0,0,18.7122135162354
69.6309967041016,14614,0.523909986019135,342.091522216797,64.1584396362305,70.4187774658203,0.342137664556503,0,0,0,0,22.6834125518799
66.302001953125,17015,0.511799991130829,292.374359130859,38.110725402832,81.2283248901367,0.6464883685112,0,0,0,0,16.3600673675537
65.5429992675781,1683,0.467999994754791,162.558258056641,11.2317848205566,28.4470520019531,1.7825311422348,0,0,0,0,17.1293067932129
65.4850006103516,13408,0.586399972438812,306.278350830078,68.5467987060547,68.2353820800781,0.522076368331909,0,0,0,0,22.5974884033203
68.2590026855469,8152,0.638159990310669,299.368499755859,57.9440574645996,61.9725227355957,0.245338574051857,0,0,0,0,13.3015127182007
66.2750015258789,2413,0.48565998673439,201.907119750977,77.4292144775391,48.3036766052246,1.2432656288147,0,0,0,0,13.6875896453857
66.036003112793,84622,0.572139978408814,521.625183105469,78.7787551879883,87.7112350463867,1.07537043094635,0,0,0,0,25.0282783508301
67.6800003051758,102946,0.609539985656738,479.635284423828,74.4217834472656,84.9017944335938,1.27251183986664,0,0,0,0,28.8981475830078
68.6650009155274,60753,0.593169987201691,393.766204833984,67.048713684082,77.7410202026367,1.59662902355194,0,0,0,0,25.7475719451904
66.8270034790039,4449,0.498959988355637,287.303436279297,59.0284042358399,58.6873435974121,0.674308836460114,0,0,0,0,18.8637351989746
64.4229965209961,8295,0.532710015773773,175.495071411133,29.4328308105469,36.2989768981934,0.482218205928803,0,0,0,0,13.2476787567139
66.5589981079102,5764,0.547119975090027,161.883590698242,0,31.7487850189209,0.5204718708992,0,0,0,0,5.46783447265625
65.9250030517578,14973,0.396039992570877,167.311248779297,22.7415504455566,37.1802558898926,0.133573770523071,0,0,0,0,9.99749660491943
60.3330001831055,20915,0.572369992733002,164.20036315918,11.7529306411743,34.6928024291992,0.0956251472234726,0,0,0,0,10.8702850341797
62.4799995422363,22068,0.514829993247986,194.600219726563,43.4031944274902,79.3728485107422,0.271886885166168,0,0,0,0,16.4887733459473
55.3269996643066,4160,0.51459002494812,158.421417236328,33.123950958252,37.355770111084,0.240384608507156,0,0,0,0,8.43767738342285
68.5899963378906,3986,0.543760001659393,287.849487304688,31.8546123504639,37.681884765625,1.75614655017853,0,0,0,0,10.0419330596924
65.7020034790039,1628,0.45618999004364,215.300491333008,57.8235359191895,46.9287452697754,0.614250600337982,0,0,0,0,14.2761783599854
66.8509979248047,10999,0.589510023593903,281.736236572266,38.7412796020508,41.3401222229004,0.18183471262455,0,0,0,0,14.4107856750488
69.6269989013672,4391,0.402759999036789,303.134460449219,52.0694084167481,68.1849212646484,0.910954236984253,0,0,0,0,18.9808750152588
71.0289993286133,41594,0.558579981327057,427.833190917969,64.6955947875977,79.0763092041016,1.80314469337463,0,0,0,0,27.6418209075928
62.6030006408691,1593,0.436639994382858,160.54948425293,11.6414966583252,37.2881355285645,1.8832391500473,0,0,0,0,11.9793701171875
62.4140014648438,2716,0.608250021934509,377.556793212891,89.5065460205078,88.4388809204102,1.10456550121307,0,0,0,0,28.7450923919678
67.6190032958984,3187,0.55392998456955,411.275207519531,0,60.7154045104981,0.313774704933167,0,0,0,0,19.998067855835
68.8470001220703,4546,0.469839990139008,312.709747314453,13.9305181503296,69.3576736450195,0.439947217702866,0,0,0,0,17.5924968719482
70.0650024414063,10735,0.597010016441345,476.202880859375,38.7085037231445,42.4592437744141,0.465766191482544,0,0,0,0,13.4333963394165
68.1330032348633,16300,0.5276899933815,312.835357666016,59.5093002319336,76.7116546630859,0.613496959209442,0,0,0,0,19.7516460418701
63.1430015563965,4349,0.493910014629364,169.273406982422,29.8663654327393,65.0264434814453,0.459875822067261,0,0,0,0,14.0239677429199
68.0449981689453,3022,0.523739993572235,256.35791015625,34.2715644836426,48.4778289794922,0.992720067501068,0,0,0,0,9.90592288970947
57.5900001525879,4374,0.646170020103455,276.871154785156,31.6375370025635,54.4352989196777,0.914494752883911,0,0,0,0,8.92740345001221
64.3889999389648,5035,0.513840019702911,183.951751708984,55.5512428283691,40.2780532836914,0.397219449281693,0,0,0,0,10.0223865509033
65.3809967041016,4226,0.391189992427826,173.863067626953,0,25.1219787597656,0.709891140460968,0,0,0,0,8.37753486633301
68.5899963378906,6733,0.518830001354218,345.462677001953,45.9421119689942,72.2114944458008,0.297044396400452,0,0,0,0,13.377739906311
65.7919998168945,6060,0.475479990243912,161.607772827148,17.6453590393066,34.4554443359375,0.82508248090744,0,0,0,0,8.95568561553955
70.2109985351563,3112,0.491530001163483,456.912628173828,50.3238754272461,74.1645278930664,0.642673492431641,0,0,0,0,18.6510181427002
66.8600006103516,16332,0.548959970474243,130.118469238281,13.0747423171997,23.6345825195313,0.489835917949677,0,0,0,0,8.67177581787109
66.4240036010742,4581,0.594129979610443,277.437774658203,27.7900791168213,29.7969875335693,1.30975770950317,0,0,0,0,10.5111827850342
66.4240036010742,6370,0.499630004167557,231.034774780273,41.0585479736328,55.3846168518066,1.25588691234589,0,0,0,0,15.3885917663574
67.3649978637695,8991,0.477169990539551,251.247299194336,62.7599906921387,69.8365020751953,2.22444677352905,0,0,0,0,20.1722469329834
66.6719970703125,46351,0.608579993247986,366.385955810547,0.847270548343658,98.2919464111328,0.647235214710236,0,0,0,0,24.29616355896
67.8789978027344,9142,0.522580027580261,224.27067565918,61.4503211975098,72.8505783081055,0.546926259994507,0,0,0,0,17.7438678741455
69.4039993286133,20173,0.529699981212616,350.487335205078,70.638313293457,79.3387222290039,0.644425690174103,0,0,0,0,24.0629577636719
67.1760025024414,24938,0.576560020446777,452.402648925781,66.7225723266602,83.2384338378906,0.40099447965622,0,0,0,0,23.9546928405762
69.1620025634766,7309,0.487260013818741,513.753540039063,86.4670562744141,91.9688034057617,0.547270476818085,0,0,0,0,25.7771549224854
67.5189971923828,13817,0.516359984874725,392.573883056641,43.2415161132813,50.0180931091309,0.361873060464859,0,0,0,0,14.6022882461548
71.4749984741211,110123,0.548759996891022,642.884521484375,90.1149673461914,95.5901794433594,0.617491364479065,0,0,0,0,30.2647361755371
66.8720016479492,11200,0.473919987678528,143.578598022461,8.18265724182129,41.3928565979004,0.535714268684387,0,0,0,0,10.1855754852295
67.6809997558594,20350,0.588970005512238,328.860748291016,38.8041648864746,79.8624114990234,0.343980342149735,0,0,0,0,13.8839864730835
64.2460021972656,56678,0.613889992237091,369.040435791016,68.8925628662109,80.8426513671875,0.776315331459045,0,0,0,0,24.8432865142822
60.5779991149902,53906,0.488570004701614,143.531219482422,0.928049087524414,38.7266731262207,0.0927540510892868,0,0,0,0,7.4844388961792
66.8600006103516,9439,0.508210003376007,157.556564331055,19.3276805877686,29.3887062072754,0.317830264568329,0,0,0,0,8.66163444519043
58.1599998474121,14676,0.500810027122498,127.997009277344,13.1867837905884,44.242301940918,0.136276915669441,0,0,0,0,8.35989570617676
70.9860000610352,81836,0.553319990634918,598.752502441406,83.9294281005859,90.8182220458984,0.989784419536591,0,0,0,0,31.8507461547852
68.1399993896484,5883,0.540430009365082,289.745239257813,44.8607978820801,48.2746887207031,0.509943902492523,0,0,0,0,14.3276853561401
67.9000015258789,7371,0.492269992828369,196.061248779297,32.9588890075684,57.6176910400391,0.4070003926754,0,0,0,0,14.5829448699951
65.5210037231445,24638,0.536109983921051,412.165863037109,52.4475517272949,53.271369934082,1.09586822986603,0,0,0,0,17.0207653045654
69.0579986572266,9395,0.555989980697632,328.103729248047,82.4192428588867,76.3065490722656,1.17083549499512,0,0,0,0,18.8017082214355
67.7300033569336,2503,0.54025000333786,418.464721679687,40.1145935058594,47.5029945373535,0.399520576000214,0,0,0,0,18.1796054840088
64.7799987792969,6420,0.563489973545075,171.463928222656,41.6132011413574,15.4672899246216,0.467289716005325,0,0,0,0,7.57762432098389
62.0830001831055,4292,0.537129998207092,160.962112426758,18.3506259918213,28.7744636535645,0.465983211994171,0,0,0,0,8.70051002502441
64.9789962768555,2932,0.506749987602234,167.809799194336,43.8710174560547,55.8321952819824,0.682128250598908,0,0,0,0,14.3498764038086
64.7600021362305,23145,0.458880007266998,243.414520263672,19.9631233215332,53.5752868652344,0.302441120147705,0,0,0,0,14.8585329055786
65.6679992675781,7435,0.49235001206398,237.984893798828,29.6349620819092,38.8702087402344,0.537995994091034,0,0,0,0,14.9870548248291
68.056999206543,6819,0.503679990768433,229.752624511719,0.314704716205597,81.9181671142578,1.6131397485733,0,0,0,0,19.5305061340332
65.0059967041016,2952,0.499929994344711,221.628646850586,0,69.8848266601563,1.01626014709473,0,0,0,0,9.83635711669922
65.2440032958984,1728,0.355280011892319,175.161605834961,13.9621992111206,22.4537029266357,0.578703701496124,0,0,0,0,9.61257743835449
68.5410003662109,14242,0.42901998758316,344.893310546875,88.798942565918,93.505126953125,0.70214855670929,0,0,0,0,20.2514839172363
67.7590026855469,29496,0.549579977989197,201.664840698242,25.9403057098389,46.0977745056152,0.169514507055283,0,0,0,0,14.1501979827881
67.3649978637695,10578,0.759100019931793,473.268707275391,58.4784240722656,82.5486831665039,1.79618072509766,0,0,0,0,20.9587688446045
63.6290016174316,9706,0.539080023765564,261.404937744141,2.11193084716797,62.1162185668945,0.7212033867836,0,0,0,0,15.2754745483398
67.5660018920899,17499,0.535229980945587,245.788055419922,45.249210357666,69.6839828491211,0.171438366174698,0,0,0,0,14.6428546905518
63.0439987182617,9380,0.492810010910034,191.230255126953,17.8604221343994,47.7931785583496,0.533049046993256,0,0,0,0,15.6422367095947
60.5779991149902,10201,0.556460022926331,135.719604492188,0,17.6845397949219,0.196059212088585,0,0,0,0,4.62011289596558
65.6380004882813,143853,0.438589990139008,260.634399414063,41.3496475219727,83.3663558959961,0.243303924798965,0,0,0,0,14.3728704452515
64.6709976196289,3614,0.560549974441528,366.770843505859,85.2543182373047,89.0979537963867,1.93691205978394,0,0,0,0,27.6438999176025
61.4109992980957,7066,0.435739994049072,220.10758972168,77.3415603637695,79.8330001831055,0.424568355083466,0,0,0,0,15.1835975646973
61.5849990844727,15367,0.57752001285553,271.889678955078,44.3952980041504,67.8662033081055,0.520596086978912,0,0,0,0,15.9905033111572
60.9179992675781,2629,0.53794002532959,211.391036987305,37.0918045043945,48.8018264770508,0.380372762680054,0,0,0,0,15.1120433807373
61.3569984436035,13401,0.452820003032684,110.738883972168,3.43171858787537,45.0414161682129,0.0746212974190712,0,0,0,0,10.3001937866211
65.2809982299805,7461,0.484939992427826,145.276214599609,10.2722511291504,26.7122364044189,0.134030297398567,0,0,0,0,6.99252605438232
65.3809967041016,4461,0.458099991083145,182.952133178711,0,46.2228202819824,0.896659970283508,0,0,0,0,4.91612720489502
68.5950012207031,11179,0.51419997215271,288.409149169922,69.0959243774414,73.7901458740234,0.178906872868538,0,0,0,0,21.0380268096924
69.1559982299805,9453,0.573610007762909,343.872009277344,31.2423839569092,47.4029426574707,1.26943826675415,0,0,0,0,13.2372961044312
61.2169990539551,48807,0.478419989347458,132.636337280273,0,21.5133075714111,0.0409777276217937,0,0,0,0,5.38324546813965
62.0439987182617,13676,0.612060010433197,285.925079345703,56.5958480834961,75.146240234375,0.438724786043167,0,0,0,0,14.7163152694702
68.9739990234375,14884,0.581019997596741,336.0634765625,65.5078735351563,74.8185958862305,1.07497990131378,0,0,0,0,21.8045349121094
68.5950012207031,7271,0.536870002746582,266.180389404297,32.1331939697266,52.4549598693848,0.137532666325569,0,0,0,0,18.2182960510254
62.2789993286133,15862,0.451249986886978,160.32307434082,4.28149604797363,21.0991992950439,0.189131259918213,0,0,0,0,4.91334772109985
61.7379989624024,5753,0.488009989261627,209.353057861328,0.652545154094696,57.1701736450195,0.173822358250618,0,0,0,0,12.3423643112183
68.0449981689453,1546,0.429830014705658,215.500732421875,89.7247009277344,71.7335052490234,1.29366111755371,0,0,0,0,14.1889953613281
67.5309982299805,3749,0.462669998407364,184.829742431641,58.2258949279785,62.3632965087891,0.533475577831268,0,0,0,0,20.5604248046875
66.1340026855469,3392,0.520290017127991,360.71923828125,52.3867874145508,70.6662750244141,0.589622616767883,0,0,0,0,17.3655834197998
63.2569999694824,10006,0.402539998292923,114.352005004883,1.68782889842987,17.0997409820557,0.199880078434944,0,0,0,0,4.28058958053589
56.8769989013672,10772,0.619379997253418,184.98046875,20.8610382080078,67.4805068969727,0.371333092451096,0,0,0,0,11.1542463302612
64.0640029907227,89740,0.547179996967316,383.825378417969,69.3959884643555,83.3039855957031,0.668598175048828,0,0,0,0,26.4081916809082
66.8270034790039,16054,0.612200021743774,236.137344360352,9.92577171325684,53.4383964538574,0.622897744178772,0,0,0,0,13.3421697616577
68.6129989624024,20406,0.571460008621216,374.723327636719,63.0831680297852,66.8381881713867,0.735077917575836,0,0,0,0,27.0948448181152
65.4390029907227,50849,0.487029999494553,160.942626953125,13.5089340209961,38.209659576416,0.0983303487300873,0,0,0,0,9.94999027252197
62.2109985351563,7788,0.722649991512299,299.694763183594,20.4872035980225,69.4401626586914,0.128402665257454,0,0,0,0,9.37334156036377
65.7070007324219,25931,0.569360017776489,313.476043701172,63.1287460327149,80.8646011352539,1.50399136543274,0,0,0,0,20.3305530548096
61.2130012512207,5289,0.454629987478256,164.415145874023,22.6506519317627,25.9784450531006,0.567214965820313,0,0,0,0,8.90700531005859
62.8110008239746,6426,0.407039999961853,126.76180267334,6.52109098434448,22.2689075469971,0.933706820011139,0,0,0,0,7.68091630935669
63.2669982910156,4987,0.405160009860992,137.097869873047,20.7927989959717,36.1539993286133,0.401042699813843,0,0,0,0,5.31462478637695
59.564998626709,4573,0.425190001726151,162.288955688477,1.1790599822998,29.1301364898682,0.218674823641777,0,0,0,0,5.27371406555176
71.4749984741211,7820,0.596400022506714,466.360412597656,65.4938354492188,76.5531539916992,0.383631706237793,0,0,0,0,17.8774452209473
64.0640029907227,137825,0.455650001764298,312.182434082031,61.0299987792969,94.4355773925781,0.304734259843826,0,0,0,0,21.1237392425537
60.7439994812012,12805,0.543600022792816,242.157257080078,25.2569179534912,36.7434577941895,0.54666143655777,0,0,0,0,10.3511142730713
62.742000579834,10433,0.582229971885681,180.019119262695,60.9720649719238,47.9727783203125,0.28754910826683,0,0,0,0,12.4031648635864
61.3569984436035,5312,0.430489987134933,120.52921295166,0,57.0594863891602,0.18825301527977,0,0,0,0,9.32059001922607
57.939998626709,18306,0.655950009822846,250.665725708008,7.88608741760254,45.8647422790527,0.109253793954849,0,0,0,0,8.36897850036621
63.7890014648438,6846,0.591679990291596,363.789886474609,42.4700889587402,51.8843116760254,0.730353474617004,0,0,0,0,15.3898286819458
65.7620010375977,3531,0.438710004091263,195.984375,55.1040802001953,63.7891883850098,0.849617660045624,0,0,0,0,18.4048004150391
62.4879989624024,9212,0.559490025043488,184.731735229492,11.7298812866211,25.3473720550537,0.434216231107712,0,0,0,0,8.36600780487061
68.0449981689453,3417,0.427269995212555,239.449127197266,53.4682884216309,28.4786796569824,2.92654371261597,0,0,0,0,19.7607135772705
64.5609970092774,1755,0.533959984779358,192.888076782227,49.196533203125,54.5953369140625,0.569800555706024,0,0,0,0,8.53753185272217
65.6719970703125,3836,0.487969994544983,330.136871337891,59.7914924621582,89.5464019775391,0.521376430988312,0,0,0,0,17.2292766571045
60.7709999084473,9156,0.540780007839203,198.441925048828,24.2581081390381,38.7614669799805,0.436872005462647,0,0,0,0,9.91154193878174
63.4669990539551,3404,0.340719997882843,194.384338378906,0,34.7826080322266,0.587544083595276,0,0,0,0,7.54665279388428
64.1119995117188,4144,0.401279985904694,147.513626098633,19.4656391143799,35.3764495849609,0.965250968933105,0,0,0,0,8.85714340209961
67.5640029907227,9258,0.431820005178452,305.704010009766,44.2106323242188,49.6759567260742,0.21602937579155,0,0,0,0,16.1321754455566
68.0449981689453,5122,0.525550007820129,253.032745361328,49.1651496887207,61.4994125366211,0.19523623585701,0,0,0,0,15.6256732940674
66.6890029907227,4064,0.413349986076355,122.171463012695,29.4250755310059,40.6496047973633,0.492125988006592,0,0,0,0,8.81023216247559
63.923999786377,6095,0.510209977626801,154.466369628906,9.84826946258545,19.4421653747559,0.164068907499313,0,0,0,0,6.48150157928467
68.245002746582,26317,0.561299979686737,466.573822021484,69.6189575195313,76.34228515625,0.569973766803742,0,0,0,0,27.9281978607178
66.8629989624024,2867,0.391669988632202,200.280746459961,27.093189239502,55.0749931335449,0.348796665668488,0,0,0,0,13.1655759811401
68.4619979858399,16583,0.587920010089874,321.541809082031,40.4387016296387,73.5451965332031,1.14575171470642,0,0,0,0,15.4905462265015
65.306999206543,13753,0.568289995193481,245.832122802734,67.4984664916992,66.3491592407227,0.436268448829651,0,0,0,0,16.0839557647705
62.5349998474121,3490,0.404830008745194,199.184982299805,0.230484172701836,43.3524360656738,2.00573062896729,0,0,0,0,7.91289854049683
64.6129989624023,4587,0.581719994544983,207.496353149414,46.0326194763184,56.006103515625,0.654022216796875,0,0,0,0,10.0007648468018
63.2120018005371,4447,0.439689993858337,110.559234619141,8.39475345611572,18.889139175415,0.224870696663857,0,0,0,0,4.11683702468872
58.173999786377,12093,0.540989995002747,113.962371826172,13.7574682235718,34.9375686645508,0.0826924666762352,0,0,0,0,3.72401285171509
68.8470001220703,17979,0.546239972114563,387.322631835938,65.7180557250977,74.0975570678711,0.444963574409485,0,0,0,0,22.691234588623
63.5270004272461,2101,0.384409993886948,143.120819091797,9.37667369842529,29.0337924957275,0.475963830947876,0,0,0,0,9.19700813293457
63.9749984741211,3705,0.527760028839111,183.405288696289,0,56.086368560791,0.539811074733734,0,0,0,0,9.33012199401855
67.3140029907227,44965,0.575460016727448,328.444976806641,73.0361557006836,84.7036590576172,0.53374844789505,0,0,0,0,26.808780670166
63.7890014648438,2556,0.503139972686768,232.541290283203,81.185432434082,85.0938949584961,1.17370891571045,0,0,0,0,9.99093341827393
65.2730026245117,3198,0.526170015335083,245.377777099609,0,77.4546585083008,0.625390887260437,0,0,0,0,18.4180812835693
65.7070007324219,18742,0.584710001945496,238.05632019043,27.6089820861816,42.0926246643066,0.586917102336884,0,0,0,0,13.65749168396
65.3809967041016,72481,0.465550005435944,135.096282958984,0.0487955026328564,30.1042079925537,0.220747500658035,0,0,0,0,8.60457897186279
65.3259963989258,6152,0.390240013599396,163.142013549805,39.5833702087402,55.5754241943359,0.325097531080246,0,0,0,0,8.78597259521484
69.6429977416992,4941,0.501829981803894,405.063415527344,17.0941715240479,56.3043899536133,0.607164561748505,0,0,0,0,15.7346620559692
63.492000579834,6365,0.450850009918213,214.67253112793,38.4769439697266,38.6331481933594,0.314218372106552,0,0,0,0,10.8773059844971
67.8789978027344,7860,0.477030009031296,188.580535888672,38.8755798339844,50.2671737670899,0.254452913999558,0,0,0,0,11.8461980819702
63.1430015563965,5063,0.383780002593994,126.27465057373,34.2469367980957,20.3041667938232,0.395022720098496,0,0,0,0,5.34601354598999
64.4229965209961,9745,0.446869999170303,242.428359985352,23.1472187042236,60.5130844116211,0.307850182056427,0,0,0,0,13.7817468643188
63.8730010986328,7541,0.45430999994278,281.966064453125,41.7653427124024,75.3480987548828,0.530433654785156,0,0,0,0,14.8836555480957
60.6220016479492,8322,0.510389983654022,264.266326904297,29.8684101104736,37.9716415405273,1.44196105003357,0,0,0,0,10.553840637207
69.4160003662109,19611,0.599609971046448,357.428924560547,66.5630416870117,77.6502990722656,0.458926111459732,0,0,0,0,22.2349529266357
65.8560028076172,19697,0.615109980106354,426.711273193359,59.9883308410645,83.8706436157227,0.355384081602097,0,0,0,0,23.6700019836426
68.2229995727539,5352,0.584609985351563,388.496398925781,50.5661239624024,68.4043350219727,2.98953652381897,0,0,0,0,13.9360389709473
69.5940017700195,2541,0.507929980754852,354.889251708984,43.3527488708496,50.7280616760254,0.787091672420502,0,0,0,0,13.2771472930908
64.0979995727539,32476,0.391420006752014,110.443229675293,0.297590464353561,30.4963665008545,0.123167879879475,0,0,0,0,4.72332668304443
67.1129989624023,72747,0.591009974479675,405.997802734375,66.2210540771484,91.687629699707,0.975985288619995,0,0,0,0,26.9676666259766
61.7669982910156,8166,0.521000027656555,216.101028442383,46.9745597839356,60.2620620727539,0.734753847122192,0,0,0,0,11.9029684066772
61.8540000915527,28919,0.442820012569428,135.482391357422,0.381379872560501,18.3915138244629,0.0691586881875992,0,0,0,0,3.40420413017273
59.4249992370606,15375,0.610350012779236,234.128662109375,22.7051315307617,50.6276435852051,0.390243887901306,0,0,0,0,11.3585424423218
64.8420028686524,21432,0.554239988327026,366.602905273438,84.7994232177734,88.442512512207,1.35311686992645,0,0,0,0,28.2771987915039
56.3549995422363,3701,0.549700021743774,206.315277099609,24.3360233306885,63.3072128295899,0.270197242498398,0,0,0,0,13.4899730682373
69.4039993286133,2690,0.44200000166893,325.859893798828,5.44671630859375,41.9330863952637,0.74349445104599,0,0,0,0,13.6746091842651
66.8509979248047,3320,0.564429998397827,218.014404296875,51.4131774902344,56.5963859558106,0.903614461421967,0,0,0,0,12.9550704956055
63.0919990539551,4245,0.542750000953674,143.863647460938,49.5693283081055,50.6242637634277,0.235571265220642,0,0,0,0,12.1134748458862
57.3330001831055,6170,0.521350026130676,216.027603149414,33.4279174804688,53.2414894104004,0.16207455098629,0,0,0,0,12.0161800384522
62.1100006103516,10976,0.438080012798309,132.730911254883,5.09450101852417,13.9121723175049,0.364431500434876,0,0,0,0,7.05640506744385
65.6679992675781,2224,0.463450014591217,124.500022888184,37.1758575439453,40.9172668457031,0.449640274047852,0,0,0,0,14.2049541473389
69.2730026245117,29870,0.608219981193543,465.135955810547,87.2642288208008,98.7546005249023,1.27217948436737,0,0,0,0,28.9952487945557
62.4249992370606,6315,0.611140012741089,184.34098815918,19.9301128387451,44.053840637207,0.475059390068054,0,0,0,0,11.6011066436768
64.4189987182617,5072,0.467040002346039,218.659286499023,23.8172492980957,34.7323608398438,0.394321769475937,0,0,0,0,11.8309564590454
61.5390014648438,10273,0.510950028896332,191.779556274414,49.6154403686523,65.5407409667969,0.389370203018189,0,0,0,0,14.6779832839966
62.4799995422363,9286,0.384070008993149,129.806228637695,14.9739379882813,31.6605644226074,0.107688993215561,0,0,0,0,5.89833164215088
58.4379997253418,14562,0.450830012559891,173.202514648438,0.131548285484314,40.4683418273926,0.27468752861023,0,0,0,0,7.45023918151856
67.1760025024414,6323,0.476740002632141,387.554321289063,25.0616645812988,43.5710906982422,2.37229156494141,0,0,0,0,11.5486001968384
66.6419982910156,3866,0.578029990196228,381.7158203125,46.77099609375,48.2230491638184,1.0346611738205,0,0,0,0,16.3935298919678
56.3409996032715,12820,0.478500008583069,121.993957519531,0.798069834709168,20.1092052459717,0.156006246805191,0,0,0,0,6.97476577758789
66.8740005493164,5057,0.387529999017715,215.661727905273,12.1744022369385,21.5345058441162,1.38421988487244,0,0,0,0,10.3342266082764
68.8420028686524,49053,0.581319987773895,465.142059326172,78.9824523925781,84.4922866821289,1.93668067455292,0,0,0,0,22.5685138702393
58.5629997253418,2116,0.30799001455307,91.9754943847656,35.2563171386719,30.6238193511963,0.945179581642151,0,0,0,0,10.3580188751221
68.1399993896484,1803,0.59495997428894,214.616943359375,70.4468383789063,42.706600189209,1.10926234722137,0,0,0,0,23.0138607025147
65.943000793457,9642,0.551259994506836,226.157028198242,10.8915996551514,63.3271102905274,0.311138778924942,0,0,0,0,16.7871913909912
68.8420028686524,6945,0.454580008983612,314.774780273438,56.6143608093262,66.5082778930664,0.575953900814056,0,0,0,0,15.7150239944458
64.8109970092774,5700,0.557020008563995,199.141799926758,32.5483551025391,35.596492767334,0.70175439119339,0,0,0,0,8.52689170837402
66.2750015258789,5407,0.638310015201569,328.199829101563,76.1213684082031,81.6164245605469,0.369890868663788,0,0,0,0,26.8225917816162
66.927001953125,4274,0.414590001106262,244.455413818359,48.3993644714356,46.490406036377,0.233972862362862,0,0,0,0,12.6892175674438
66.5589981079102,4269,0.465050011873245,163.86474609375,19.5141448974609,28.6718196868897,0.234246894717217,0,0,0,0,9.68311023712158
66.6890029907227,1847,0.451860010623932,169.148162841797,53.9078407287598,44.4504585266113,2.16567397117615,0,0,0,0,11.5761499404907
67.8789978027344,6241,0.603110015392304,210.661575317383,22.2035331726074,49.543342590332,0.320461452007294,0,0,0,0,19.1495361328125
69.625,2013,0.536880016326904,373.002655029297,25.9569225311279,28.0359916687012,1.49031293392181,0,0,0,0,19.9283256530762
61.8959999084473,5309,0.407559990882874,126.527091979981,15.5586786270142,22.0380477905273,0.188359394669533,0,0,0,0,4.42111873626709
60.2739982604981,5089,0.490969985723496,123.717880249023,26.5580253601074,45.1562194824219,0.1965022534132,0,0,0,0,11.7338905334473
60.7669982910156,3702,0.502539992332459,152.828796386719,14.0578737258911,29.1734199523926,0.27012425661087,0,0,0,0,8.0697832107544
66.3560028076172,9725,0.396670013666153,122.058013916016,47.2833862304688,28.0925445556641,0.308483302593231,0,0,0,0,9.33426380157471
58.6370010375977,6382,0.595510005950928,175.101699829102,23.0948638916016,31.3851451873779,0.313381373882294,0,0,0,0,11.2447004318237
64.5309982299805,1723,0.505620002746582,230.306671142578,52.8280906677246,65.0028991699219,1.74114918708801,0,0,0,0,25.4403305053711
64.1709976196289,3874,0.535560011863709,118.987937927246,11.5507164001465,28.7041816711426,0.258131116628647,0,0,0,0,5.91245269775391
64.181999206543,852,0.449099987745285,234.057312011719,39.0364418029785,56.2206573486328,1.17370891571045,0,0,0,0,8.88005447387695
58.8779983520508,10224,0.553889989852905,248.099304199219,0.260252684354782,79.0395126342774,0.782472610473633,0,0,0,0,13.5411005020142
68.3600006103516,7984,0.543820023536682,381.200897216797,45.4832496643066,61.6858711242676,0.501002013683319,0,0,0,0,15.8623561859131
65.4160003662109,6975,0.529799997806549,362.086608886719,62.9366226196289,75.3404998779297,0.143369182944298,0,0,0,0,12.0541229248047
64.5309982299805,2036,0.441879987716675,208.607711791992,28.2269668579102,68.1728897094727,0.49115914106369,0,0,0,0,8.55382061004639
64.4229965209961,19341,0.583530008792877,198.129547119141,17.2235794067383,50.4937705993652,0.517036318778992,0,0,0,0,12.7878532409668
69.9329986572266,144014,0.571179986000061,421.5087890625,75.0029602050781,97.2960205078125,0.937408864498138,0,0,0,0,27.7474670410156
62.060001373291,2047,0.513830006122589,207.045806884766,27.1857433319092,31.998046875,2.44259881973267,0,0,0,0,13.9808254241943
68.245002746582,5825,0.46713998913765,327.670440673828,40.6075897216797,48.8240356445313,0.343347638845444,0,0,0,0,18.4705448150635
68.0449981689453,2414,0.358130007982254,188.219802856445,81.0556564331055,35.4598159790039,1.24275064468384,0,0,0,0,10.1465187072754
64.3209991455078,16302,0.443659991025925,135.634078979492,22.5506896972656,25.0644092559815,0.306710839271545,0,0,0,0,10.4848604202271
63.2849998474121,6838,0.479570001363754,150.415176391602,41.5545654296875,49.3272895812988,,0,0,0,0,10.8127994537354
68.1399993896484,4929,0.543669998645783,272.138671875,48.8513832092285,57.9022102355957,1.21728539466858,0,0,0,0,15.0167598724365
67.8789978027344,4361,0.451380014419556,199.163055419922,49.5909042358399,48.7502861022949,1.14652597904205,0,0,0,0,9.55926513671875
65.4390029907227,26673,0.55936998128891,195.647613525391,0,68.6986846923828,0.374910950660706,0,0,0,0,11.5223274230957
70.0650024414063,2973,0.520900011062622,457.972045898438,46.4162826538086,56.3740310668945,0.672721147537231,0,0,0,0,17.5322532653809
67.1760025024414,2240,0.405490010976791,176.462646484375,23.2844715118408,42.4553565979004,,0,0,0,0,13.1942319869995
66.6100006103516,3383,0.540310025215149,264.203887939453,27.3331756591797,28.702335357666,0.295595616102219,0,0,0,0,10.8647632598877
66.677001953125,18056,0.510160028934479,134.675384521484,12.0438833236694,30.1717071533203,0.110766507685184,0,0,0,0,11.3004236221313
60.3730010986328,10024,0.535049974918366,222.306823730469,26.2717094421387,53.3918609619141,0.897845149040222,0,0,0,0,15.8410329818726
63.3899993896484,140833,0.609420001506805,319.723663330078,50.6637573242188,72.3242568969727,0.568048655986786,0,0,0,0,19.5394439697266
71.4749984741211,58298,0.55962997674942,478.624725341797,88.6367340087891,94.3377151489258,1.14926755428314,0,0,0,0,38.6289825439453
64.5609970092774,10236,0.496950000524521,218.931732177734,62.6413497924805,86.869873046875,0.488472074270248,0,0,0,0,15.9816837310791
67.6800003051758,8647,0.558570027351379,318.206298828125,27.6374835968018,48.5948867797852,0.346941143274307,0,0,0,0,14.9577760696411
66.3889999389649,12836,0.612139999866486,311.789428710938,50.3186073303223,66.7263946533203,0.389529436826706,0,0,0,0,15.9985914230347
68.4889984130859,4664,0.515470027923584,332.031188964844,24.3487911224365,30.6603775024414,0.428816467523575,0,0,0,0,5.8892035484314
68.0589981079102,9767,0.552919983863831,310.801605224609,56.9579887390137,64.7793579101563,1.94532608985901,0,0,0,0,21.8742332458496
67.3720016479492,57045,0.589250028133392,455.778167724609,80.1401443481445,86.1320037841797,0.753790855407715,0,0,0,0,24.7943344116211
68.0439987182617,21399,0.507279992103577,324.842193603516,67.784553527832,93.8922348022461,0.420580387115479,0,0,0,0,21.1316051483154
67.5289993286133,45832,0.571150004863739,382.969696044922,64.2466125488281,73.6166839599609,0.829115033149719,0,0,0,0,21.7734889984131
65.5699996948242,5412,0.727569997310638,289.709533691406,0.250007778406143,63.1929054260254,0.184774577617645,0,0,0,0,11.5266170501709
68.6360015869141,26527,0.626519978046417,446.491821289063,66.6222610473633,75.5079727172852,0.414671838283539,0,0,0,0,19.4839305877686
64.5869979858399,19409,0.477800011634827,164.91845703125,27.9306240081787,44.0362701416016,0.309134930372238,0,0,0,0,7.58459186553955
69.5940017700195,3660,0.493470013141632,278.061126708984,12.4745540618897,39.3715858459473,0.273224055767059,0,0,0,0,14.6097612380981
68.9739990234375,66511,0.558759987354279,373.957855224609,75.1732711791992,81.2662582397461,1.06749260425568,0,0,0,0,23.278299331665
62.2719993591309,13978,0.513320028781891,172.704696655273,0,35.4986419677734,0.143081992864609,0,0,0,0,6.75936889648438
68.9720001220703,211824,0.568390011787415,593.81689453125,88.253044128418,94.7508316040039,2.42654275894165,0,0,0,0,34.4372863769531
70.4530029296875,367061,0.554350018501282,658.619873046875,91.4121551513672,97.5764236450195,0.629323184490204,0,0,0,0,34.8918037414551
56.8219985961914,2945,0.420679986476898,144.198959350586,0.82757830619812,51.6808166503906,1.01867568492889,0,0,0,0,11.782398223877
66.8339996337891,69612,0.596069991588593,311.219970703125,31.0472431182861,61.8455772399902,0.316037476062775,0,0,0,0,15.7416162490845
60.6990013122559,10513,0.572329998016357,214.711013793945,39.7094879150391,49.9857330322266,0.570721983909607,0,0,0,0,10.2594051361084
66.3860015869141,2317,0.40022000670433,277.520904541016,23.0124397277832,44.9287872314453,0.431592583656311,0,0,0,0,14.3822031021118
70.1399993896484,88022,0.629760026931763,643.088989257813,88.876220703125,93.4334564208984,2.21535515785217,0,0,0,0,35.5399017333984
62.8709983825684,29523,0.537259995937347,247.026382446289,0,82.8642044067383,0.406462758779526,0,0,0,0,13.8000440597534
64.0979995727539,27081,0.477589994668961,113.577346801758,0,35.9587898254395,0.0738525167107582,0,0,0,0,4.31211280822754
64.7030029296875,18799,0.554579973220825,349.979156494141,56.883487701416,71.0888900756836,0.744720458984375,0,0,0,0,19.9332065582275
70.5540008544922,3057,0.487379997968674,391.634094238281,53.6117057800293,46.7072525024414,0.981354296207428,0,0,0,0,20.6021213531494
65.1559982299805,54868,0.492650002241135,289.863006591797,50.7920532226563,64.5002517700195,1.80433034896851,0,0,0,0,21.2139301300049
64.2880020141602,51658,0.625959992408752,479.96630859375,69.6163330078125,89.9299240112305,0.638816833496094,0,0,0,0,30.7939605712891
64.0979995727539,3796,0.532069981098175,125.261817932129,27.2383193969727,33.5879859924316,1.05374073982239,0,0,0,0,13.9290790557861
65.7300033569336,3658,0.553409993648529,168.946029663086,45.0155296325684,81.6566467285156,0.546746850013733,0,0,0,0,14.259181022644
63.2830009460449,13925,0.434529989957809,151.889465332031,14.9467601776123,29.2639141082764,0.430879712104797,0,0,0,0,9.01550197601318
66.995002746582,8540,0.511770009994507,184.556564331055,29.1342353820801,29.063232421875,0.819672107696533,0,0,0,0,11.3413639068604
59.9160003662109,12089,0.56725001335144,192.455352783203,31.3543148040772,37.5465316772461,0.330879300832748,0,0,0,0,15.773549079895
63.1430015563965,6822,0.58626002073288,196.361206054688,20.9925708770752,43.5649375915527,0.146584585309029,0,0,0,0,10.4106960296631
63.1539993286133,28451,0.563329994678497,310.229949951172,66.2879943847656,73.9517059326172,0.421777784824371,0,0,0,0,19.2899169921875
67.3649978637695,4531,0.560660004615784,278.117706298828,63.1365127563477,61.465461730957,0.220701828598976,0,0,0,0,20.5049800872803
66.4240036010742,2487,0.455779999494553,207.416381835938,20.6457118988037,42.0587043762207,0.804181754589081,0,0,0,0,15.4570035934448
65.0490036010742,40001,0.565469980239868,214.697418212891,21.5952529907227,30.9342269897461,0.174995630979538,0,0,0,0,12.8177242279053
60.185001373291,9820,0.58568000793457,148.28923034668,6.13146495819092,14.0529527664185,0.71283096075058,0,0,0,0,16.7422161102295
57.7449989318848,12701,0.357369989156723,135.929580688477,7.57759284973145,37.1860466003418,0.866073548793793,0,0,0,0,11.6454248428345
63.4169998168945,30422,0.572269976139069,317.4033203125,40.434944152832,53.6782608032227,1.84077310562134,0,0,0,0,22.7213459014893
68.0910034179688,12647,0.490680009126663,310.704498291016,49.0918426513672,34.4903945922852,1.26512217521667,0,0,0,0,21.437313079834
58.0190010070801,7488,0.553460001945496,224.604095458984,28.2584247589111,33.0395317077637,0.400641024112701,0,0,0,0,10.2407989501953
67.193000793457,14934,0.495189994573593,308.276397705078,12.3810033798218,58.8790664672852,0.602651655673981,0,0,0,0,19.0870780944824
66.3310012817383,6995,0.581350028514862,250.082778930664,68.1989593505859,49.8927803039551,2.57326650619507,0,0,0,0,14.6561079025269
64.3740005493164,52433,0.592689990997315,472.441925048828,58.1973304748535,82.0666351318359,0.667518556118012,0,0,0,0,26.8112144470215
66.1320037841797,6666,0.534959971904755,234.098617553711,20.8581886291504,35.8535842895508,2.25022506713867,0,0,0,0,14.9213361740112
61.0089988708496,27121,0.477149993181229,222.625152587891,42.907543182373,63.9430694580078,0.958666741847992,0,0,0,0,20.8932056427002
60.0219993591309,35738,0.577530026435852,228.765350341797,29.0227870941162,45.7020530700684,0.61559122800827,0,0,0,0,16.1896877288818
60.1920013427734,12555,0.534359991550446,246.373382568359,28.4613628387451,60.8841094970703,0.637196362018585,0,0,0,0,15.9710855484009
65.4980010986328,7963,0.568960011005402,303.608825683594,68.6520538330078,89.6270217895508,0.125580817461014,0,0,0,0,29.3135719299316
65.4980010986328,143449,0.568889975547791,452.374328613281,70.3292007446289,81.6450424194336,0.871389806270599,0,0,0,0,31.5983371734619
62.0309982299805,274532,0.474330008029938,341.395477294922,50.1859970092774,95.1328430175781,0.834146857261658,0,0,0,0,27.1567897796631
66.1320037841797,29592,0.589370012283325,304.706176757813,67.6375045776367,45.5021629333496,0.642065405845642,0,0,0,0,21.3266487121582
68.4589996337891,106845,0.538370013237,364.613189697266,60.2153549194336,72.5555725097656,0.982731997966766,0,0,0,0,27.8195705413818
57.3300018310547,22282,0.507979989051819,241.76416015625,47.481014251709,69.6257095336914,0.314154922962189,0,0,0,0,16.6890029907227
63.8849983215332,10533,0.535000026226044,217.435119628906,22.614351272583,29.7825889587402,0.569638252258301,0,0,0,0,15.1756286621094
63.3870010375977,4090,0.423660010099411,167.299545288086,22.268913269043,22.6161365509033,2.44498777389526,0,0,0,0,11.8312692642212
65.0490036010742,35598,0.534189999103546,309.365173339844,22.7069702148438,22.1676254272461,0.674195170402527,0,0,0,0,13.3003568649292
63.1590003967285,5265,0.584699988365173,279.592834472656,30.7851734161377,36.5432090759277,0.189933523535728,0,0,0,0,12.0477895736694
61.0970001220703,24432,0.597270011901856,239.806915283203,31.8156757354736,42.3952178955078,0.409299284219742,0,0,0,0,14.8244104385376
64.3740005493164,10204,0.572780013084412,370.442474365234,27.6087684631348,77.3226165771484,0.784006297588348,0,0,0,0,23.0304374694824
61.3950004577637,21964,0.61694997549057,367.950378417969,59.6545333862305,72.2227249145508,1.00163900852203,0,0,0,0,24.408971786499
65.5920028686523,61719,0.534099996089935,382.816650390625,47.5583190917969,89.4311294555664,0.761515915393829,0,0,0,0,25.8020267486572
63.1590003967285,15558,0.491450011730194,194.35400390625,39.3960762023926,49.4600830078125,0.835582971572876,0,0,0,0,11.8526000976563
62.8030014038086,9405,0.519699990749359,321.812347412109,56.9480209350586,70.1648025512695,1.80754911899567,0,0,0,0,24.3655700683594
62.9249992370606,7655,0.532450020313263,220.040161132812,9.15335083007812,21.1495761871338,2.48203778266907,0,0,0,0,9.36424350738525
68.0910034179688,10172,0.534820020198822,362.438812255859,33.4833564758301,34.2410545349121,0.58985447883606,0,0,0,0,19.8709182739258
67.4899978637695,13393,0.535539984703064,268.841339111328,40.3418045043945,44.6725883483887,0.298663467168808,0,0,0,0,21.193811416626
60.1860008239746,44492,0.529550015926361,265.576293945313,17.7662467956543,60.8266639709473,0.741706371307373,0,0,0,0,18.9695377349854
68.4550018310547,10394,0.646200001239777,323.844329833984,38.9299125671387,30.4791221618652,0.769674837589264,0,0,0,0,20.1208839416504
64.2360000610352,32508,0.520699977874756,247.570404052734,30.2200241088867,36.8947601318359,0.922849774360657,0,0,0,0,12.0256614685059
58.2929992675781,17050,0.715020000934601,374.512542724609,19.1984405517578,39.7477989196777,0.351906150579453,0,0,0,0,13.5930280685425
62.7060012817383,8898,0.582769989967346,287.470489501953,41.9718322753906,59.4627990722656,2.36008095741272,0,0,0,0,23.4256973266602
66.1330032348633,13472,0.495700001716614,388.852233886719,53.7077751159668,66.7606887817383,0.964964389801025,0,0,0,0,26.6938991546631
65.0490036010742,10635,0.567499995231628,182.876693725586,4.78133964538574,19.2195587158203,0.564174890518189,0,0,0,0,10.0696353912354
64.3740005493164,119690,0.576430022716522,326.069366455078,33.0852203369141,71.8564605712891,0.66839337348938,0,0,0,0,20.2039318084717
61.0970001220703,13935,0.534839987754822,219.266052246094,45.6952133178711,42.6336555480957,0.502332270145416,0,0,0,0,14.3886995315552
68.4589996337891,9004,0.549849987030029,300.707916259766,22.0661087036133,28.4540195465088,0.666370511054993,0,0,0,0,17.2746887207031
66.1320037841797,24041,0.521480023860931,213.218612670898,34.4326438903809,43.5713996887207,0.998294591903687,0,0,0,0,18.854434967041
64.4339981079102,18133,0.530650019645691,268.145568847656,23.7912483215332,69.7733383178711,0.27574035525322,0,0,0,0,17.0823554992676
61.7379989624024,11331,0.603169977664948,265.705780029297,18.2036418914795,32.5214004516602,0.794281184673309,0,0,0,0,16.2723445892334
65.5589981079102,20156,0.523919999599457,221.222839355469,19.3040466308594,30.6806907653809,1.78606867790222,0,0,0,0,13.7848529815674
64.0530014038086,13619,0.635039985179901,274.004028320313,30.0242729187012,54.4092826843262,0.587414622306824,0,0,0,0,21.8035583496094
66.0670013427734,47624,0.552030026912689,274.589019775391,33.275016784668,48.0577011108399,0.503947615623474,0,0,0,0,18.469331741333
58.0190010070801,21004,0.519490003585815,200.009262084961,26.5444374084473,36.8501243591309,0.571319758892059,0,0,0,0,12.3699731826782
57.3300018310547,21348,0.563769996166229,303.678283691406,1.10001111030579,90.0224838256836,0.234213978052139,0,0,0,0,15.4613523483276
64.0149993896484,21307,0.594460010528565,331.81396484375,48.5128211975098,65.8891448974609,1.2671891450882,0,0,0,0,16.3755397796631
65.5920028686523,9430,0.488929986953735,348.649475097656,48.8552551269531,90.7953338623047,2.54506897926331,0,0,0,0,22.2178592681885
60.6069984436035,9433,0.51503998041153,238.020965576172,13.1838359832764,20.290470123291,1.27212977409363,0,0,0,0,9.41122055053711
66.1330032348633,15428,0.564490020275116,214.073760986328,0.52736508846283,19.2053413391113,1.23152709007263,0,0,0,0,15.3671255111694
67.6279983520508,10004,0.583739995956421,304.183807373047,40.3334693908691,49.3002815246582,0.999600172042847,0,0,0,0,24.3011569976807
68.3659973144531,11122,0.46068999171257,197.574508666992,3.2689311504364,15.0692319869995,0.809206962585449,0,0,0,0,9.55247592926025
67.4899978637695,23268,0.582620024681091,252.052276611328,3.25015950202942,16.9374256134033,0.300842344760895,0,0,0,0,8.12542819976807
69.7789993286133,29356,0.576030015945435,310.404876708984,14.8038682937622,31.9798336029053,0.40877503156662,0,0,0,0,17.8281497955322
62.7389984130859,30148,0.542129993438721,272.581329345703,5.76998043060303,56.570915222168,0.398036360740662,0,0,0,0,17.9298973083496
66.1320037841797,10208,0.532239973545075,254.712875366211,50.174747467041,55.2899703979492,2.54702186584473,0,0,0,0,18.8515872955322
58.7879981994629,73903,0.584200024604797,375.365631103516,47.5752029418945,69.266471862793,1.32606256008148,0,0,0,0,22.3712329864502
62.7190017700195,222158,0.498979985713959,366.217468261719,59.7234230041504,99.3054504394531,1.83202946186066,0,0,0,0,30.7985782623291
67.7490005493164,13082,0.469709992408752,209.194442749023,38.6620864868164,27.6639652252197,3.05763649940491,0,0,0,0,15.5393104553223
63.9659996032715,12036,0.612929999828339,375.857391357422,69.4662094116211,41.8245277404785,0.332336336374283,0,0,0,0,20.5568313598633
62.8380012512207,43866,0.413010001182556,264.067260742188,49.5675582885742,90.6915969848633,0.820681154727936,0,0,0,0,21.0313892364502
66.1869964599609,265586,0.547879993915558,657.658020019531,82.9419326782227,99.4916915893555,0.722929656505585,0,0,0,0,45.9099311828613
67.870002746582,258777,0.596140027046204,958.000671386719,86.1557159423828,100,3.43152594566345,0,0,0,0,53.215763092041
67.390998840332,85571,0.528590023517609,430.707366943359,54.9049415588379,91.6724090576172,0.94658237695694,0,0,0,0,27.2999019622803
65.5839996337891,59024,0.5519899725914,333.829345703125,58.9099960327149,73.5173416137695,1.37232315540314,0,0,0,0,20.0553913116455
67.0179977416992,19866,0.488389998674393,427.699859619141,88.4327163696289,100,2.66787481307983,0,0,0,0,28.5718383789063
66.1480026245117,79199,0.526950001716614,435.696472167969,67.2680358886719,93.5322189331055,1.52779710292816,0,0,0,0,33.1823196411133
68.2649993896484,172216,0.532750010490418,429.427642822266,76.4679336547852,96.781364440918,0.969712436199188,0,0,0,0,28.9851703643799
63.6129989624024,20630,0.541159987449646,394.650421142578,7.1070499420166,45.5262451171875,0.872515738010407,0,0,0,0,15.9272193908691
62.9329986572266,29873,0.575039982795715,300.702331542969,68.4565734863281,70.900146484375,3.04622912406921,0,0,0,0,27.819356918335
67.0179977416992,84915,0.544219970703125,446.398895263672,68.0912399291992,93.3644790649414,2.13154339790344,0,0,0,0,28.3705043792725
66.1009979248047,40208,0.484160006046295,296.758483886719,27.5487232208252,79.6756896972656,2.11400723457336,0,0,0,0,22.4176063537598
65.5199966430664,21011,0.596960008144379,321.26611328125,32.6586837768555,44.5576133728027,1.09466469287872,0,0,0,0,20.9540767669678
62.5190010070801,389109,0.598900020122528,402.169982910156,42.7566566467285,83.4385757446289,1.34666633605957,0,0,0,0,30.3735370635986
64.4540023803711,19672,0.540310025215149,368.558227539063,6.60718202590942,60.6866798400879,2.89751935005188,0,0,0,0,24.0357456207275
64.7600021362305,14509,0.532140016555786,323.377105712891,5.21265983581543,65.0561752319336,4.06644153594971,0,0,0,0,24.1504497528076
67.1139984130859,33845,0.523419976234436,370.439178466797,75.5780029296875,89.7798767089844,1.21140491962433,0,0,0,0,23.937686920166
63.5060005187988,16963,0.504050016403198,314.523193359375,39.0168762207031,82.4264602661133,3.94977307319641,0,0,0,0,28.28098487854
64.4540023803711,20781,0.536350011825562,421.60791015625,1.65417170524597,88.9803161621094,1.58798897266388,0,0,0,0,30.9351310729981
59.5730018615723,9875,0.494329988956451,279.634124755859,18.3077945709229,44.9417724609375,4.45569610595703,0,0,0,0,14.9605550765991
65.1689987182617,667821,0.466439992189407,379.047149658203,57.9905853271484,99.4495544433594,1.33418989181519,0,0,0,0,31.6763362884522
65.3639984130859,12061,0.569480001926422,302.752593994141,12.0151166915894,60.2686347961426,0.414559334516525,0,0,0,0,30.7124843597412
62.7739982604981,162742,0.4826700091362,295.832092285156,61.584041595459,90.4800262451172,1.01387476921082,0,0,0,0,19.3601169586182
64.1060028076172,113057,0.506479978561401,351.286956787109,65.1933517456055,84.9863357543945,0.778368413448334,0,0,0,0,26.279275894165
64.5479965209961,12764,0.598290026187897,298.640899658203,46.5309410095215,49.7649650573731,0.861798822879791,0,0,0,0,17.9854526519775
66.9919967651367,22933,0.555679976940155,320.144012451172,45.4674949645996,58.8409729003906,1.17734265327454,0,0,0,0,27.3344593048096
67.1460037231445,78000,0.643779993057251,450.419342041016,67.8066635131836,79.1564102172852,1.20512819290161,0,0,0,0,27.9355506896973
70.3209991455078,16073,0.567979991436005,532.587829589844,76.771598815918,61.1646842956543,2.67529392242432,0,0,0,0,27.4412498474121
62.9329986572266,7464,0.586820006370544,233.533599853516,14.5752019882202,50.9646301269531,3.21543407440186,0,0,0,0,21.2101020812988
64.7519989013672,100895,0.576600015163422,598.171691894531,73.2669677734375,88.5435333251953,1.02086329460144,0,0,0,0,34.3145942687988
63.3880004882813,191734,0.467770010232925,291.561828613281,41.6271896362305,89.94677734375,1.25694978237152,0,0,0,0,24.1615829467773
65.7050018310547,17925,0.488830000162125,416.280731201172,70.9868774414063,74.7224578857422,2.67782425880432,0,0,0,0,24.1969604492188
68.640998840332,46545,0.568289995193481,438.554229736328,47.6251754760742,70.2717819213867,1.89064347743988,0,0,0,0,27.1502628326416
64.1920013427734,16598,0.506330013275147,375.057067871094,43.2512664794922,99.3252182006836,0.542234003543854,0,0,0,0,30.2449989318848
64.0210037231445,19446,0.590210020542145,466.237335205078,83.1698455810547,81.9808731079102,2.10840272903442,0,0,0,0,31.9711227416992
63.798999786377,25091,0.585120022296906,318.910583496094,80.8954620361328,83.5120162963867,0.797098577022553,0,0,0,0,35.5177574157715
62.9329986572266,21765,0.584190011024475,306.149688720703,41.1264381408691,55.7592468261719,0.964851796627045,0,0,0,0,21.1726474761963
66.1009979248047,158092,0.472680002450943,460.594787597656,43.8219680786133,100,1.21448266506195,0,0,0,0,40.7745933532715
68.0309982299805,436155,0.596610009670258,1195.14318847656,83.3619003295899,100,4.0765323638916,0,0,0,0,57.7870941162109
66.9069976806641,167081,0.548359990119934,581.192504882813,9.92920970916748,86.3976135253906,1.72371482849121,0,0,0,0,29.3035926818848
65.4860000610352,1297704,0.455430001020432,331.805816650391,53.8105163574219,99.74169921875,0.913151204586029,0,0,0,0,31.0113010406494
64.0210037231445,36427,0.489239990711212,319.2998046875,74.9796981811524,92.0196533203125,1.78439068794251,0,0,0,0,23.6319808959961
70.0270004272461,33922,0.583280026912689,365.967193603516,9.55716133117676,81.8524856567383,2.2699134349823,0,0,0,0,30.1935939788818
70.088996887207,23928,0.494170010089874,410.713226318359,56.7713928222656,47.896915435791,0.752256751060486,0,0,0,0,25.1759605407715
64.0210037231445,21095,0.543470025062561,329.311859130859,40.622859954834,61.4695434570313,2.74946665763855,0,0,0,0,18.3409652709961
68.1190032958984,255468,0.564220011234283,612.306274414063,11.6558666229248,97.4994888305664,1.40134966373444,0,0,0,0,33.0741691589355
67.9029998779297,33782,0.524600028991699,389.269683837891,69.3439788818359,77.822509765625,1.45047652721405,0,0,0,0,28.5422668457031
62.4480018615723,14561,0.591189980506897,327.639465332031,55.8969955444336,65.4831390380859,1.71691501140594,0,0,0,0,20.499662399292
64.7519989013672,10467,0.467739999294281,238.363861083984,13.1156368255615,42.1324157714844,4.68137979507446,0,0,0,0,14.9725179672241
68.2669982910156,91757,0.577269971370697,524.7060546875,84.5875396728516,82.5048751831055,1.19881856441498,0,0,0,0,32.3297500610352
68.3000030517578,45161,0.558350026607513,352.737945556641,55.3759880065918,60.1514587402344,1.26215100288391,0,0,0,0,23.24635887146
67.3410034179688,13665,0.565989971160889,327.469451904297,37.1911087036133,63.2564964294434,2.3417489528656,0,0,0,0,17.7753849029541
65.6620025634766,6451,0.614839971065521,400.216186523438,68.5446319580078,59.9286918640137,1.70516204833984,0,0,0,0,20.2435646057129
67.8499984741211,5480768,0.594150006771088,959.115112304688,90.5709762573242,100,3.14390254020691,0,0,0,0,49.7113838195801
68.1579971313477,10850,0.485469996929169,242.437286376953,0.883494913578033,42.6451606750488,1.75115203857422,0,0,0,0,15.870059967041
68.9540023803711,39600,0.600160002708435,331.247253417969,52.4239006042481,70.7702026367188,1.16161620616913,0,0,0,0,24.5088520050049
65.6050033569336,34581,0.617120027542114,327.876800537109,61.8675270080566,64.081428527832,0.896446049213409,0,0,0,0,21.9280204772949
66.1849975585938,779832,0.478309988975525,430.847473144531,65.2611694335938,100,0.646293044090271,0,0,0,0,35.0063705444336
68.5419998168945,59561,0.445459991693497,212.588333129883,25.1488437652588,50.2891807556152,1.57821393013001,0,0,0,0,14.7064094543457
65.1689987182617,425772,0.439350008964539,362.813690185547,78.611572265625,100,0.721043169498444,0,0,0,0,33.9108467102051
65.5510025024414,15472,0.547070026397705,281.761077880859,7.2760272026062,46.4839706420899,2.71458125114441,0,0,0,0,15.5176124572754
67.0179977416992,50474,0.529810011386871,347.210021972656,65.6857604980469,83.496452331543,1.10948216915131,0,0,0,0,25.9022655487061
68.1579971313477,8108,0.514389991760254,257.884490966797,6.89309692382813,37.5626373291016,2.09669470787048,0,0,0,0,18.0681171417236
65.8209991455078,15429,0.541570007801056,322.893188476563,54.7999801635742,64.6833877563477,1.62032532691956,0,0,0,0,23.6739940643311
66.0619964599609,37888,0.584029972553253,377.125122070313,47.6857757568359,93.0716857910156,0.897381782531738,0,0,0,0,19.4354152679443
66.6809997558594,18141,0.499110013246536,225.783889770508,66.5274810791016,53.9826927185059,1.70883631706238,0,0,0,0,13.5824728012085
63.6430015563965,12977,0.555029988288879,353.003082275391,11.6448402404785,15.4966478347778,1.54118824005127,0,0,0,0,9.99168109893799
63.9640007019043,120709,0.579169988632202,500.983459472656,66.3569869995117,83.8537292480469,0.960988819599152,0,0,0,0,24.2094135284424
68.1579971313477,10640,0.494749993085861,231.516525268555,6.33381462097168,31.8515033721924,0.657894730567932,0,0,0,0,11.7309761047363
68.6529998779297,81248,0.565180003643036,366.062255859375,9.35780620574951,90.2065277099609,1.62465536594391,0,0,0,0,29.8973236083984
66.2570037841797,60805,0.56497997045517,428.779479980469,74.7241439819336,82.6987915039063,1.05254507064819,0,0,0,0,31.234977722168
61.9010009765625,28649,0.593410015106201,424.466522216797,65.0640716552734,60.95849609375,1.88488256931305,0,0,0,0,30.5119361877441
69.0479965209961,220305,0.534240007400513,524.621704101563,89.9331283569336,99.9055862426758,1.27550446987152,0,0,0,0,39.721866607666
68.8669967651367,32091,0.609499990940094,577.829895019531,69.1437530517578,86.1986236572266,0.592066287994385,0,0,0,0,33.628719329834
72.4700012207031,3272,0.431970000267029,394.349426269531,67.8794326782227,74.55078125,2.13936424255371,0,0,0,0,20.6451034545898
68.1419982910156,23363,0.49456000328064,458.994262695313,79.3417434692383,82.3096313476563,0.556435406208038,0,0,0,0,22.2015552520752
71.4779968261719,6692,0.522270023822784,596.272583007813,77.6422729492188,78.5714263916016,1.19545722007751,0,0,0,0,25.6870403289795
70.7539978027344,11966,0.580560028553009,547.482238769531,84.5788192749023,94.9272918701172,0.668560922145844,0,0,0,0,22.8269138336182
67.8489990234375,6049,0.498329997062683,440.866638183594,38.0933609008789,58.5220680236817,0.661266326904297,0,0,0,0,23.9944667816162
73.6320037841797,1697,0.556079983711243,1369.40783691406,92.2351608276367,100,2.94637584686279,0,0,0,0,37.2709274291992
68.0709991455078,31706,0.451640009880066,446.231018066406,78.0151062011719,88.4816741943359,0.252318173646927,0,0,0,0,25.7623081207275
71.8899993896484,3493,0.537150025367737,436.099304199219,62.0639495849609,65.5596923828125,3.43544220924377,0,0,0,0,27.2126941680908
72.4700012207031,3239,0.408679991960526,392.069976806641,51.2106132507324,66.9342422485352,1.54368627071381,0,0,0,0,26.2849960327148
72.4810028076172,13642,0.541490018367767,563.81005859375,69.1454620361328,69.9970703125,1.68596982955933,0,0,0,0,19.2095603942871
70.5469970703125,4787,0.477939993143082,274.006683349609,60.5118865966797,54.6062240600586,2.71568822860718,0,0,0,0,18.2061882019043
69.9680023193359,5050,0.450650006532669,249.267013549805,40.5452003479004,47.6831665039063,1.18811881542206,0,0,0,0,21.5649108886719
70.1029968261719,18865,0.505089998245239,386.978149414063,41.6639823913574,81.5637435913086,0.424065738916397,0,0,0,0,24.7040462493897
66.3779983520508,3133,0.443879991769791,246.396682739258,0.205508336424828,57.3252487182617,1.59591448307037,0,0,0,0,15.0797996520996
69.4229965209961,2541,0.449499994516373,319.223541259766,66.4927825927734,74.8524169921875,1.574183344841,0,0,0,0,20.2352542877197
71.0869979858398,153840,0.505540013313294,861.031127929688,95.0424499511719,99.8784484863281,2.02158093452454,0,0,0,0,33.6375389099121
72.1829986572266,20067,0.380670011043549,540.577880859375,94.9567337036133,90.7709197998047,1.99332237243652,0,0,0,0,20.3980941772461
69.9680023193359,5590,0.532899975776672,362.526519775391,60.8810958862305,65.4382858276367,1.43112707138062,0,0,0,0,22.7391586303711
66.9940032958984,50797,0.485630005598068,641.274353027344,82.8298492431641,81.5382766723633,0.590586066246033,0,0,0,0,27.0534286499023
71.6129989624024,3020,0.511280000209808,484.937805175781,50.5581321716309,52.7152328491211,1.32450330257416,0,0,0,0,21.1734409332275
69.0989990234375,52409,0.541459977626801,514.296997070313,57.8006248474121,90.7286911010742,0.97311532497406,0,0,0,0,29.8450012207031
66.4260025024414,21127,0.542779982089996,439.604278564453,74.5286560058594,63.1561508178711,0.331329584121704,0,0,0,0,14.9687232971191
68.9489974975586,3537,0.434150010347366,384.166687011719,65.5959625244141,59.9660720825195,2.54452919960022,0,0,0,0,16.5289287567139
69.3789978027344,3242,0.44336000084877,284.897521972656,42.2499198913574,58.0505867004395,0.925354719161987,0,0,0,0,22.8579807281494
70.6370010375977,33247,0.603659987449646,635.028015136719,91.5612258911133,97.9637298583985,0.391012728214264,0,0,0,0,31.9891300201416
68.515998840332,5100,0.569260001182556,335.804840087891,47.6872787475586,66.8431396484375,0.588235318660736,0,0,0,0,16.4509563446045
62.564998626709,35185,0.550819993019104,295.596618652344,37.5902824401856,47.7618293762207,0.284212023019791,0,0,0,0,16.5699119567871
70.5,159557,0.57370001077652,738.343444824219,88.6187133789063,94.5774841308594,0.871162056922913,0,0,0,0,35.7006759643555
68.306999206543,14544,0.511150002479553,499.304046630859,36.0745277404785,60.9735984802246,0.962596237659454,0,0,0,0,22.0614624023438
70.5810012817383,4064,0.525560021400452,526.825805664063,65.2930526733399,71.7519683837891,1.23031497001648,0,0,0,0,20.7463302612305
60.2560005187988,5620,0.459089994430542,269.502502441406,47.7068405151367,52.4377212524414,2.31316733360291,0,0,0,0,13.1445922851563
70.1169967651367,166731,0.506370007991791,780.180419921875,95.7681274414062,93.8427734375,1.21753001213074,0,0,0,0,36.4930191040039
70.0289993286133,87459,0.493270009756088,694.291931152344,90.3178253173828,90.4549560546875,0.480225026607513,0,0,0,0,27.3075695037842
68.9970016479492,6892,0.469790011644363,384.550354003906,53.0166435241699,60.9837493896484,0.725478827953339,0,0,0,0,13.6060743331909
60.0629997253418,3284,0.582109987735748,275.122802734375,34.2731819152832,54.2630920410156,2.13154697418213,0,0,0,0,16.3664283752441
68.0210037231445,9991,0.345800012350082,374.660766601563,83.2575988769531,78.7608871459961,1.30117106437683,0,0,0,0,10.010570526123
70.9339981079102,5845,0.39546999335289,566.62890625,91.4978561401367,84.6706619262695,2.0530366897583,0,0,0,0,16.4834632873535
70.8320007324219,28053,0.51077002286911,602.780151367188,78.6078720092774,48.4226303100586,0.356468111276627,0,0,0,0,21.5387115478516
67.2969970703125,37622,0.561060011386871,631.151428222656,26.3398303985596,91.2577743530274,0.265801936388016,0,0,0,0,26.0718383789063
69.5220031738281,85391,0.537029981613159,613.237915039063,86.7132873535156,93.7850570678711,1.14766192436218,0,0,0,0,34.0002899169922
70.1029968261719,86336,0.569249987602234,724.552062988281,78.7718887329102,86.5814971923828,0.31273165345192,0,0,0,0,25.982063293457
70.5670013427734,12765,0.572579979896545,551.126770019531,42.2067832946777,79.780647277832,0.626713693141937,0,0,0,0,28.1449775695801
62.7849998474121,4644,0.431800007820129,271.48974609375,64.0028762817383,52.9069786071777,0.430663228034973,0,0,0,0,14.1526002883911
68.9329986572266,7973,0.551760017871857,427.188720703125,71.9413757324219,86.2410659790039,1.12880969047546,0,0,0,0,18.8732452392578
70.8219985961914,61101,0.548789978027344,599.373779296875,86.9363479614258,92.0836029052734,1.01471328735352,0,0,0,0,27.8839588165283
70.8710021972656,5717,0.506099998950958,583.604187011719,82.9123458862305,68.6884613037109,0.524750769138336,0,0,0,0,21.491325378418
68.1080017089844,1221,0.480699986219406,326.361175537109,53.5073394775391,62.9811630249024,0.819000840187073,0,0,0,0,22.9534397125244
68.015998840332,6771,0.481669992208481,461.779388427734,92.0869903564453,80.9776992797852,1.91995275020599,0,0,0,0,19.9615592956543
62.7849998474121,11368,0.556280016899109,305.52392578125,41.9939460754395,66.7399749755859,1.49542570114136,0,0,0,0,17.5511856079102
57.6800003051758,3028,0.537299990653992,232.956588745117,36.8288154602051,52.0475578308106,2.64200782775879,0,0,0,0,16.9352836608887
66.6370010375977,5379,0.472739994525909,314.232513427734,71.0677108764649,72.5971374511719,0.557724475860596,0,0,0,0,17.4955139160156
70.572998046875,24542,0.518450021743774,526.863159179688,93.1865997314453,87.4786071777344,1.0594083070755,0,0,0,0,27.9673519134522
70.6999969482422,30841,0.54475998878479,886.104309082031,94.2024688720703,94.2381896972656,1.10242855548859,0,0,0,0,29.3077640533447
63.632999420166,7124,0.457639992237091,195.679611206055,35.0055923461914,27.8916339874268,0.140370577573776,0,0,0,0,8.51951789855957
67.0179977416992,95414,0.573249995708466,624.710021972656,91.7469711303711,93.6036605834961,1.06902551651001,0,0,0,0,29.2896842956543
70.7330017089844,18853,0.466769993305206,493.904052734375,95.4945831298828,97.2259063720703,0.318251729011536,0,0,0,0,11.9262104034424
69.786003112793,130799,0.593410015106201,837.217712402344,69.4951400756836,100,1.5519996881485,0,0,0,0,28.1065368652344
70.9929962158203,19116,0.687110006809235,753.651489257813,88.7052383422852,79.4674606323242,0.57543420791626,0,0,0,0,23.7217388153076
70.9929962158203,44106,0.532729983329773,647.8115234375,92.5497436523438,90.4684143066406,0.634834289550781,0,0,0,0,27.1539325714111
70.1880035400391,261112,0.539340019226074,812.327270507813,87.8984909057617,97.9154510498047,1.39403784275055,0,0,0,0,39.2662925720215
72.7200012207031,67763,0.526679992675781,591.570861816406,93.3820648193359,91.4894561767578,1.26912915706635,0,0,0,0,26.6829681396484
72.2389984130859,2397,0.409280002117157,464.149139404297,77.243293762207,77.243293762207,0.834376275539398,0,0,0,0,24.5892677307129
66.3580017089844,10049,0.513580024242401,458.726959228516,72.4516220092774,80.9931335449219,0.696586728096008,0,0,0,0,24.2277679443359
72.7440032958984,5460,0.536949992179871,499.034698486328,59.6241722106934,80.8424911499023,0.549450576305389,0,0,0,0,28.4264430999756
69.2360000610352,75125,0.494729995727539,626.973266601563,81.8880844116211,93.9327774047852,0.678868532180786,0,0,0,0,31.3135032653809
65.1989974975586,17833,0.531539976596832,448.414123535156,41.8441314697266,82.7622909545899,1.51404702663422,0,0,0,0,25.4060821533203
65.052001953125,11867,0.476099997758865,423.864288330078,69.8544311523438,74.534423828125,0.758405685424805,0,0,0,0,13.6716861724854
70.6999969482422,7254,0.530640006065369,636.1376953125,86.0457000732422,83.5401153564453,0.964984834194183,0,0,0,0,19.6042537689209
70.6460037231445,5666,0.534510016441345,371.835845947266,0,64.3134460449219,0.529474079608917,0,0,0,0,14.8204622268677
68.0540008544922,23140,0.517859995365143,595.740173339844,63.3988304138184,83.6041488647461,0.302506476640701,0,0,0,0,26.2827739715576
66.2730026245117,9854,0.512290000915527,606.972229003906,65.2650299072266,91.2928771972656,0.811853051185608,0,0,0,0,17.3817729949951
71.8489990234375,751,0.383350014686584,234.012496948242,47.494987487793,50.411018371582,2.66311573982239,0,0,0,0,21.2074584960938
66.2269973754883,3460,0.424490004777908,376.695098876953,67.4932327270508,72.803466796875,1.44508671760559,0,0,0,0,17.2983531951904
65.1429977416992,12109,0.597220003604889,564.610290527344,69.4516372680664,71.9217147827149,1.07358157634735,0,0,0,0,15.5677108764648
68.9489974975586,90761,0.533630013465881,784.618041992188,87.6931533813477,93.490592956543,4.28598165512085,0,0,0,0,36.245548248291
69.4830017089844,108980,0.537440001964569,695.055480957031,72.4613418579102,84.7944564819336,0.633143723011017,0,0,0,0,28.1099624633789
70.5469970703125,4264,0.442919999361038,365.095611572266,62.4148750305176,66.3461532592774,0.703564703464508,0,0,0,0,22.7854156494141
69.9079971313477,13788,0.482719987630844,599.37451171875,93.2684936523438,85.5526580810547,1.30548298358917,0,0,0,0,21.6555767059326
72.6959991455078,14402,0.527300000190735,494.331268310547,72.9030380249024,75.6978225708008,0.416608810424805,0,0,0,0,20.868953704834
63.5429992675781,14325,0.501689970493317,306.152130126953,58.901065826416,62.0034904479981,0.349040150642395,0,0,0,0,14.0956392288208
71.2779998779297,12766,0.505770027637482,417.230529785156,77.3566360473633,88.8767013549805,0.626664578914642,0,0,0,0,24.3143634796143
68.1460037231445,3797,0.383700013160706,411.359161376953,62.4741897583008,62.9444313049316,1.58019495010376,0,0,0,0,24.8574829101563
65.3320007324219,3862,0.583150029182434,397.394104003906,70.116455078125,73.7700653076172,0.517866373062134,0,0,0,0,18.2713623046875
65.129997253418,18814,0.53574001789093,608.970764160156,33.6049880981445,70.8142852783203,0.106303818523884,0,0,0,0,15.157190322876
68.6389999389649,66058,0.546620011329651,629.934814453125,81.5514678955078,88.2799987792969,0.302764236927032,0,0,0,0,30.9899597167969
70.3310012817383,23212,0.56919002532959,476.372528076172,81.7326278686524,80.6651763916016,1.63708424568176,0,0,0,0,32.8952445983887
68.6009979248047,17283,0.507409989833832,333.672332763672,59.4970893859863,55.378116607666,0.405022263526917,0,0,0,0,16.233642578125
69.7470016479492,15257,0.527869999408722,361.905639648438,52.3120765686035,61.7421493530274,0.458805799484253,0,0,0,0,23.856861114502
71.8899993896484,3854,0.351779997348785,222.530578613281,28.9981632232666,62.1691741943359,2.33523607254028,0,0,0,0,16.9314956665039
68.015998840332,39069,0.449889987707138,626.135070800781,74.0531158447266,96.6904678344727,1.02382957935333,0,0,0,0,27.8030986785889
57.8870010375977,3341,0.386599987745285,200.023239135742,0,43.6994895935059,0.598623156547546,0,0,0,0,19.5783061981201
67.7429962158203,33736,0.417180001735687,490.996246337891,72.6336669921875,94.8689804077148,2.40099596977234,0,0,0,0,20.9674701690674
70.9339981079102,11154,0.486209988594055,535.938903808594,80.1645278930664,81.7105941772461,2.24134850502014,0,0,0,0,15.9929151535034
68.0210037231445,20246,0.554030001163483,489.470092773438,76.8615264892578,77.4770355224609,1.43238174915314,0,0,0,0,24.6146030426025
69.7399978637695,847595,0.540369987487793,1095.38354492188,84.5419006347656,97.3252563476563,2.10477876663208,0,0,0,0,40.642204284668
66.6669998168945,45387,0.459619998931885,576.157165527344,68.1804733276367,97.9465484619141,0.220327407121658,0,0,0,0,24.9912223815918
69.1179962158203,37135,0.533580005168915,615.133422851563,71.8310012817383,98.9013061523438,1.1579372882843,0,0,0,0,22.23020362854
71.8489990234375,4015,0.396019995212555,321.758209228516,69.2928161621094,61.419677734375,0.747197985649109,0,0,0,0,16.5950603485107
68.5940017700195,10144,0.480989992618561,304.739715576172,35.7748031616211,79.1995239257813,1.18296527862549,0,0,0,0,20.1874160766602
68.1920013427734,25450,0.575829982757568,512.18212890625,46.3523025512695,85.7996063232422,0.90373283624649,0,0,0,0,23.0781154632568
69.0429992675781,2328,0.443459987640381,396.179718017578,64.7066268920899,69.0721664428711,2.5773196220398,0,0,0,0,17.3698501586914
61.1360015869141,52612,0.559379994869232,343.300140380859,63.0633430480957,67.5131149291992,0.209077775478363,0,0,0,0,16.2524299621582
67.8779983520508,10771,0.498320013284683,406.674591064453,42.5999298095703,74.83056640625,1.2069445848465,0,0,0,0,15.0726404190063
71.3099975585938,34220,0.478190004825592,713.932739257813,82.0289688110352,84.2928085327148,0.350672125816345,0,0,0,0,28.7338562011719
66.2310028076172,52878,0.537999987602234,584.250793457031,58.3456192016602,99.7542343139649,0.567343711853027,0,0,0,0,24.8461494445801
69.786003112793,283661,0.418040007352829,594.052307128906,59.721492767334,100,0.634560286998749,0,0,0,0,25.1985187530518
64.6559982299805,12282,0.632009983062744,444.006988525391,57.7117462158203,80.1416702270508,0.651359736919403,0,0,0,0,22.3699779510498
68.1620025634766,25308,0.51937997341156,580.312255859375,74.7805557250977,75.4306945800781,1.4224750995636,0,0,0,0,31.9551963806152
71.1719970703125,2719,0.508989989757538,358.700836181641,87.0101470947266,42.3685188293457,1.103346824646,0,0,0,0,23.3659420013428
68.2669982910156,14608,0.581900000572205,419.857696533203,62.5894470214844,74.1853790283203,0.410733848810196,0,0,0,0,22.2510738372803
73.1179962158203,93317,0.5417799949646,713.412841796875,90.6413116455078,96.3436431884766,0.857292890548706,0,0,0,0,29.8738842010498
68.5100021362305,6261,0.413830012083054,428.583068847656,85.1234130859375,78.0546264648438,1.7569078207016,0,0,0,0,14.5103034973145
72.0299987792969,5704,0.531329989433289,463.344818115234,51.347469329834,61.7812080383301,0.701262295246124,0,0,0,0,21.1469268798828
65.5100021362305,12852,0.5764200091362,547.709899902344,72.2071151733399,77.9411773681641,0.31123560667038,0,0,0,0,22.7094173431397
70.0820007324219,20048,0.527549982070923,816.312622070313,91.2284164428711,89.1410598754883,0.498802870512009,0,0,0,0,27.0450057983398
68.0540008544922,11153,0.47545999288559,419.72705078125,42.3227386474609,58.0561294555664,0.448309868574142,0,0,0,0,22.8477115631104
69.8960037231445,10735,0.442149996757507,526.928649902344,68.9866943359375,80.8011169433594,0.74522590637207,0,0,0,0,20.5367393493652
69.5820007324219,4883,0.530250012874603,400.066436767578,2.52246284484863,83.821418762207,0.819168567657471,0,0,0,0,24.751298904419
70.0479965209961,15909,0.544170022010803,495.937713623047,82.6099014282227,82.783332824707,1.00572001934052,0,0,0,0,21.7543296813965
67.0179977416992,5282,0.47868999838829,355.540252685547,67.7799911499024,70.5225296020508,2.27186679840088,0,0,0,0,16.0225505828857
67.7070007324219,19272,0.482490003108978,484.342651367188,77.1411819458008,81.7247848510742,0.363221257925034,0,0,0,0,18.4811725616455
68.9489974975586,11890,0.556760013103485,597.212829589844,65.7957534790039,70.4457550048828,2.01850295066834,0,0,0,0,27.5033588409424
69.2020034790039,13338,0.462080001831055,604.533447265625,77.5620727539063,75.6860122680664,1.1246063709259,0,0,0,0,24.2080612182617
72.7440032958984,6009,0.501320004463196,408.316864013672,23.2627258300781,64.5032424926758,0.665668189525604,0,0,0,0,19.1860408782959
65.0670013427734,5750,0.539210021495819,300.779663085938,44.1396522521973,61.2521743774414,1.04347825050354,0,0,0,0,11.7793731689453
69.9940032958984,3156,0.462359994649887,501.902435302734,43.5892181396484,39.9281311035156,0.316856771707535,0,0,0,0,18.1227912902832
69.5080032348633,36684,0.463459998369217,605.583862304688,80.5045471191406,89.5765914916992,0.626976311206818,0,0,0,0,21.9767093658447
65.5100021362305,7830,0.571250021457672,347.114898681641,38.3540420532227,44.4572143554688,1.40485310554504,0,0,0,0,18.315975189209
70.2539978027344,107453,0.581849992275238,834.114624023438,49.3082580566406,100,0.763124346733093,0,0,0,0,28.0445137023926
69.9680023193359,22561,0.573559999465942,676.367248535156,91.8479766845703,91.290283203125,0.753512680530548,0,0,0,0,24.4619255065918
67.7600021362305,5649,0.429309993982315,343.289672851563,43.0451240539551,42.5030975341797,1.77022480964661,0,0,0,0,13.9008646011353
69.5220031738281,5251,0.702589988708496,849.98046875,55.0444526672363,60.2171020507813,0.761759638786316,0,0,0,0,30.505859375
67.1800003051758,68643,0.539600014686585,478.375610351563,94.599006652832,96.1146774291992,0.946928322315216,0,0,0,0,33.5049552917481
65.0149993896484,91136,0.435070008039475,508.812561035156,82.258674621582,99.4842834472656,2.27133083343506,0,0,0,0,31.0326137542725
66.1370010375977,23462,0.563650012016296,280.851867675781,28.0559768676758,38.2320365905762,0.383599013090134,0,0,0,0,11.9439868927002
73.1880035400391,25750,0.564199984073639,680.384948730469,76.5829620361328,77.9844665527344,0.427184462547302,0,0,0,0,26.5407485961914
68.1210021972656,305287,0.421939998865128,610.744995117188,77.7296524047852,100,1.34627413749695,0,0,0,0,26.5978813171387
68.6669998168945,11811,0.516149997711182,448.343536376953,45.0444183349609,46.8461608886719,0.338667333126068,0,0,0,0,15.0869102478027
70.004997253418,6920,0.380329996347427,501.209899902344,90.2354583740234,82.687858581543,1.15606939792633,0,0,0,0,13.9592008590698
68.1660003662109,18838,0.542580008506775,617.919677734375,93.4348373413086,86.776725769043,1.0085996389389,0,0,0,0,23.712459564209
70.6070022583008,2094,0.387699991464615,292.274291992188,56.9831657409668,72.9339447021484,1.43266475200653,0,0,0,0,21.8343524932861
70.0859985351563,7743,0.557299971580505,607.864440917969,81.3854598999023,83.4172821044922,0.904042363166809,0,0,0,0,22.8069534301758
66.6699981689453,39693,0.569090008735657,581.246398925781,48.4440879821777,87.8316040039063,1.05812108516693,0,0,0,0,31.8398036956787
68.0210037231445,11897,0.59578001499176,488.300140380859,71.7942199707031,74.7499389648438,0.252164423465729,0,0,0,0,28.746639251709
69.9079971313477,4980,0.454070001840591,669.355041503906,94.0382995605469,87.0682754516602,0.401606440544128,0,0,0,0,24.2940654754639
71.3830032348633,6318,0.605769991874695,454.050964355469,72.1274871826172,65.938591003418,0.474833816289902,0,0,0,0,24.8399085998535
64.693000793457,13120,0.613910019397736,399.233062744141,44.4897613525391,44.0929870605469,0.914634168148041,0,0,0,0,17.6281814575195
67.5879974365234,11632,0.551379978656769,489.061553955078,41.404182434082,59.4308815002442,0.429848700761795,0,0,0,0,12.3914947509766
68.0759963989258,155990,0.483850002288818,631.564575195313,65.1500778198242,100,0.980832099914551,0,0,0,0,21.0399532318115
66.734001159668,36277,0.446749985218048,509.232208251953,4.62088632583618,97.6210784912109,1.32315242290497,0,0,0,0,21.5682468414307
71.7509994506836,37178,0.527899980545044,600.791320800781,74.5904006958008,77.9304962158203,0.672440707683563,0,0,0,0,30.5317993164063
69.1070022583008,8493,0.567059993743897,387.499389648438,54.9281463623047,62.0981979370117,0.941952168941498,0,0,0,0,23.2806568145752
71.8899993896484,2777,0.389360010623932,216.494857788086,44.6491165161133,59.5246658325195,1.08030247688293,0,0,0,0,22.9618129730225
66.1549987792969,14333,0.559899985790253,356.403381347656,77.7084350585938,64.445686340332,0.558152496814728,0,0,0,0,21.5308742523193
72.0810012817383,56144,0.580690026283264,611.507629394531,79.4642105102539,92.6581649780274,1.26460528373718,0,0,0,0,31.661190032959
66.5449981689453,5175,0.42127001285553,449.276672363281,83.6834716796875,65.4299545288086,3.09178733825684,0,0,0,0,17.7987632751465
65.1989974975586,96166,0.447230011224747,438.87255859375,73.841194152832,98.7563171386719,2.3085081577301,0,0,0,0,22.7312660217285
68.8669967651367,2380,0.608139991760254,347.543762207031,30.9901885986328,62.0168075561524,0.84033614397049,0,0,0,0,24.5913696289063
69.9860000610352,3547,0.519710004329681,435.168518066406,65.1852264404297,66.2249755859375,1.12771356105804,0,0,0,0,23.8134460449219
70.6439971923828,12510,0.498230010271072,368.994262695313,36.7685699462891,66.0031967163086,0.399680256843567,0,0,0,0,23.130931854248
71.4459991455078,3012,0.461739987134934,341.550170898438,77.6103744506836,79.9468765258789,1.32802128791809,0,0,0,0,18.427074432373
71.7389984130859,233098,0.487340003252029,719.432189941406,95.9071960449219,97.7503051757813,0.707856774330139,0,0,0,0,31.4554443359375
65.0149993896484,83885,0.409119993448257,486.2763671875,23.1505260467529,99.7043609619141,0.250342726707459,0,0,0,0,17.1903705596924
68.015998840332,85535,0.397890001535416,518.884155273438,65.3679046630859,92.93505859375,4.7582859992981,0,0,0,0,22.6660709381104
68.2320022583008,2472,0.588649988174439,484.132629394531,55.247932434082,51.4967651367188,1.2135922908783,0,0,0,0,25.4312438964844
64.7060012817383,10497,0.556940019130707,312.669769287109,49.8472061157227,51.4718475341797,0.666857182979584,0,0,0,0,17.4152946472168
68.2129974365234,41492,0.585629999637604,463.298980712891,83.0613708496094,78.3283538818359,1.01224327087402,0,0,0,0,26.3232345581055
66.2710037231445,3834,0.527719974517822,365.498931884766,54.1632804870606,72.6656265258789,0.260824203491211,0,0,0,0,20.2364349365234
67.2710037231445,12911,0.49974000453949,468.261596679688,46.0484962463379,70.2656631469727,0.929440021514893,0,0,0,0,23.7003688812256
70.7149963378906,10121,0.530070006847382,368.909851074219,65.0195617675781,69.1730041503906,0.39521786570549,0,0,0,0,22.0300636291504
66.8860015869141,4234,0.417050004005432,327.633728027344,72.7480545043945,59.6835136413574,1.18091642856598,0,0,0,0,20.334867477417
68.7679977416992,6366,0.485359996557236,356.823852539063,24.5877819061279,73.0757141113281,1.09959161281586,0,0,0,0,23.840087890625
69.5270004272461,5138,0.620930016040802,438.233428955078,75.6748046875,69.3460464477539,0.778513014316559,0,0,0,0,23.2534275054932
68.2379989624024,31071,0.511179983615875,539.64111328125,91.6776733398438,87.0037078857422,1.0942679643631,0,0,0,0,21.6887969970703
68.015998840332,10660,0.40692999958992,454.488891601563,72.7769622802734,75.8536605834961,0.281425893306732,0,0,0,0,17.6673240661621
60.0839996337891,18281,0.54000997543335,260.1015625,26.1251697540283,31.218204498291,0.711120843887329,0,0,0,0,8.77783203125
68.1460037231445,16362,0.474319994449616,430.09423828125,89.4098815917969,92.7453842163086,1.10011005401611,0,0,0,0,20.9368762969971
68.2669982910156,8294,0.642289996147156,521.143432617188,57.8220825195313,63.6001930236817,0.361707270145416,0,0,0,0,24.5300369262695
67.015998840332,7813,0.480280011892319,390.467041015625,80.376091003418,76.3343124389649,3.32778692245483,0,0,0,0,17.7644271850586
67.7350006103516,6779,0.593569993972778,375.489868164063,64.3902053833008,69.9365692138672,2.06520128250122,0,0,0,0,20.9299945831299
65.0230026245117,5538,0.58390998840332,337.540252685547,52.1026153564453,70.5850524902344,1.26399421691895,0,0,0,0,17.8165721893311
72.7409973144531,26689,0.599940001964569,541.158020019531,88.1533050537109,85.2336196899414,0.412154823541641,0,0,0,0,29.1867866516113
66.2160034179688,17961,0.56224000453949,488.957916259766,72.1973876953125,78.9822387695313,0.167028561234474,0,0,0,0,25.5766868591309
69.0500030517578,102072,0.690349996089935,866.773376464844,78.7811508178711,92.6643905639648,0.803354501724243,0,0,0,0,35.091495513916
63.0359992980957,8470,0.637139976024628,457.2333984375,61.6310272216797,49.2561988830567,0.708382546901703,0,0,0,0,14.8799743652344
68.0279998779297,28911,0.461349993944168,469.283142089844,96.7846374511719,95.5172805786133,0.518833637237549,0,0,0,0,17.6329154968262
65.0149993896484,210207,0.476669996976852,517.157653808594,82.321159362793,100,0.746882855892181,0,0,0,0,26.1576671600342
68.015998840332,787866,0.469630002975464,691.504760742188,71.9445571899414,98.7377319335938,0.869437217712402,0,0,0,0,30.7337703704834
64.4940032958984,5052,0.489309996366501,260.838714599609,9.89877223968506,66.9041976928711,0.593824207782745,0,0,0,0,12.3720731735229
64.7559967041016,7036,0.661090016365051,488.614929199219,86.4911575317383,74.1330337524414,1.1370096206665,0,0,0,0,19.1242809295654
69.9530029296875,7567,0.64563000202179,589.774291992188,68.2319793701172,79.7938385009766,0.792916595935822,0,0,0,0,21.7550659179688
67.1470031738281,7038,0.577189981937408,362.808319091797,62.8538208007813,57.3884620666504,0.426257461309433,0,0,0,0,20.4177341461182
70.2220001220703,18827,0.375559985637665,428.851776123047,96.7974243164063,87.0398864746094,1.11541938781738,0,0,0,0,15.5857801437378
70.8550033569336,8713,0.491360008716583,450.020294189453,73.8208236694336,79.7084808349609,1.14771032333374,0,0,0,0,20.0876293182373
67.713996887207,5523,0.470679998397827,355.660583496094,64.8213806152344,81.1334457397461,0.181061014533043,0,0,0,0,20.2199478149414
70.004997253418,38242,0.517530024051666,583.175354003906,86.5901565551758,90.1391143798828,0.496835947036743,0,0,0,0,24.6952877044678
63.310001373291,49187,0.61940997838974,464.051208496094,43.5468330383301,35.9810523986816,0.670908987522125,0,0,0,0,11.3307180404663
66.1060028076172,6100,0.545769989490509,532.44873046875,82.3467254638672,87.7049179077149,0.655737698078156,0,0,0,0,24.7387847900391
66.8550033569336,10013,0.449840009212494,316.849060058594,48.1726837158203,75.7714996337891,0.998701691627502,0,0,0,0,18.8413887023926
68.5709991455078,20869,0.393539994955063,515.09912109375,96.8666152954102,98.040153503418,1.15003108978271,0,0,0,0,14.2431488037109
68.1460037231445,22324,0.50628000497818,502.175842285156,80.8072891235352,83.8738555908203,0.582332909107208,0,0,0,0,27.8085308074951
70.3399963378906,6292,0.436710000038147,421.436889648438,48.8298606872559,65.9567718505859,0.794659912586212,0,0,0,0,15.7259120941162
67.6740036010742,27937,0.483940005302429,333.355041503906,61.005729675293,76.1678085327149,0.143179297447205,0,0,0,0,22.7654933929443
66.2310028076172,13538,0.521369993686676,561.893005371094,31.9559516906738,98.1385726928711,1.18185842037201,0,0,0,0,25.0544090270996
69.8349990844727,100948,0.499309986829758,686.563049316406,88.4489059448242,90.9864501953125,0.58445930480957,0,0,0,0,25.2571029663086
65.213996887207,4622,0.476489990949631,331.712432861328,0,74.9459075927734,1.51449584960938,0,0,0,0,24.1638584136963
65.9869995117188,4767,0.547129988670349,403.151306152344,64.4525985717774,76.4212265014649,1.2586532831192,0,0,0,0,28.011697769165
72.0759963989258,3355,0.454100012779236,327.753021240234,44.9162712097168,73.5618515014649,1.19225037097931,0,0,0,0,20.692174911499
70.7109985351563,11406,0.447569996118546,395.755401611328,84.879508972168,78.2219848632813,0.789058387279511,0,0,0,0,19.3323173522949
70.0410003662109,10575,0.449869990348816,483.716949462891,21.2246513366699,74.4018936157227,0.756501197814941,0,0,0,0,21.1437969207764
68.1569976806641,2698,0.432770013809204,448.128143310547,62.2871894836426,65.9377288818359,0.741289854049683,0,0,0,0,17.7235240936279
63.632999420166,4614,0.557900011539459,229.213638305664,36.5512847900391,36.9460296630859,0.650195062160492,0,0,0,0,11.644962310791
66.3410034179688,10356,0.480599999427795,491.255920410156,77.4785537719727,86.6357650756836,0.675936639308929,0,0,0,0,18.9034099578857
72.0810012817383,11752,0.487960010766983,703.753967285156,89.1744918823242,89.8655548095703,0.425459504127502,0,0,0,0,26.8806037902832
70.3150024414063,6092,0.463459998369217,339.686889648438,61.7253684997559,70.370979309082,0.820748507976532,0,0,0,0,14.4856309890747
68.3010025024414,8257,0.617839992046356,437.504577636719,47.876823425293,65.3869476318359,0.484437435865402,0,0,0,0,24.1547870635986
63.8919982910156,17899,0.669040024280548,440.844573974609,53.9333419799805,51.8632316589356,0.614559471607208,0,0,0,0,14.0484914779663
66.8539962768555,17822,0.548740029335022,377.590728759766,62.7082443237305,68.9428787231445,0.504993855953217,0,0,0,0,15.3814077377319
72.1110000610352,15014,0.513400018215179,433.781555175781,58.1564483642578,59.3712539672852,0.79925400018692,0,0,0,0,17.4509353637695
70.6999969482422,2359,0.436589986085892,287.128295898438,42.610481262207,42.7723617553711,1.27172529697418,0,0,0,0,17.2053298950195
65.5220031738281,46074,0.52758002281189,562.092468261719,73.2685012817383,97.2782897949219,2.12701296806335,0,0,0,0,26.2069282531738
66.734001159668,93146,0.549449980258942,704.975341796875,54.7054023742676,98.2502670288086,0.783715903759003,0,0,0,0,24.7844772338867
66.2919998168945,105132,0.533879995346069,559.682189941406,78.1861267089844,83.8431701660156,0.504128158092499,0,0,0,0,30.2286376953125
63.3320007324219,81858,0.58977997303009,397.912841796875,71.009162902832,71.1488189697266,0.659678936004639,0,0,0,0,22.3362865447998
67.7429962158203,107976,0.395159989595413,382.717224121094,51.4455871582031,100,0.379714012145996,0,0,0,0,19.0181121826172
70.1139984130859,56586,0.501320004463196,608.409851074219,90.8932495117188,88.0111694335938,2.43876576423645,0,0,0,0,22.6503105163574
68.3130035400391,33053,0.487509995698929,502.46728515625,75.7824783325195,77.3242950439453,0.877378761768341,0,0,0,0,21.07004737854
63.7700004577637,14412,0.588959991931915,313.192840576172,58.4704246520996,61.254508972168,0.138773247599602,0,0,0,0,13.6020803451538
66.6760025024414,9051,0.456490010023117,542.957885742188,78.1587600708008,82.3444900512695,0.662910163402557,0,0,0,0,20.7028121948242
68.9039993286133,3754,0.443280011415482,335.791809082031,83.8787231445313,85.98828125,0.532765030860901,0,0,0,0,22.4522476196289
65.1989974975586,164957,0.401890009641647,402.511657714844,41.7959938049316,100,0.466788321733475,0,0,0,0,19.2797813415527
63.3320007324219,44167,0.580720007419586,374.732299804688,61.2239074707031,84.1309814453125,0.475468099117279,0,0,0,0,18.4656639099121
65.7320022583008,11608,0.573670029640198,410.272186279297,65.7537536621094,56.6161270141602,3.61819434165955,0,0,0,0,18.9837837219238
69.4830017089844,61645,0.497850000858307,703.172485351563,85.8211669921875,87.7248764038086,0.746208131313324,0,0,0,0,25.5471630096436
67.3570022583008,13769,0.536180019378662,513.61767578125,82.3385162353516,79.2857666015625,0.363134562969208,0,0,0,0,18.4472923278809
68.1569976806641,9953,0.479829996824265,538.134887695313,48.9984703063965,75.4747314453125,1.00472223758698,0,0,0,0,24.6834907531738
68.6510009765625,5043,0.386260002851486,339.387908935547,69.1640243530274,70.2954559326172,1.1897679567337,0,0,0,0,14.7902765274048
66.879997253418,6783,0.532379984855652,394.17578125,70.4696502685547,75.0995101928711,0.737136960029602,0,0,0,0,17.0017280578613
68.2050018310547,107314,0.513050019741058,678.767944335938,85.7832641601563,90.2174911499023,0.633654534816742,0,0,0,0,28.144567489624
70.6989974975586,18142,0.533800005912781,544.475646972656,64.2949142456055,64.0171966552734,1.04729354381561,0,0,0,0,16.8895530700684
65.0220031738281,33003,0.565090000629425,577.801940917969,86.0857467651367,90.3917846679687,0.999909102916718,0,0,0,0,28.5019550323486
67.9300003051758,6336,0.495840013027191,483.917388916016,82.715446472168,85.7481079101563,1.57828283309937,0,0,0,0,14.6803035736084
68.0279998779297,59133,0.55188000202179,776.015930175781,96.109245300293,91.2214813232422,0.913195669651031,0,0,0,0,31.6519947052002
67.197998046875,163869,0.574039995670319,670.665405273438,77.7056732177734,95.824104309082,0.604141116142273,0,0,0,0,31.55495262146
72.4700012207031,3237,0.395799994468689,315.910400390625,46.6675720214844,55.7615089416504,1.2357120513916,0,0,0,0,17.4987506866455
66.713996887207,38076,0.493000000715256,341.535217285156,63.9171600341797,55.4364967346191,0.656581580638886,0,0,0,0,20.0553684234619
69.5080032348633,24999,0.601199984550476,787.089538574219,77.0664825439453,76.3510513305664,0.720028817653656,0,0,0,0,22.4860820770264
68.0260009765625,45956,0.57805997133255,559.840942382813,66.6997985839844,85.5448684692383,1.26207673549652,0,0,0,0,28.4757976531982
66.1100006103516,3285,0.496930003166199,356.278411865234,51.8808059692383,41.6742782592773,0.608828008174896,0,0,0,0,18.5896625518799
69.786003112793,62697,0.392670005559921,472.618316650391,77.2691955566406,100,0.941033840179443,0,0,0,0,20.8752670288086
69.9079971313477,24123,0.543929994106293,611.908508300781,97.1695709228516,87.2196655273438,0.829084277153015,0,0,0,0,23.1234283447266
64.4779968261719,10878,0.543749988079071,546.293701171875,41.9223518371582,50.1838569641113,1.10314393043518,0,0,0,0,17.2838020324707
72.5619964599609,94116,0.458730012178421,655.116027832031,92.4967269897461,92.2510528564453,1.19002079963684,0,0,0,0,28.773473739624
68.3000030517578,3249,0.403230011463165,325.597442626953,70.1242446899414,79.5550765991211,1.53893506526947,0,0,0,0,12.0026359558105
66.2730026245117,8186,0.490099996328354,463.334594726563,63.7696762084961,87.4541931152344,0.8551185131073,0,0,0,0,16.207103729248
70.7279968261719,3056,0.490359991788864,338.212249755859,0.929425358772278,65.085075378418,1.30890047550201,0,0,0,0,17.2438774108887
71.9349975585938,26488,0.495469987392426,509.509857177734,63.8321228027344,79.2925109863281,1.01932954788208,0,0,0,0,22.9965553283691
64.4400024414063,3843,0.465200006961823,296.592529296875,3.10610318183899,82.982048034668,1.82149362564087,0,0,0,0,18.1376667022705
72.2919998168945,289269,0.512250006198883,881.159545898438,89.716064453125,92.0371704101563,0.36298394203186,0,0,0,0,33.4528961181641
63.5209999084473,17708,0.54492998123169,392.035919189453,54.6753768920899,72.1086502075195,1.18590462207794,0,0,0,0,26.4401779174805
63.8969993591309,16954,0.474920004606247,332.149810791016,41.8808364868164,61.4486274719238,0.884746968746185,0,0,0,0,19.3578510284424
67.2080001831055,19969,0.469839990139008,341.431762695313,16.4921588897705,100,1.25194048881531,0,0,0,0,15.5084953308105
66.1370010375977,4635,0.545750021934509,252.001602172852,42.7042579650879,46.6019401550293,0.647249162197113,0,0,0,0,13.3504257202148
65.5120010375977,19144,0.488189995288849,573.58056640625,65.7967071533203,83.0599670410156,1.35812783241272,0,0,0,0,25.9967441558838
66.8099975585938,5437,0.580839991569519,465.482482910156,47.6095695495606,72.4296493530274,0.367849916219711,0,0,0,0,22.6111621856689
65.6340026855469,4674,0.695500016212463,420.392150878906,74.8622207641602,78.476676940918,3.63714170455933,0,0,0,0,16.6393909454346
68.7770004272461,68215,0.475149989128113,562.540954589844,95.1682205200195,94.6214141845703,0.938210070133209,0,0,0,0,21.4723567962647
68.0210037231445,46246,0.514249980449677,643.342224121094,91.6492691040039,93.3161773681641,0.432469844818115,0,0,0,0,25.0491752624512
68.7770004272461,207770,0.489129990339279,628.867553710938,95.3778762817383,85.639892578125,0.269528806209564,0,0,0,0,30.4864807128906
69.6569976806641,4118,0.536040008068085,607.129028320313,0,85.9883422851563,0.97134530544281,0,0,0,0,19.7499771118164
72.2030029296875,58606,0.571410000324249,676.951049804688,86.4247589111328,92.8300857543945,0.921407341957092,0,0,0,0,36.1680221557617
67.7699966430664,73146,0.580320000648499,606.685180664063,82.2313079833984,95.2546997070313,0.61520791053772,0,0,0,0,34.927806854248
71.1559982299805,16259,0.47146999835968,583.972839355469,69.0588912963867,86.911865234375,1.35309672355652,0,0,0,0,16.963062286377
69.7620010375977,19286,0.537739992141724,386.161407470703,54.5574073791504,81.5669403076172,0.622213006019592,0,0,0,0,24.995813369751
68.4919967651367,2354,0.433149993419647,234.731842041016,41.6145973205566,43.6585922241211,0.849617660045624,0,0,0,0,13.5495443344116
66.2470016479492,5840,0.37678998708725,518.618591308594,80.0933074951172,65.2226028442383,1.1986300945282,0,0,0,0,25.5830402374268
70.5469970703125,4157,0.486539989709854,322.928527832031,75.7848587036133,80.6110153198242,0.721674263477325,0,0,0,0,18.6554355621338
64.109001159668,4082,0.535139977931976,363.976928710938,54.443775177002,40.0293960571289,0.244977951049805,0,0,0,0,19.2981472015381
67.0410003662109,2640,0.462080001831055,324.545806884766,46.3095664978027,57.2348480224609,1.5151515007019,0,0,0,0,18.3152942657471
68.1660003662109,13468,0.477860003709793,549.957702636719,89.5768737792969,75.0594024658203,1.55925154685974,0,0,0,0,20.9782180786133
70.515998840332,7380,0.569570004940033,453.752807617188,60.3970031738281,70.2981033325195,0.406504064798355,0,0,0,0,20.3927021026611
64.2480010986328,3956,0.527660012245178,296.896881103516,49.694995880127,57.6845283508301,1.26390290260315,0,0,0,0,14.176028251648
70.5670013427734,3679,0.479860007762909,379.781829833984,45.0114364624023,67.8729095458984,1.35906493663788,0,0,0,0,25.0129470825195
68.2050018310547,43205,0.42467999458313,598.109924316406,80.4292831420898,83.3838653564453,1.20356440544128,0,0,0,0,28.8062000274658
68.015998840332,39937,0.593270003795624,877.733947753906,57.2628784179688,84.9713287353516,0.951498627662659,0,0,0,0,27.1279830932617
65.3610000610352,7277,0.571030020713806,515.058532714844,70.8246231079102,65.7413787841797,0.824515581130981,0,0,0,0,21.0692749023438
62.5470008850098,3494,0.414099991321564,257.581420898438,16.8614311218262,54.4934158325195,0.85861474275589,0,0,0,0,15.4094200134277
70.4130020141602,12467,0.581099987030029,477.510314941406,70.5083084106445,79.4256820678711,0.561482310295105,0,0,0,0,22.7625331878662
66.9940032958984,4352,0.700110018253326,448.772430419922,15.0475339889526,57.3988952636719,0.459558814764023,0,0,0,0,23.0364646911621
68.7220001220703,161149,0.573090016841888,751.957397460938,88.2084732055664,93.4042434692383,1.17903304100037,0,0,0,0,36.0946884155273
64.0859985351563,2088,0.583029985427856,365.700561523438,31.4147872924805,67.1311340332031,0.957854390144348,0,0,0,0,19.4206886291504
64.2360000610352,19673,0.600939989089966,486.819366455078,50.4398918151856,77.1920928955078,0.965790688991547,0,0,0,0,24.9748973846436
71.9769973754883,63613,0.459259986877441,586.803405761719,93.9114151000977,95.1535034179688,0.848883092403412,0,0,0,0,24.5213737487793
68.1210021972656,294998,0.415289998054504,591.076721191406,80.4573059082031,100,1.7627238035202,0,0,0,0,28.0203666687012
71.1320037841797,3501,0.687420010566711,535.609741210938,45.5721969604492,54.0417022705078,1.14253067970276,0,0,0,0,19.4466819763184
66.265998840332,3784,0.541029989719391,278.081207275391,41.6232986450195,52.5105705261231,1.05708241462708,0,0,0,0,16.1018447875977
67.8460006713867,17407,0.589280009269714,443.736114501953,71.7358245849609,85.9826507568359,0.631929695606232,0,0,0,0,19.7312393188477
70.6999969482422,9467,0.430640012025833,503.908020019531,93.8911285400391,92.1833724975586,0.211260169744492,0,0,0,0,22.5626449584961
68.568000793457,18970,0.588710010051727,485.653015136719,21.5749549865723,45.3083801269531,1.05429625511169,0,0,0,0,17.4520721435547
69.3440017700195,2667,0.828119993209839,903.284606933594,53.8577919006348,65.0543670654297,1.12485933303833,0,0,0,0,15.7267198562622
70.4260025024414,24433,0.550469994544983,464.060089111328,78.1814041137695,79.7118682861328,1.51434540748596,0,0,0,0,29.5768775939941
61.1679992675781,15179,0.531019985675812,294.048980712891,0,69.4709777832031,0.856446385383606,0,0,0,0,22.7673301696777
71.0540008544922,39286,0.484910011291504,588.859313964844,92.4769821166992,93.2062301635742,0.712722063064575,0,0,0,0,28.0125102996826
68.9739990234375,3020,0.40692999958992,333.323699951172,42.9042358398438,42.947021484375,1.98675501346588,0,0,0,0,12.4177532196045
67.9359970092774,58374,0.531780004501343,510.068237304688,81.4305572509766,83.1174850463867,1.2848185300827,0,0,0,0,27.4407234191895
66.818000793457,273175,0.536050021648407,687.679260253906,74.0204162597656,90.3614883422852,1.11650037765503,0,0,0,0,36.0687866210938
69.370002746582,107454,0.49006000161171,609.4619140625,94.0265350341797,93.0723876953125,1.39594614505768,0,0,0,0,26.045503616333
70.3030014038086,64753,0.540390014648438,716.916137695313,84.8248443603516,90.6042938232422,1.11191761493683,0,0,0,0,30.9046077728272
68.5530014038086,2597,0.569429993629456,626.780456542969,45.3910865783691,49.0180969238281,1.92529845237732,0,0,0,0,20.1168403625488
70.9029998779297,2108,0.458000004291534,328.102081298828,84.4706192016602,68.8804550170899,0.948766589164734,0,0,0,0,18.7185688018799
65.8040008544922,19026,0.504050016403198,487.5927734375,64.2006607055664,99.358772277832,1.41911065578461,0,0,0,0,28.1589221954346
69.6569976806641,5439,0.391889989376068,445.751831054688,36.2001457214356,50.5607643127441,2.02243065834045,0,0,0,0,17.5205326080322
71.4390029907227,39742,0.472649991512299,661.305603027344,88.5903778076172,89.5903549194336,0.931005001068115,0,0,0,0,24.7235202789307
70.515998840332,17504,0.538760006427765,512.717956542969,68.8381805419922,79.6446533203125,1.02833640575409,0,0,0,0,28.5572624206543
66.6630020141602,17698,0.533339977264404,556.290893554688,86.904411315918,83.5800628662109,1.01706409454346,0,0,0,0,21.4399433135986
66.9469985961914,4718,0.498620003461838,259.931335449219,42.5086479187012,61.4031372070313,0.84781688451767,0,0,0,0,19.2542266845703
69.1179962158203,3380,0.619679987430573,385.575561523438,34.3318634033203,35.0591697692871,1.18343198299408,0,0,0,0,17.6794357299805
70.4049987792969,25559,0.544449985027313,494.991333007813,36.4183235168457,86.2475051879883,0.156500652432442,0,0,0,0,18.1045150756836
68.1230010986328,21253,0.511730015277863,566.312377929688,89.9555892944336,80.8168258666992,1.17630457878113,0,0,0,0,15.7167911529541
68.7529983520508,8210,0.487800002098084,584.31591796875,73.1173553466797,76.1144943237305,0.730816066265106,0,0,0,0,20.5916633605957
71.3040008544922,3782,0.568599998950958,416.152557373047,57.3011665344238,58.5140151977539,0.528820753097534,0,0,0,0,30.1379852294922
71.8899993896484,3138,0.476949989795685,284.584655761719,58.5103988647461,61.3766746520996,0.318674325942993,0,0,0,0,16.1666069030762
66.1370010375977,6458,0.49906998872757,272.114349365234,44.3504905700684,35.9602317810059,0.619386792182922,0,0,0,0,7.83610916137695
67.8410034179688,11671,0.555840015411377,420.419464111328,49.483455657959,35.6610412597656,1.62796676158905,0,0,0,0,11.5206155776978
71.1510009765625,8313,0.487340003252029,459.438140869141,73.7026290893555,77.5893173217774,1.0826416015625,0,0,0,0,22.6838302612305
70.9560012817383,10343,0.624210000038147,566.339416503906,56.8236770629883,69.75732421875,1.45025622844696,0,0,0,0,27.1662216186523
70.515998840332,2796,0.441599994897842,387.769439697266,57.647834777832,73.207405090332,1.43061518669128,0,0,0,0,14.8725690841675
72.4300003051758,4194,0.510980010032654,512.9521484375,76.6651000976563,63.352409362793,0.953743457794189,0,0,0,0,24.6714458465576
71.4929962158203,5381,0.511810004711151,622.433288574219,82.835205078125,67.8312606811524,2.04422974586487,0,0,0,0,20.7597904205322
68.8509979248047,14895,0.505990028381348,501.327484130859,89.6726837158203,84.243034362793,1.0070493221283,0,0,0,0,23.4679336547852
67.1539993286133,2133,0.426349997520447,242.226821899414,31.0470409393311,73.7568969726563,1.40646970272064,0,0,0,0,20.4711627960205
62.8440017700195,1994,0.443910002708435,268.080596923828,0.563538372516632,64.3430328369141,1.50451350212097,0,0,0,0,22.7256011962891
66.2710037231445,2646,0.454759985208511,355.283264160156,35.3638763427734,71.2068405151367,1.1337867975235,0,0,0,0,22.032470703125
69.6669998168945,34063,0.431980013847351,619.855895996094,95.2691040039062,93.8643112182617,0.93943578004837,0,0,0,0,31.0054302215576
72.1110000610352,30446,0.529540002346039,492.051300048828,78.9453659057617,84.096435546875,1.01819610595703,0,0,0,0,22.8591499328613
68.2379989624024,5789,0.535549998283386,549.08642578125,76.3255081176758,77.9409255981445,0.34548282623291,0,0,0,0,18.2342777252197
68.7220001220703,4311,0.460960000753403,302.955139160156,56.1531982421875,48.0398979187012,3.47947120666504,0,0,0,0,19.0593452453613
68.4599990844727,2801,0.425729990005493,326.436889648438,38.2805824279785,46.0192794799805,2.49910736083984,0,0,0,0,32.5100440979004
72.4700012207031,42907,0.528750002384186,538.217163085938,79.8187637329102,87.5544815063477,1.09539234638214,0,0,0,0,26.9171142578125
68.8600006103516,2829,0.486530005931854,428.8154296875,62.4666328430176,63.1671981811524,2.47437262535095,0,0,0,0,17.4362125396729
70.1650009155274,6803,0.46068999171257,394.472625732422,67.480842590332,55.8724098205567,0.734969854354858,0,0,0,0,24.4653453826904
66.1060028076172,3046,0.547810018062592,551.119018554688,71.3432693481445,78.8575210571289,1.64149701595306,0,0,0,0,27.0510864257813
71.0279998779297,31319,0.526520013809204,674.809875488281,94.9441680908203,87.9434204101563,0.5747309923172,0,0,0,0,29.0799522399902
69.786003112793,568225,0.458750009536743,747.259765625,81.1155319213867,100,1.82146155834198,0,0,0,0,34.1900367736816
68.7220001220703,2532,0.518710017204285,364.897369384766,67.6304702758789,67.6025085449219,1.18483412265778,0,0,0,0,21.207239151001
69.5199966430664,28918,0.608820021152496,537.8837890625,67.6450805664063,81.8279266357422,0.795352399349213,0,0,0,0,29.7457218170166
70.6750030517578,76923,0.547399997711182,586.090881347656,88.1497268676758,91.919189453125,0.403000414371491,0,0,0,0,29.9273185729981
64.1620025634766,7093,0.53710001707077,300.404327392578,0,79.8815765380859,0.845904409885407,0,0,0,0,14.0022439956665
68.8669967651367,12365,0.53371000289917,406.223602294922,42.9513626098633,67.2624359130859,0.566114008426666,0,0,0,0,23.5502948760986
69.8820037841797,9011,0.603829979896545,516.93212890625,81.4802932739258,66.8072357177734,0.887803792953491,0,0,0,0,19.8642330169678
70.9339981079102,7321,0.426789999008179,531.244201660156,86.9418334960938,89.5232925415039,0.956153512001038,0,0,0,0,10.5252714157104
66.6019973754883,10950,0.624979972839356,445.376770019531,34.4409255981445,59.5525131225586,0.913241982460022,0,0,0,0,20.5140018463135
66.1169967651367,18683,0.535619974136353,448.999786376953,79.8416748046875,74.3563690185547,0.214098379015923,0,0,0,0,23.814868927002
65.5149993896484,12343,0.546310007572174,418.262481689453,23.8940677642822,86.7050170898438,1.05322849750519,0,0,0,0,19.0194511413574
67.3720016479492,33840,0.523999989032745,481.158752441406,79.2724990844727,89.0041351318359,0.53191488981247,0,0,0,0,27.0333595275879
66.1100006103516,14891,0.592980027198792,408.915618896484,85.4496536254883,39.0705795288086,0.671546578407288,0,0,0,0,15.0920581817627
72.7789993286133,4733,0.508539974689484,530.910278320313,79.4397506713867,68.7724456787109,0.84512996673584,0,0,0,0,17.2459449768066
64.5530014038086,12796,0.544679999351502,408.405120849609,85.7644271850586,56.3066596984863,0.547045946121216,0,0,0,0,18.9790706634522
69.4909973144531,5777,0.53983998298645,308.144775390625,18.7418975830078,68.6515502929688,0.519300699234009,0,0,0,0,20.6634769439697
68.3649978637695,11418,0.530219972133637,337.767791748047,53.4315071105957,65.4843215942383,0.350324064493179,0,0,0,0,22.0042495727539
71.1989974975586,3444,0.437460005283356,383.664520263672,52.0649490356445,50.6968650817871,2.32288026809692,0,0,0,0,11.7023248672485
63.8969993591309,13164,0.497759997844696,397.962036132813,55.5085754394531,64.0914611816406,2.35490727424622,0,0,0,0,23.8508796691895
72.2710037231445,9715,0.498849987983704,448.562835693359,74.4813690185547,65.2907867431641,0.926402449607849,0,0,0,0,18.8546409606934
65.2429962158203,4157,0.413020014762878,325.172241210938,0,73.9475555419922,0.721674263477325,0,0,0,0,16.3450565338135
70.9150009155274,36706,0.524140000343323,773.485290527344,83.1272888183594,89.6501922607422,3.89582085609436,0,0,0,0,29.3334655761719
66.1060028076172,8319,0.566529989242554,492.447723388672,67.9463119506836,82.1613159179688,1.08186078071594,0,0,0,0,25.5655422210693
67.1579971313477,32021,0.52318000793457,612.014953613281,86.3460464477539,84.3060073852539,0.843196630477905,0,0,0,0,25.0874671936035
63.3269996643066,5142,0.42849001288414,290.783599853516,32.3124542236328,17.6997547149658,1.16686117649078,0,0,0,0,11.4807271957397
71.2239990234375,3105,0.555850028991699,348.665832519531,76.5685272216797,50.9822883605957,2.89855074882507,0,0,0,0,20.6451263427734
71.7389984130859,13729,0.552500009536743,467.151947021484,79.2172470092774,66.0863876342773,0.728385150432587,0,0,0,0,26.105504989624
70.4240036010742,27972,0.527509987354279,707.912963867188,88.7603454589844,95.8243942260742,0.929500937461853,0,0,0,0,25.2679595947266
63.6619987487793,7836,0.466369986534119,361.291076660156,68.8298645019531,49.6171531677246,1.02092909812927,0,0,0,0,20.2251434326172
67.5250015258789,48285,0.538070023059845,562.993835449219,90.469970703125,88.3027877807617,1.18049085140228,0,0,0,0,29.9473571777344
71.0540008544922,49932,0.535979986190796,597.418884277344,82.7126083374023,91.5004425048828,1.18160700798035,0,0,0,0,32.7548446655273
68.0540008544922,4447,0.479730010032654,502.705383300781,54.0019340515137,60.6251411437988,0.449741393327713,0,0,0,0,23.8763618469238
65.5220031738281,32773,0.564000010490418,618.284362792969,67.9655456542969,95.5390090942383,1.31205570697784,0,0,0,0,23.5171623229981
68.2320022583008,4539,0.487489998340607,300.317901611328,58.5120124816895,73.1218338012695,1.10156416893005,0,0,0,0,23.1388969421387
65.5940017700195,43581,0.469539999961853,387.908050537109,53.7371635437012,42.0527305603027,0.481861352920532,0,0,0,0,15.8693056106567
65.5940017700195,19488,0.575820028781891,450.741546630859,65.0591506958008,69.8532409667969,0.615763545036316,0,0,0,0,15.6323690414429
67.4919967651367,102063,0.570630013942719,561.107971191406,79.0553131103516,93.6784133911133,0.920999765396118,0,0,0,0,33.5758628845215
72.7789993286133,12374,0.450260013341904,507.037811279297,90.097038269043,85.9948272705078,1.93955063819885,0,0,0,0,18.9402294158936
69.6569976806641,8433,0.55103999376297,517.748657226563,87.5833053588867,45.0136375427246,0.711490571498871,0,0,0,0,12.3535432815552
68.1989974975586,3268,0.462260007858276,281.760162353516,46.0550270080567,70.501838684082,0.917992651462555,0,0,0,0,16.3246612548828
70.5540008544922,14749,0.534519970417023,515.534606933594,78.0377807617188,93.4775238037109,1.35602414608002,0,0,0,0,33.8188934326172
69.0380020141602,18999,0.541909992694855,585.5615234375,57.9080963134766,100,0.473709136247635,0,0,0,0,18.9015197753906
70.0250015258789,283833,0.525049984455109,798.615783691406,90.637939453125,95.1126174926758,0.345273464918137,0,0,0,0,32.7271385192871
65.0149993896484,26076,0.584159970283508,498.912231445313,71.7983322143555,81.3851852416992,0.65194046497345,0,0,0,0,27.4636459350586
65.5339965820313,18829,0.52648001909256,404.214874267578,77.5437469482422,82.580062866211,0.584205210208893,0,0,0,0,27.2129211425781
69.6470031738281,9867,0.584500014781952,704.217407226563,94.3466796875,80.3385009765625,1.41887092590332,0,0,0,0,22.0302600860596
67.7429962158203,7956,0.422740012407303,415.763153076172,46.6250648498535,100,1.63398694992065,0,0,0,0,19.100040435791
68.1149978637695,20992,0.562020003795624,460.353942871094,51.843189239502,90.6440582275391,0.857469499111176,0,0,0,0,27.4241123199463
69.4869995117188,56746,0.547389984130859,762.853210449219,85.6303024291992,83.1318511962891,0.863496959209442,0,0,0,0,34.5994873046875
69.370002746582,9656,0.684329986572266,726.622985839844,66.9882659912109,70.0807800292969,0.621375322341919,0,0,0,0,28.1943874359131
68.0279998779297,29490,0.484569996595383,548.580749511719,92.8450012207031,89.2980651855469,0.576466619968414,0,0,0,0,18.3991546630859
68.6989974975586,5458,0.426739990711212,312.540283203125,26.9703731536865,64.6024169921875,0.18321730196476,0,0,0,0,18.2540187835693
65.786003112793,2829,0.435270011425018,264.923553466797,18.6078777313232,62.6723213195801,0.70696359872818,0,0,0,0,12.1155881881714
69.75,76302,0.431939989328384,526.9404296875,87.451774597168,99.0432739257812,0.353857040405273,0,0,0,0,31.3170719146729
70.515998840332,4526,0.555890023708344,553.162353515625,91.1174468994141,80.3137435913086,1.32567393779755,0,0,0,0,29.5858478546143
69.5289993286133,17236,0.504649996757507,432.007171630859,85.9836502075195,86.9053115844727,0.696217238903046,0,0,0,0,28.901689529419
68.4919967651367,3581,0.476779997348785,352.75244140625,63.1581573486328,69.5615768432617,0.837754845619202,0,0,0,0,19.4300651550293
70.5270004272461,22805,0.47010999917984,543.148254394531,92.8291778564453,91.4404754638672,0.789300620555878,0,0,0,0,17.2722339630127
65.5100021362305,2965,0.336919993162155,242.668609619141,56.350944519043,65.7672882080078,2.69814491271973,0,0,0,0,21.7367095947266
69.4250030517578,4673,0.530979990959168,368.730590820313,65.7214126586914,70.7896423339844,2.78193879127502,0,0,0,0,17.3417873382568
63.7859992980957,6841,0.512899994850159,347.641174316406,60.1876754760742,52.5946502685547,0.730887293815613,0,0,0,0,20.5259761810303
70.0410003662109,36936,0.509360015392304,548.602600097656,84.9476852416992,76.4457473754883,0.541477143764496,0,0,0,0,22.4749221801758
68.1419982910156,38492,0.493019998073578,596.137084960938,89.269172668457,94.6194534301758,0.259794235229492,0,0,0,0,27.5767288208008
72.4700012207031,11201,0.524049997329712,466.567687988281,79.6120071411133,71.9310760498047,0.62494421005249,0,0,0,0,21.8043003082275
72.9899978637695,9870,0.465050011873245,578.58935546875,94.7952117919922,89.280647277832,1.11448836326599,0,0,0,0,22.5616893768311
65.0149993896484,123492,0.490099996328354,582.645202636719,50.6928176879883,100,1.3442165851593,0,0,0,0,28.9504108428955
69.3160018920899,4504,0.502380013465881,314.1953125,60.0514831542969,67.8952026367188,0.888099491596222,0,0,0,0,23.0580387115479
71.8899993896484,16311,0.585910022258759,438.140075683594,39.7532501220703,66.7341079711914,0.919624805450439,0,0,0,0,27.5959033966064
61.9059982299805,34851,0.622879981994629,483.694091796875,25.162748336792,88.1667633056641,0.430403709411621,0,0,0,0,26.6350078582764
70.9789962768555,165484,0.576120018959045,789.238830566406,76.5200042724609,96.8232574462891,0.797660171985626,0,0,0,0,39.1192741394043
71.2470016479492,36120,0.582920014858246,522.605224609375,82.1472549438477,95.2048721313477,0.664451837539673,0,0,0,0,29.2791080474854
72.2030029296875,27981,0.524140000343323,473.464599609375,75.267822265625,78.957145690918,1.4295414686203,0,0,0,0,25.8403949737549
71.6679992675781,11358,0.480670005083084,407.057800292969,70.9274520874024,76.3426666259766,1.32065498828888,0,0,0,0,18.9076747894287
67.1470031738281,1936,0.481610000133514,295.139038085938,63.3862648010254,67.1487579345703,1.5495867729187,0,0,0,0,19.1017208099365
63.9059982299805,7710,0.496529996395111,319.617401123047,82.6969833374024,83.3333358764648,1.29701685905457,0,0,0,0,21.8363876342773
65.0830001831055,5188,0.549780011177063,392.242004394531,67.071533203125,83.731689453125,0.385505020618439,0,0,0,0,21.5630531311035
72.1070022583008,8588,0.473960012197495,636.749572753906,84.6371536254883,76.2925033569336,1.28085696697235,0,0,0,0,20.5904674530029
71.2580032348633,26913,0.513390004634857,415.041320800781,82.4141006469727,85.7429504394531,0.9289191365242,0,0,0,0,29.8789043426514
66.1370010375977,4008,0.512080013751984,297.685943603516,52.8003196716309,41.8413162231445,0.499002009630203,0,0,0,0,10.0833187103271
68.9209976196289,14963,0.472030013799667,449.319580078125,62.8949661254883,82.1559829711914,0.46782061457634,0,0,0,0,25.2631454467773
65.0230026245117,4774,0.508639991283417,391.153106689453,84.0649566650391,67.3858413696289,0.628403842449188,0,0,0,0,18.4677467346191
66.713996887207,48953,0.618139982223511,529.673950195313,57.9290313720703,77.3170166015625,0.285988599061966,0,0,0,0,24.4246883392334
66.3010025024414,4407,0.388330012559891,350.971038818359,62.795539855957,61.8561363220215,1.36147034168243,0,0,0,0,15.1110467910767
61.7700004577637,7336,0.522430002689362,210.459045410156,24.9991569519043,30.7524528503418,0.272628128528595,0,0,0,0,10.7708082199097
70.7890014648438,10329,0.476729989051819,529.596862792969,69.3155975341797,79.2816314697266,0.774518370628357,0,0,0,0,20.9731273651123
58.3030014038086,19278,0.460660010576248,174.508697509766,25.7354412078857,33.7379379272461,0.259362995624542,0,0,0,0,8.32077693939209
69.2360000610352,3229,0.34595000743866,300.562591552734,66.3312149047852,66.153923034668,1.85816037654877,0,0,0,0,14.5847930908203
66.5380020141602,3606,0.469249993562698,348.210296630859,61.4099807739258,64.6422653198242,1.38657796382904,0,0,0,0,22.2670650482178
68.3430023193359,85085,0.4755499958992,698.437561035156,86.7744903564453,100,0.728683054447174,0,0,0,0,33.8432922363281
72.9899978637695,436682,0.547990024089813,992,93.8336639404297,97.7413787841797,2.83272504806519,0,0,0,0,41.2525520324707
59.173999786377,9399,0.531989991664887,226.70036315918,30.7964878082275,53.8142356872559,0.851154386997223,0,0,0,0,13.5954513549805
62.431999206543,2897,0.402489989995956,277.471435546875,77.9114379882813,82.2575073242188,1.72592341899872,0,0,0,0,23.0811614990234
72.1829986572266,10356,0.437099993228912,509.147613525391,95.1495590209961,74.5558166503906,0.965623795986176,0,0,0,0,22.0974082946777
65.556999206543,11169,0.54093998670578,290.431396484375,67.4107360839844,69.5496444702149,0.44766765832901,0,0,0,0,19.5458679199219
70.1959991455078,138243,0.518360018730164,745.0146484375,93.5977630615234,96.0186080932617,0.817401230335236,0,0,0,0,34.9863471984863
68.5530014038086,19104,0.491719990968704,632.535522460938,88.0635223388672,87.327262878418,1.15159130096436,0,0,0,0,20.6763877868652
68.1210021972656,29901,0.425929993391037,438.846984863281,76.1719284057617,100,0.802648723125458,0,0,0,0,25.2583065032959
65.5100021362305,7760,0.55349999666214,370.926177978516,68.5718460083008,88.182991027832,0.773195862770081,0,0,0,0,21.8953742980957
70.5,6217,0.525080025196075,349.379241943359,95.0735321044922,80.3763885498047,0.804246425628662,0,0,0,0,25.1496829986572
72.5849990844727,2639,0.592140018939972,556.245178222656,39.7246246337891,48.201042175293,1.13679420948029,0,0,0,0,19.1589488983154
68.0260009765625,2236,0.451779991388321,383.964965820313,35.7577438354492,58.4078712463379,2.23613595962524,0,0,0,0,24.9767932891846
71.0950012207031,4571,0.447219997644424,311.287841796875,0,66.9218978881836,0.437541007995605,0,0,0,0,16.2288227081299
66.6569976806641,2653,0.461129993200302,244.844924926758,23.5670280456543,45.7595176696777,1.13079535961151,0,0,0,0,13.9076118469238
72.1110000610352,3758,0.482989996671677,293.394989013672,59.6474571228027,64.5023956298828,1.06439590454102,0,0,0,0,17.9535007476807
71.4349975585938,7632,0.567260026931763,684.462158203125,79.7121047973633,79.0880508422852,2.22746324539185,0,0,0,0,25.6430416107178
66.3960037231445,11359,0.502600014209747,400.724578857422,71.1058044433594,59.2921905517578,1.49661064147949,0,0,0,0,21.4610233306885
65.556999206543,4462,0.438639998435974,258.021545410156,20.8204364776611,71.9856567382813,0.896458983421326,0,0,0,0,14.8686761856079
68.2050018310547,72333,0.459980010986328,572.788513183594,92.1261520385742,100,1.24424540996552,0,0,0,0,22.9131507873535
65.129997253418,25344,0.457159996032715,369.663665771484,62.1735725402832,75.4695358276367,1.1047979593277,0,0,0,0,16.751859664917
68.6890029907227,7678,0.524869978427887,384.907318115234,78.9578628540039,77.0382919311524,0.651211261749268,0,0,0,0,19.5628204345703
71.8899993896484,2403,0.75177001953125,628.323059082031,1.55828714370728,68.4560928344727,1.24843943119049,0,0,0,0,25.06955909729
69.0810012817383,12615,0.431279987096787,484.967071533203,93.6688613891602,84.7007522583008,0.713436365127564,0,0,0,0,15.7910346984863
71.015998840332,5870,0.552309989929199,387.914916992188,24.5833168029785,69.4378204345703,1.70357751846313,0,0,0,0,16.249195098877
69.5080032348633,145266,0.421750009059906,575.802551269531,97.6305313110352,97.1879196166992,0.598901331424713,0,0,0,0,24.6164417266846
67.1750030517578,10306,0.644800007343292,612.574951171875,78.8389205932617,88.540657043457,1.64952456951141,0,0,0,0,22.8110637664795
71.1340026855469,2497,0.49125999212265,317.67333984375,13.8927755355835,57.5891075134277,1.20144176483154,0,0,0,0,18.4564208984375
69.8550033569336,2937,0.653840005397797,736.091918945313,71.2462615966797,49.0636711120606,1.70241737365723,0,0,0,0,24.704402923584
68.1419982910156,21819,0.467750012874603,524.009460449219,94.3000946044922,88.711669921875,,0,0,0,0,19.6254405975342
70.7109985351563,39544,0.538999974727631,529.850341796875,74.2150955200195,79.8073043823242,0.58163058757782,0,0,0,0,23.1073703765869
69.3259963989258,5613,0.401849985122681,544.423889160156,68.7539672851563,72.4033508300781,0.890789210796356,0,0,0,0,17.3816871643066
71.5709991455078,23110,0.5380499958992,523.850708007813,80.0794982910156,89.6019058227539,0.995240151882172,0,0,0,0,29.8279342651367
70.2070007324219,10485,0.431180000305176,601.883911132813,91.0958404541016,92.4558868408203,1.33524084091187,0,0,0,0,21.5440483093262
67.2969970703125,37975,0.456490010023117,420.171752929688,81.3095932006836,74.3515472412109,0.526662290096283,0,0,0,0,17.2502422332764
71.6139984130859,6284,0.484109997749329,580.524353027344,94.3590621948242,76.4799499511719,1.11394011974335,0,0,0,0,13.2419471740723
68.5530014038086,4303,0.409079998731613,428.060485839844,82.266242980957,80.548454284668,0.92958402633667,0,0,0,0,16.5950584411621
63.5209999084473,2982,0.573059976100922,336.194946289063,25.672945022583,68.5446014404297,1.0060361623764,0,0,0,0,20.5011386871338
68.0260009765625,2365,0.386920005083084,219.527572631836,0,45.1162796020508,0.845665991306305,0,0,0,0,17.4123859405518
69.786003112793,37762,0.715759992599487,1229.18920898438,78.341552734375,100,1.32408237457275,0,0,0,0,29.285924911499
70.7799987792969,3487,0.539269983768463,347.634704589844,39.458309173584,48.2076301574707,1.14711785316467,0,0,0,0,16.5242233276367
72.4820022583008,24124,0.49974000453949,559.085632324219,86.4635009765625,76.6912612915039,1.36793231964111,0,0,0,0,28.3064365386963
70.5439987182617,19195,0.500320017337799,573.401916503906,95.8421325683594,91.3467025756836,0.885647296905518,0,0,0,0,27.02317237854
68.2969970703125,22079,0.581009984016419,421.443481445313,70.6099700927734,86.2856140136719,0.317043334245682,0,0,0,0,27.5534229278565
70.3359985351563,616991,0.498760014772415,924.215759277344,92.6321411132812,100,0.975703060626984,0,0,0,0,39.1967506408691
68.0210037231445,5155,0.547259986400604,352.297698974609,72.1147842407227,58.1571273803711,1.16391849517822,0,0,0,0,17.5292911529541
68.2819976806641,14327,0.567860007286072,612.5615234375,2.83933877944946,78.3904495239258,1.25636911392212,0,0,0,0,16.9931659698486
71.4779968261719,5687,0.55638998746872,441.047698974609,33.8113021850586,40.056266784668,1.23087739944458,0,0,0,0,17.8616790771484
69.1179962158203,5355,0.58925998210907,430.420013427734,50.6285171508789,45.0980377197266,1.30718958377838,0,0,0,0,17.2578506469727
68.822998046875,2222,0.503509998321533,327.579711914063,40.0971069335938,73.3123321533203,2.25022506713867,0,0,0,0,27.5630741119385
69.0989990234375,3845,0.528760015964508,360.729522705078,67.8257598876953,90.4291305541992,0.780234098434448,0,0,0,0,27.9766750335693
71.5220031738281,428923,0.553020000457764,1162.03662109375,90.0795059204102,99.6153182983399,1.80218827724457,0,0,0,0,47.0503005981445
69.1179962158203,8695,0.580590009689331,439.522064208984,65.4946823120117,47.889591217041,0.690051734447479,0,0,0,0,20.8973293304443
68.927001953125,566893,0.51213002204895,1041.29895019531,86.6015243530273,97.989387512207,0.795564591884613,0,0,0,0,43.1002464294434
71.9380035400391,149519,0.512769997119904,1207.50402832031,97.4407958984375,100,1.15704357624054,0,0,0,0,46.9022102355957
71.6129989624024,158221,0.521399974822998,843.622131347656,91.8156433105469,93.6581497192383,0.979642391204834,0,0,0,0,36.2467041015625
71.5709991455078,4445,0.555459976196289,272.20654296875,16.3804264068604,53.9707527160645,1.12485933303833,0,0,0,0,15.5779409408569
71.431999206543,69148,0.519479990005493,664.961242675781,91.0742645263672,88.0676193237305,0.809857130050659,0,0,0,0,29.7826480865479
67.7689971923828,2791,0.454659998416901,266.7783203125,41.2455711364746,52.9917602539063,1.43317806720734,0,0,0,0,19.1806831359863
65.0250015258789,2814,0.529990017414093,270.403259277344,0,59.4527359008789,1.42146408557892,0,0,0,0,24.8807582855225
68.2379989624024,35964,0.533990025520325,620.439208984375,89.9772872924805,93.4879302978516,1.0566121339798,0,0,0,0,23.6362075805664
69.4560012817383,7119,0.550979971885681,485.472015380859,76.9121627807617,73.3389511108399,0.140469163656235,0,0,0,0,15.5866060256958
62.7849998474121,3933,0.477800011634827,332.437377929688,62.2101936340332,53.3689308166504,1.01703536510468,0,0,0,0,15.6692981719971
70.4329986572266,44579,0.549769997596741,596.140625,79.2763366699219,70.6341552734375,1.166468501091,0,0,0,0,25.8462467193604
69.8949966430664,283761,0.536289989948273,888.54296875,93.2492294311523,97.0711288452149,0.94093269109726,0,0,0,0,36.0287704467773
71.5670013427734,442370,0.551779985427856,817.595581054688,86.9573287963867,96.1898422241211,1.24782419204712,0,0,0,0,39.7416725158691
70.7730026245117,9922,0.49685999751091,308.784057617188,56.6835784912109,51.0481758117676,0.302358388900757,0,0,0,0,18.4370365142822
68.9489974975586,35438,0.510190010070801,560.151245117188,86.6468658447266,85.2813339233398,0.451492756605148,0,0,0,0,21.8337955474854
65.9390029907227,25382,0.598460018634796,424.126037597656,52.322322845459,53.6403732299805,0.630367994308472,0,0,0,0,18.5983734130859
68.5599975585938,9646185,0.547529995441437,1136.20886230469,88.5946197509766,97.5816650390625,1.61597561836243,0,0,0,0,41.6769180297852
68.6259994506836,20176,0.504849970340729,581.89501953125,78.7011947631836,77.6169738769531,0.297383040189743,0,0,0,0,23.6557998657227
70.2259979248047,7038,0.390370011329651,247.872817993164,38.3667640686035,51.6055679321289,0.710429072380066,0,0,0,0,14.855938911438
66.7919998168945,63900,0.534590005874634,612.671691894531,67.09130859375,75.6791839599609,0.782472610473633,0,0,0,0,23.906587600708
66.2310028076172,33890,0.507359981536865,644.601806640625,54.6578788757324,99.4235382080078,2.39008545875549,0,0,0,0,23.8992137908936
67.536003112793,11810,0.553279995918274,491.397369384766,49.4936904907227,48.5266723632813,0.508044004440308,0,0,0,0,18.0890598297119
69.9410018920899,11987,0.585150003433228,607.072937011719,92.3009567260742,85.7679138183594,0.500542283058167,0,0,0,0,31.0358352661133
68.015998840332,268618,0.488900005817413,652.101501464844,66.3351669311524,99.8940734863281,0.785502076148987,0,0,0,0,34.0200958251953
65.7949981689453,6477,0.494549989700317,336.708831787109,71.7315139770508,49.3592720031738,0.463177382946014,0,0,0,0,17.1863098144531
66.0080032348633,3023,0.628000020980835,369.596496582031,52.2480163574219,62.6199150085449,0.992391645908356,0,0,0,0,12.1821060180664
66.1320037841797,2516,0.662190020084381,421.343872070313,51.3511161804199,48.2909393310547,1.58982515335083,0,0,0,0,19.9989891052246
66.1949996948242,6172,0.350490003824234,402.123596191406,94.3372344970703,88.6260528564453,1.13415420055389,0,0,0,0,13.4329853057861
69.9410018920899,23219,0.444869995117188,549.060424804688,96.2612075805664,95.7534790039062,1.33511352539063,0,0,0,0,19.50954246521
70.7539978027344,21704,0.534489989280701,597.583068847656,83.999740600586,80.312385559082,0.691116869449616,0,0,0,0,28.3838176727295
71.5250015258789,78776,0.516070008277893,718.401733398438,98.3126220703125,93.387580871582,1.19325685501099,0,0,0,0,24.0510215759277
69.5970001220703,12527,0.552370011806488,368.996307373047,46.0319137573242,34.8607025146484,0.718448162078857,0,0,0,0,15.5003824234009
68.5100021362305,10280,0.535090029239655,680.175964355469,83.6159439086914,78.9591445922852,1.16731512546539,0,0,0,0,13.5075464248657
60.0629997253418,4914,0.542349994182587,276.267913818359,25.7983303070068,34.106632232666,1.83150184154511,0,0,0,0,17.3093605041504
70.7539978027344,30763,0.501479983329773,482.527130126953,72.9362945556641,55.2579383850098,0.487598747014999,0,0,0,0,18.5781002044678
68.2050018310547,379006,0.510760009288788,757.446105957031,94.1661682128906,98.7076721191406,0.84959077835083,0,0,0,0,35.5513763427734
70.056999206543,7205,0.533349990844727,431.890991210938,2.95320963859558,77.4600982666016,1.24913251399994,0,0,0,0,21.2512073516846
70.5410003662109,226870,0.42441999912262,508.352416992188,38.0955009460449,99.4084701538086,0.51571387052536,0,0,0,0,21.9334411621094
65.1989974975586,158839,0.483319997787476,585.499267578125,65.2290267944336,95.6962738037109,0.55402010679245,0,0,0,0,29.5484752655029
69.0810012817383,13051,0.532360017299652,496.218872070313,86.7705535888672,73.6342010498047,0.766224801540375,0,0,0,0,14.5714273452759
67.1790008544922,10793,0.467799991369247,484.283782958984,67.4916000366211,64.8012619018555,0.833873808383942,0,0,0,0,14.7204704284668
68.0759963989258,160084,0.443760007619858,708.306884765625,79.8456878662109,100,,0,0,0,0,33.1065521240234
65.109001159668,4750,0.447699993848801,308.329010009766,68.2650146484375,69.7052612304688,0.842105269432068,0,0,0,0,18.8640003204346
69.5240020751953,6428,0.533689975738525,327.637329101563,70.3212432861328,73.3665237426758,0.622277557849884,0,0,0,0,13.5720071792603
68.0279998779297,5015,0.359690010547638,414.677581787109,81.2473373413086,81.250373840332,1.7946161031723,0,0,0,0,11.4898090362549
71.3659973144531,5218,0.514540016651154,581.528747558594,76.2644729614258,80.605598449707,1.34151017665863,0,0,0,0,19.4840679168701
69.2570037841797,19857,0.447589993476868,438.905303955078,80.4049224853516,80.9387130737305,0.553960800170898,0,0,0,0,20.3863925933838
70.4540023803711,21513,0.501129984855652,434.941955566406,62.2603874206543,70.7432708740234,0.557802259922028,0,0,0,0,23.2517681121826
65.5940017700195,5734,0.452809989452362,329.449920654297,44.6669235229492,49.062126159668,0.871991634368897,0,0,0,0,19.9630126953125
71.963996887207,11799,0.414510011672974,364.076629638672,95.7225341796875,52.012882232666,1.3560471534729,0,0,0,0,17.075288772583
68.4440002441406,46922,0.505779981613159,575.492919921875,85.1286849975586,86.4072265625,0.809854626655579,0,0,0,0,25.5806293487549
63.5139999389649,18537,0.652300000190735,471.926208496094,63.6784400939941,73.4207229614258,0.863138616085053,0,0,0,0,16.0240249633789
66.5950012207031,4714,0.467940002679825,319.551177978516,58.4755020141602,83.3899002075195,0.636402189731598,0,0,0,0,24.1034812927246
65.5120010375977,76816,0.496809989213944,553.278137207031,80.3718643188477,90.4261856079102,0.598833560943604,0,0,0,0,25.0345344543457
71.9759979248047,206965,0.550939977169037,696.873413085938,87.726547241211,95.5721969604492,0.637789011001587,0,0,0,0,36.3579139709473
66.0080032348633,4732,0.383540004491806,185.737731933594,26.8464603424072,15.8706674575806,1.69061708450317,0,0,0,0,8.78981113433838
66.7070007324219,49236,0.581809997558594,445.514495849609,35.5430145263672,54.7313346862793,0.46713787317276,0,0,0,0,24.6306076049805
67.1500015258789,6635,0.463129997253418,442.48583984375,86.2927627563477,86.5109252929688,0.602863609790802,0,0,0,0,19.10866355896
68.5530014038086,26446,0.487049996852875,686.000549316406,74.8996124267578,83.7442321777344,0.718445122241974,0,0,0,0,29.588191986084
64.1620025634766,2850,0.473080009222031,236.325408935547,49.9816818237305,54.1403503417969,0.70175439119339,0,0,0,0,12.6314878463745
72.3420028686524,7503,0.535239994525909,570.65478515625,74.4597244262695,74.9966659545899,0.932960152626038,0,0,0,0,23.2940330505371
68.4670028686524,27572,0.556169986724854,599.974243164063,80.5512924194336,88.1945419311523,0.942985653877258,0,0,0,0,34.0511512756348
66.1119995117188,7859,0.451220005750656,253.367645263672,31.8352241516113,52.7548027038574,1.14518392086029,0,0,0,0,18.9277400970459
67.1470031738281,61302,0.592970013618469,604.028198242188,76.2939224243164,90.6626205444336,1.04401159286499,0,0,0,0,31.510929107666
65.2429962158203,14045,0.547919988632202,445.363037109375,67.2438201904297,75.6212158203125,1.5663937330246,0,0,0,0,30.3436279296875
72.7440032958984,3752,0.44361999630928,359.928924560547,77.1840667724609,64.7121505737305,1.33262264728546,0,0,0,0,20.8781852722168
71.2239990234375,2750,0.447519987821579,278.856750488281,45.5519638061524,51.3818168640137,2.90909099578857,0,0,0,0,27.7247123718262
69.927001953125,47398,0.528500020503998,577.305541992188,64.6683807373047,97.7530670166016,0.654036045074463,0,0,0,0,24.5272579193115
71.9580001831055,4191,0.444730013608933,277.735168457031,42.3197937011719,62.5626335144043,0.477213084697723,0,0,0,0,13.2482643127441
66.1569976806641,8335,0.500060021877289,508.7099609375,89.9461135864258,75.2129592895508,2.87942409515381,0,0,0,0,23.115026473999
67.9759979248047,1320,0.441359996795654,270.502532958984,61.4314308166504,63.7878799438477,3.03030300140381,0,0,0,0,17.7716617584229
69.3479995727539,12090,0.525699973106384,356.072174072266,71.5650405883789,62.8618698120117,0.909842848777771,0,0,0,0,17.9228687286377
64.0979995727539,1349,0.403160005807877,239.028305053711,49.2449913024902,51.5937728881836,1.48257970809937,0,0,0,0,18.9482898712158
72.1110000610352,11011,0.521589994430542,487.918609619141,66.7245178222656,70.7111053466797,0.726546168327332,0,0,0,0,21.764949798584
71.1139984130859,5905,0.47749999165535,385.015686035156,71.7993469238281,76.5114288330078,1.35478413105011,0,0,0,0,23.3496551513672
69.7839965820313,67886,0.514829993247986,836.014831542969,81.9814224243164,88.2538375854492,0.589223086833954,0,0,0,0,29.9418277740479
72.7409973144531,16550,0.490750014781952,407.230163574219,60.2300186157227,85.0151062011719,0.422960728406906,0,0,0,0,27.2582035064697
72.1780014038086,30952,0.487630009651184,523.531982421875,93.5727767944336,89.8714141845703,0.840010344982147,0,0,0,0,19.9124794006348
66.911003112793,15870,0.489520013332367,572.358703613281,53.5340270996094,100,1.57529926300049,0,0,0,0,24.4200553894043
70.6989974975586,68921,0.386579990386963,520.045288085938,76.9207916259766,98.7159194946289,0.188621759414673,0,0,0,0,19.4386863708496
65.5619964599609,11042,0.496769994497299,418.765655517578,79.3421249389649,72.5774307250977,1.17732298374176,0,0,0,0,24.351375579834
71.7710037231445,33612,0.522610008716583,811.26513671875,91.7449645996094,98.1762466430664,0.833035826683044,0,0,0,0,28.3605213165283
70.7809982299805,13091,0.50789999961853,590.5537109375,93.8802871704102,89.9472885131836,0.53471851348877,0,0,0,0,16.5828685760498
73.6320037841797,3614,0.479470014572144,626.991943359375,80.8432312011719,80.8799133300781,1.38350856304169,0,0,0,0,15.7507934570313
68.6289978027344,80728,0.431360006332397,483.228240966797,85.5469818115235,98.1035079956055,0.47071647644043,0,0,0,0,23.2623958587647
71.1139984130859,66166,0.544290006160736,565.226989746094,63.9033393859863,92.7666778564453,0.982377648353577,0,0,0,0,31.1228713989258
68.9079971313477,14160,0.505140006542206,357.579559326172,51.9494705200195,68.8135604858399,0.353107333183289,0,0,0,0,18.9898300170898
68.0479965209961,10238,0.503199994564056,265.740753173828,0.599428594112396,46.7145576477051,0.195350661873817,0,0,1,0,15.8948545455933
64.6500015258789,8935,0.530520021915436,240.890167236328,26.9503936767578,17.7839946746826,0.895355343818665,0,0,1,0,15.1020841598511
63.7000007629395,6076,0.481400012969971,244.532440185547,11.1709899902344,12.8209352493286,0.164581954479218,0,0,1,0,9.80258560180664
63.6580009460449,66159,0.391200006008148,335.935516357422,59.4745826721191,89.3000183105469,0.287186920642853,0,0,1,0,16.8278465270996
62.8320007324219,7437,0.445479989051819,183.861282348633,0,24.4856796264648,0.941239774227142,0,0,1,0,9.21360778808594
64.1019973754883,24589,0.616509974002838,256.532592773438,0,48.4972953796387,0.44735449552536,0,0,1,0,18.3790645599365
68.6650009155274,12047,0.522830009460449,299.116668701172,0.347047388553619,69.3865661621094,0.498049318790436,0,0,1,0,18.2197074890137
62.7859992980957,17229,0.50533002614975,227.447204589844,0,67.2238693237305,0.696500062942505,0,0,1,0,15.1609125137329
69.3339996337891,9685,0.534080028533936,339.186645507813,2.08396577835083,61.1461029052734,0.722767174243927,0,0,1,0,20.9253311157227
64.7610015869141,3948,0.376650005578995,200.662246704102,0,78.1914901733398,0.253292798995972,0,0,1,0,17.2224864959717
64.2949981689453,13213,0.549619972705841,240.783630371094,0.680008113384247,45.6898498535156,0.378415197134018,0,0,1,0,17.8471736907959
62.7589988708496,19584,0.497079998254776,323.435729980469,54.1293182373047,87.3876647949219,1.32761442661285,0,0,1,0,24.7809829711914
67.1129989624023,17070,0.516589999198914,298.524444580078,57.4318733215332,82.1206817626953,0.351493835449219,0,0,1,0,19.4382438659668
62.9280014038086,7733,0.495620012283325,168.801040649414,26.1488513946533,7.37841129302979,0.775895535945892,0,0,1,0,5.76175451278687
66.1269989013672,95064,0.524190008640289,449.420257568359,17.1278057098389,90.4494476318359,0.694269120693207,0,0,1,0,29.6028785705566
64.3259963989258,64556,0.541989982128143,515.502136230469,1.21351671218872,92.9812850952148,0.309808552265167,0,0,1,0,29.353084564209
62.4010009765625,20603,0.681749999523163,489.619567871094,48.851448059082,55.3948440551758,1.11634230613709,0,0,1,0,18.1677093505859
63.1279983520508,12387,0.494199991226196,242.784103393555,0.116651341319084,47.2915153503418,0.565108597278595,0,0,1,0,18.9844093322754
67.0979995727539,61889,0.440959990024567,400.037170410156,58.1379814147949,87.6763229370117,0.500896751880646,0,0,1,0,23.4621772766113
63.5839996337891,20325,0.613889992237091,441.290679931641,19.3722457885742,63.7835197448731,0.196801975369453,0,0,1,0,24.4365367889404
63.3289985656738,39737,0.574289977550507,371.624267578125,0.404606312513351,72.5646133422852,0.57880562543869,0,0,1,0,22.5827007293701
66.0339965820313,22458,0.57166999578476,420.414489746094,0,82.5212554931641,0.445275634527206,0,0,1,0,24.0735549926758
63.6230010986328,4129,0.493339985609055,321.792419433594,0,68.2746963500977,0.484378784894943,0,0,1,0,21.5074901580811
69.8690032958984,7515,0.504540026187897,312.479095458984,58.6185531616211,32.3353309631348,2.66134405136108,0,0,1,0,14.4898653030396
64.6269989013672,34310,0.519919991493225,366.242584228516,31.3702068328857,71.1804122924805,1.07840275764465,0,0,1,0,24.1726989746094
65.6169967651367,18389,0.580640017986298,228.409820556641,14.3040857315063,59.1223030090332,0.271901667118073,0,0,1,0,17.6072673797607
64.2490005493164,14692,0.693220019340515,322.796569824219,23.2463493347168,30.5676555633545,0.340321272611618,0,0,1,0,13.4236612319946
70.2020034790039,3151,0.45550999045372,321.204254150391,0.28442794084549,44.112979888916,0.634719133377075,0,0,1,0,26.2234954833984
69.3339996337891,15098,0.583670020103455,400.738739013672,1.53507471084595,86.567756652832,0.52987152338028,0,0,1,0,19.0532531738281
59.984001159668,12852,0.477459996938705,226.04899597168,29.4023971557617,43.3784637451172,0.855897903442383,0,0,1,0,12.9182891845703
63.3009986877442,6954,0.565750002861023,374.757263183594,5.85076522827148,37.9493827819824,0.143802121281624,0,0,1,0,17.8887023925781
63.5890007019043,10370,0.505859971046448,151.149032592773,10.366584777832,31.1282539367676,0.192864030599594,0,0,1,0,8.79417991638184
65.8529968261719,10657,0.423900008201599,251.196472167969,0.988539576530457,30.4213199615479,0.375340163707733,0,0,1,0,11.6291570663452
62.3460006713867,7116,0.541980028152466,281.217742919922,0,64.4744262695313,1.12422704696655,0,0,1,0,11.9074220657349
61.5769996643066,11481,0.529229998588562,310.052429199219,0,47.7310333251953,0.435502141714096,0,0,1,0,18.0249900817871
67.3290023803711,8069,0.543699979782105,225.476486206055,0.24275353550911,37.3900108337402,0.495724380016327,0,0,1,0,11.7800989151001
63.8530006408691,2398,0.412000000476837,239.588775634766,0,66.8473739624024,0.834028363227844,0,0,1,0,16.6504821777344
68.4700012207031,8093,0.651130020618439,656.260375976563,3.48527336120605,64.0677108764649,0.494254291057587,0,0,1,0,23.6356410980225
61.6959991455078,7329,0.549499988555908,287.142303466797,3.63365912437439,61.7410278320313,0.818665564060211,0,0,1,0,19.7523002624512
69.2409973144531,21343,0.586660027503967,534.922668457031,57.0740013122559,77.2665481567383,1.9210045337677,0,0,1,0,26.8628559112549
66.4280014038086,73842,0.479600012302399,393.1806640625,16.464599609375,90.486442565918,0.406272858381271,0,0,1,0,23.0895099639893
68.3649978637695,9793,0.495790004730225,267.497436523438,0.499413549900055,39.4976005554199,0.510568797588348,0,0,1,0,17.8479290008545
62.867000579834,20506,0.53422999382019,233.507049560547,0,61.820930480957,0.487662136554718,0,0,1,0,17.5986289978027
67.5309982299805,19343,0.4757199883461,379.394317626953,42.5385131835938,65.7705612182617,0.982267498970032,0,0,1,0,16.4981956481934
64.4580001831055,5059,0.510490000247955,186.549072265625,10.8817386627197,27.6130847930908,0.593002557754517,0,0,1,0,12.7476119995117
57.7750015258789,5241,0.462350010871887,210.229522705078,46.7226257324219,38.9811096191406,2.86204934120178,0,0,1,0,10.5178880691528
67.2590026855469,72523,0.47095000743866,409.724151611328,63.9308204650879,74.3102188110352,0.372295677661896,0,0,1,0,20.746488571167
64.3280029296875,82318,0.557810008525848,455.045715332031,19.6668033599854,87.8886184692383,0.68028861284256,0,0,1,0,28.0902633666992
64.6999969482422,21607,0.489259988069534,152.963150024414,1.23230624198914,18.3258533477783,0.555375576019287,0,0,1,0,6.17897129058838
61.9169998168945,25497,0.596109986305237,144.290756225586,2.01389169692993,22.3163509368896,0.470643609762192,0,0,1,0,6.98427391052246
68.2389984130859,19368,0.571039974689484,282.633605957031,3.79370069503784,40.9748039245606,0.361420899629593,0,0,1,0,19.964656829834
66.9929962158203,17843,0.540390014648438,231.987533569336,0,43.6193466186523,0.61648827791214,0,0,1,0,13.9769268035889
64.8529968261719,12357,0.481429994106293,266.887329101563,2.13341331481934,52.7555236816406,0.485554754734039,0,0,1,0,23.4363708496094
65.0879974365234,192990,0.583549976348877,584.264099121094,35.4066047668457,92.0121231079102,1.12441062927246,0,0,1,0,32.1686897277832
63.734001159668,64058,0.642139971256256,421.782135009766,40.7848014831543,61.0774612426758,0.0468325577676296,0,0,1,0,19.6918258666992
62.6310005187988,9821,0.623709976673126,297.826843261719,0.947738647460938,37.796558380127,0.407290488481522,0,0,1,0,16.0958595275879
63.6230010986328,14269,0.575869977474213,339.335540771484,13.6832447052002,70.0119171142578,0.560655951499939,0,0,1,0,14.9741792678833
64.6500015258789,21073,0.483200013637543,169.158264160156,10.6165046691895,17.0787258148193,1.13889813423157,0,0,1,0,7.48597240447998
61.4230003356934,10586,0.572950005531311,375.637298583984,14.2781810760498,55.0821838378906,0.566786348819733,0,0,1,0,20.5893058776855
67.2300033569336,24587,0.55239999294281,228.52131652832,11.2755460739136,33.6844673156738,0.569406569004059,0,0,1,0,15.5711870193481
70.6050033569336,49846,0.54805999994278,439.060028076172,4.83959197998047,75.9338760375977,0.983027696609497,0,0,1,0,23.1294384002686
60.4879989624024,8472,0.525370001792908,316.269439697266,0.525021731853485,76.9830017089844,0.826251208782196,0,0,1,0,21.3356056213379
64.0790023803711,18057,0.548629999160767,278.879608154297,44.9750289916992,73.9159317016602,0.830702781677246,0,0,1,0,20.2217864990234
64.0859985351563,117767,0.422749996185303,388.827026367188,47.6351432800293,93.636589050293,0.314179688692093,0,0,1,0,21.6173725128174
63.6230010986328,18972,0.548269987106323,410.162292480469,47.6811256408691,82.3107757568359,0.632511079311371,0,0,1,0,22.6840991973877
66.1589965820313,7773,0.498979985713959,181.859664916992,0,52.0262451171875,1.02920365333557,0,0,1,0,13.6953048706055
62.5099983215332,3493,0.543669998645783,236.414215087891,57.2243003845215,63.7274551391602,0.572573721408844,0,0,1,0,15.5066032409668
65.265998840332,8941,0.605260014533997,358.361846923828,31.498743057251,53.942512512207,0.782910168170929,0,0,1,0,18.7240352630615
68.4700012207031,22813,0.5591099858284,288.013702392578,2.85413646697998,61.0441398620606,0.87669312953949,0,0,1,0,21.390022277832
67.4550018310547,46644,0.542110025882721,472.366455078125,70.7602081298828,85.833122253418,0.964754283428192,0,0,1,0,33.2229423522949
68.7770004272461,25140,0.610180020332336,317.004669189453,9.09077930450439,49.0811462402344,0.556881487369537,0,0,1,0,17.7988052368164
61.6339988708496,6642,0.497819989919663,135.501052856445,0.718476831912994,26.5281543731689,0.150557056069374,0,0,1,0,7.49081182479858
64.1019973754883,23660,0.5591099858284,314.166290283203,6.47564458847046,70.8114929199219,0.29585799574852,0,0,1,0,24.8047313690186
67.2570037841797,5006,0.426580011844635,259.604858398438,0,54.2349166870117,0.199760288000107,0,0,1,0,17.2354946136475
62.8940010070801,16568,0.546459972858429,206.535415649414,11.6749582290649,14.3821315765381,0.362143903970718,0,0,1,0,8.63831806182861
68.6999969482422,1315035,0.556900024414063,959.502014160156,84.509994506836,100,1.26536560058594,0,0,1,0,48.4832725524902
59.3629989624024,10503,0.493869990110397,189.957977294922,0,37.9796257019043,0.380843579769135,0,0,1,0,8.27880764007568
63.4819984436035,7604,0.539349973201752,302.997741699219,0.132688760757446,59.6659660339356,0.263019472360611,0,0,1,0,19.9988460540771
65.1900024414063,9253,0.43902999162674,146.973052978516,2.61157727241516,34.2809371948242,0.324219167232513,0,0,1,0,12.3286075592041
66.5749969482422,40267,0.523689985275269,300.066864013672,21.4196186065674,55.1369590759277,0.471850395202637,0,0,1,0,14.6486787796021
64.1019973754883,6578,0.547770023345947,282.721069335938,0,49.376708984375,0.456065684556961,0,0,1,0,21.7073841094971
68.1920013427734,5942,0.513599991798401,290.137237548828,0,73.6957244873047,0.841467499732971,0,0,1,0,24.6182441711426
68.1380004882813,12396,0.62814998626709,260.324401855469,3.11453557014465,17.0619564056397,1.12939655780792,0,0,1,0,12.7046689987183
67.552001953125,14671,0.525309979915619,314.890563964844,4.98343658447266,57.1058540344238,0.68161678314209,0,0,1,0,22.2552909851074
60.685001373291,19926,0.619350016117096,308.599517822266,0.156094685196877,55.7462615966797,0.351299822330475,0,0,1,0,17.6935062408447
64.161003112793,5983,0.50874000787735,228.051498413086,1.50661432743073,67.1235198974609,1.00284135341644,0,0,1,0,18.5734767913818
60.5509986877441,9585,0.510029971599579,297.151123046875,3.11403608322144,74.9087142944336,0.521648406982422,0,0,1,0,16.2773590087891
66.2239990234375,5500,0.542110025882721,356.314147949219,0,77.0909118652344,0.363636374473572,0,0,1,0,23.1976432800293
68.1920013427734,4527,0.599290013313294,490.862701416016,0.226059705018997,76.6291122436524,0.66269052028656,0,0,1,0,22.7491226196289
64.0510025024414,11998,0.495270013809204,319.441589355469,4.09946870803833,71.2201995849609,0.500083327293396,0,0,1,0,13.3054571151733
66.8270034790039,2096,0.551800012588501,387.702301025391,0,78.8167953491211,1.43129765987396,0,0,1,0,25.8993740081787
67.5559997558594,15196,0.561749994754791,329.340484619141,0.222001224756241,47.5585670471191,0.394840747117996,0,0,1,0,20.1532459259033
63.7900009155274,190123,0.561439990997315,624.4306640625,45.0811996459961,98.0339050292969,0.489157021045685,0,0,1,0,32.964916229248
67.7799987792969,9205,0.552900016307831,245.09733581543,0,46.8549690246582,0.869092881679535,0,0,1,0,16.5687198638916
65.9589996337891,61272,0.575969994068146,418.299560546875,23.509391784668,74.4581527709961,0.962919414043427,0,0,1,0,24.6777114868164
59.984001159668,11287,0.534680008888245,310.282989501953,28.4327945709229,53.8495597839356,0.265792518854141,0,0,1,0,12.2819948196411
60.2610015869141,5294,0.408589988946915,136.906646728516,0.896390616893768,23.8383083343506,0.944465458393097,0,0,1,0,6.80787181854248
63.3009986877442,45131,0.57669997215271,422.861328125,1.8045791387558,66.1186294555664,0.864151000976563,0,0,1,0,19.4724063873291
67.2900009155273,12156,0.620880007743835,228.933578491211,3.20519351959229,35.6367225646973,0.411319524049759,0,0,1,0,9.60985374450684
67.4260025024414,30000,0.586080014705658,403.448913574219,25.9727687835693,75.966667175293,0.833333313465118,0,0,1,0,22.5269927978516
64.7610015869141,5556,0.495599985122681,256.047149658203,0,56.3174934387207,0.359971195459366,0,0,1,0,15.4087467193604
68.4749984741211,3806,0.481330007314682,244.852691650391,0,63.3210716247559,0.525486052036285,0,0,1,0,16.7261199951172
66.7440032958984,2290,0.446880012750626,214.990264892578,4.04404783248901,48.7336235046387,1.74672484397888,0,0,1,0,20.7049522399902
66.7289962768555,5549,0.601249992847443,382.044525146484,0,73.1483154296875,0.540637969970703,0,0,1,0,14.31662940979
65.2330017089844,26012,0.570949971675873,196.481216430664,11.7448406219482,33.1500854492188,0.307550370693207,0,0,1,0,15.8560123443604
65.7939987182617,159634,0.583850026130676,406.514465332031,35.2844314575195,72.7573394775391,0.513675034046173,0,0,1,0,20.2767009735107
61.6580009460449,7762,0.437189996242523,187.236068725586,16.5622158050537,22.4426689147949,0.644163846969605,0,0,1,0,9.47764110565186
61.6580009460449,17998,0.503050029277802,416.530181884766,65.7476577758789,77.8919906616211,0.277808636426926,0,0,1,0,21.8723754882813
57.5820007324219,26026,0.631150007247925,319.36279296875,7.16922092437744,58.5760383605957,0.461077392101288,0,0,1,0,18.3563270568848
62.6310005187988,6106,0.486530005931854,239.634780883789,0,62.1519813537598,0.163773342967033,0,0,1,0,12.757082939148
70.5800018310547,35168,0.514649987220764,405.30810546875,62.5824279785156,87.374885559082,1.05209279060364,0,0,1,0,22.2728099822998
64.1019973754883,11970,0.525470018386841,236.2802734375,0,56.0651626586914,0.835421860218048,0,0,1,0,17.0178489685059
66.2870025634766,5691,0.47529000043869,255.305709838867,0.518285095691681,70.7959899902344,0.527148127555847,0,0,1,0,25.3029632568359
65.6569976806641,25621,0.612139999866486,296.837799072266,6.24947023391724,30.7326030731201,0.468365788459778,0,0,1,0,11.3092098236084
63.7809982299805,13776,0.505509972572327,157.627044677734,0.565068960189819,18.2418689727783,1.30662024021149,0,0,1,0,7.57721948623657
68.6650009155274,2642,0.431730002164841,257.502471923828,0,76.6843338012695,0.757002294063568,0,0,1,0,16.5614852905273
66.7440032958984,6742,0.503470003604889,213.88899230957,0,42.450309753418,0.593295753002167,0,0,1,0,18.155065536499
61.8059997558594,12590,0.432220011949539,203.766143798828,35.6779251098633,25.5281963348389,0.635424911975861,0,0,1,0,8.78849792480469
66.9390029907227,26032,0.568279981613159,262.502838134766,9.74828624725342,59.2040557861328,1.65181314945221,0,0,1,0,16.0309104919434
63.306999206543,47854,0.561649978160858,307.960662841797,42.558349609375,65.418586730957,0.689597547054291,0,0,1,0,22.0822906494141
63.5929985046387,15814,0.526409983634949,209.043075561523,0,41.2419357299805,0.442645758390427,0,0,1,0,14.4468898773193
62.7919998168945,5054,0.559099972248077,277.533752441406,0,68.7178497314453,0.395726144313812,0,0,1,0,18.9333152770996
66.1589965820313,9717,0.522210001945496,310.012481689453,0,62.4678382873535,0.617474555969238,0,0,1,0,21.6332130432129
68.1920013427734,6169,0.545059978961945,337.172637939453,11.6760301589966,76.3656997680664,0.486302495002747,0,0,1,0,25.0562782287598
67.2300033569336,9045,0.543519973754883,271.77783203125,19.9823474884033,43.2172470092773,0.442233264446259,0,0,1,0,17.0052394866943
67.1419982910156,4555,0.484250009059906,224.626205444336,8.30377292633057,65.0742263793945,0.658616900444031,0,0,1,0,16.2721920013428
60.9220008850098,11454,0.510070025920868,205.645248413086,21.1110343933105,26.4467430114746,0.523834466934204,0,0,1,0,11.821436882019
68.7389984130859,45564,0.552950024604797,284.842620849609,0.485714316368103,61.0904579162598,0.219471514225006,0,0,1,0,20.5481472015381
65.6859970092773,2508,0.698589980602264,678.581726074219,0,70.9330139160156,0.39872407913208,0,0,1,0,26.6809520721436
64.5770034790039,4376,0.427300006151199,178.248764038086,0.530545592308044,42.573127746582,0.457038402557373,0,0,1,0,16.9667072296143
69.1620025634766,40858,0.555509984493256,439.617370605469,69.0546340942383,73.6967086791992,0.611875295639038,0,0,1,0,28.2240447998047
63.6230010986328,10613,0.560159981250763,378.463165283203,3.60222816467285,70.4230651855469,0.753792524337769,0,0,1,0,17.8412437438965
62.4010009765625,25149,0.605520009994507,426.607238769531,53.2955703735352,76.5080108642578,1.3519424200058,0,0,1,0,20.2001781463623
69.1549987792969,18574,0.580449998378754,443.265686035156,0.471796810626984,82.5885620117188,0.430709600448608,0,0,1,0,29.5150489807129
63.3009986877442,10614,0.623769998550415,350.747253417969,0,39.9189758300781,0.376860737800598,0,0,1,0,15.9432096481323
62.5099983215332,4834,0.505859971046448,189.555725097656,12.7849102020264,38.1050872802734,0.620604038238525,0,0,1,0,11.7670555114746
66.7440032958984,8115,0.536180019378662,265.304107666016,0,52.4091186523438,0.739371538162231,0,0,1,0,19.5852184295654
67.4540023803711,20446,0.502839982509613,221.423736572266,0.628827214241028,41.9641990661621,0.146727964282036,0,0,1,0,13.6344041824341
68.6650009155274,1405,0.373760014772415,231.72998046875,0,74.092529296875,1.42348754405975,0,0,1,0,30.6111736297607
62.7190017700195,10428,0.656769990921021,470.014038085938,9.90783786773682,80.4564666748047,0.671269655227661,0,0,1,0,19.24241065979
64.2580032348633,12841,0.529330015182495,249.774688720703,0.123978585004807,43.1196937561035,0.31150221824646,0,0,1,0,20.2620010375977
63.6129989624024,9875,0.512679994106293,303.897613525391,12.3892288208008,63.6658210754395,0.607594907283783,0,0,1,0,20.3655071258545
63.5289993286133,4223,0.53004002571106,276.319427490234,0.303222388029099,52.9955024719238,0.473596960306168,0,0,1,0,16.7116851806641
65.5790023803711,8796,0.59103000164032,365.413238525391,0,40.7230567932129,0.7958163022995,0,0,1,0,12.6563911437988
66.7440032958984,6046,0.556680023670197,348.862579345703,1.47490394115448,78.6139602661133,0.992391645908356,0,0,1,0,22.0734920501709
67.8010025024414,6568,0.555180013179779,335.025573730469,6.26142597198486,42.859317779541,0.456760048866272,0,0,1,0,22.2342720031738
64.9400024414063,40150,0.542659997940064,312.704711914063,43.3708610534668,48.4855499267578,1.91780817508698,0,0,1,0,17.5893383026123
61.5530014038086,54102,0.623480021953583,281.099700927734,21.8786964416504,40.6528396606445,0.351188510656357,0,0,1,0,15.120325088501
68.0479965209961,4761,0.452050000429153,288.3564453125,0.230262756347656,47.2169723510742,0.84015965461731,0,0,1,0,23.3144054412842
63.5890007019043,6877,0.543680012226105,187.510726928711,0.169995844364166,13.6396684646606,0.290824472904205,0,0,1,0,13.2993583679199
66.8519973754883,17757,0.629549980163574,411.786560058594,31.4765968322754,80.5597763061524,0.39421072602272,0,0,1,0,25.7163333892822
69.9820022583008,3762,0.619679987430573,468.654449462891,0,75.1462020874024,0.79744815826416,0,0,1,0,29.3098773956299
68.4769973754883,390100,0.584259986877441,710.789611816406,81.2201080322266,93.9953842163086,1.65342223644257,0,0,1,0,36.9912986755371
65.0210037231445,9103,0.587260007858276,246.800048828125,0.352817982435226,35.0104370117188,0.329561680555344,0,0,1,0,9.89502048492432
64.2829971313477,7530,0.47597000002861,206.171188354492,1.05713593959808,38.1407699584961,0.531208515167236,0,0,1,0,14.8274030685425
63.375,4459,0.489230006933212,251.111938476563,0,82.4624328613281,0.897062122821808,0,0,1,0,13.9265613555908
67.1389999389649,11808,0.535350024700165,270.290557861328,28.2578964233398,46.8157196044922,0.0846883505582809,0,0,1,0,15.1350622177124
61.4249992370606,16032,0.680190026760101,413.874816894531,1.20219206809998,51.8587837219238,0.436626732349396,0,0,1,0,15.9344758987427
65.2929992675781,14697,0.539420008659363,388.455596923828,0,75.6753082275391,0.612369894981384,0,0,1,0,17.5349273681641
66.4039993286133,28086,0.56275999546051,413.464233398438,2.05701184272766,75.6604690551758,0.35604926943779,0,0,1,0,26.3934230804443
68.0110015869141,38336,0.4755499958992,340.515869140625,17.7597827911377,68.4395904541016,0.443447411060333,0,0,1,0,19.2555065155029
64.0790023803711,25604,0.497359991073608,190.693145751953,0,19.4578971862793,0.703015148639679,0,0,1,0,12.5438394546509
66.9329986572266,11956,0.630630016326904,283.018798828125,1.14043986797333,38.0729331970215,0.250920027494431,0,0,1,0,14.3745651245117
70.2460021972656,49430,0.569790005683899,445.281372070313,2.17749333381653,53.5201301574707,0.647380113601685,0,0,1,0,29.0626487731934
65.4160003662109,8439,0.484930008649826,215.626754760742,0,34.044319152832,0.947979629039764,0,0,1,0,15.7356929779053
64.9499969482422,22625,0.597689986228943,487.010284423828,23.4438190460205,71.5005493164063,0.75138121843338,0,0,1,0,24.4761638641357
68.6740036010742,13764,0.561670005321503,274.176330566406,7.45156908035278,56.5969200134277,0.799186289310455,0,0,1,0,16.108549118042
65.1750030517578,6725,0.447959989309311,218.893981933594,0,51.9851303100586,0.74349445104599,0,0,1,0,11.4052705764771
62.0209999084473,11053,0.529110014438629,263.803863525391,0,75.3279647827149,0.361892700195313,0,0,1,0,16.2744483947754
66.5080032348633,240292,0.552129983901978,709.300415039063,40.1968765258789,97.4143981933594,0.819835841655731,0,0,1,0,38.8980369567871
67.2300033569336,6280,0.537500023841858,248.740036010742,2.75686979293823,45.461784362793,0.477706998586655,0,0,1,0,16.8090572357178
67.7779998779297,17113,0.566860020160675,256.456329345703,6.83645582199097,33.6761512756348,0.40904575586319,0,0,1,0,12.4638385772705
62.6450004577637,5007,0.526059985160828,294.7734375,0.169144302606583,60.9346923828125,0.199720397591591,0,0,1,0,19.9768505096436
64.2310028076172,17329,0.538879990577698,313.809448242188,8.54454517364502,59.9284439086914,0.28853365778923,0,0,1,0,21.6579761505127
63.9029998779297,11325,0.489980012178421,512.289794921875,88.2880020141602,95.947021484375,0.353200882673264,0,0,1,0,29.1564121246338
67.4739990234375,38665,0.565720021724701,459.30126953125,5.48242378234863,76.3231353759766,1.4224750995636,0,0,1,0,28.462739944458
63.7809982299805,2337,0.353760004043579,217.09114074707,0.726519823074341,60.761661529541,0.42789900302887,0,0,1,0,19.7182159423828
68.745002746582,5326,0.447750002145767,245.153274536133,0,57.9233932495117,1.8775817155838,0,0,1,0,19.9297752380371
67.7600021362305,10372,0.603640019893646,382.566131591797,0,35.4704971313477,0.674893915653229,0,0,1,0,20.872444152832
64.1800003051758,17004,0.525330007076263,257.384307861328,0,60.1976013183594,0.294048458337784,0,0,1,0,14.9412755966187
61.6580009460449,13135,0.525059998035431,340.998291015625,46.6410179138184,47.1564521789551,1.14198708534241,0,0,1,0,20.8066654205322
66.3320007324219,3628,0.508750021457672,249.337997436523,0,54.9614105224609,0.551267921924591,0,0,1,0,22.3464031219482
66.338996887207,3480,0.455639988183975,295.691192626953,0,63.8505744934082,0.862068951129913,0,0,1,0,18.4931812286377
67.1419982910156,1206,0.412939995527267,215.115051269531,0,65.4712905883789,0.829187393188477,0,0,1,0,19.9827861785889
62.189998626709,4105,0.39326000213623,211.643585205078,0.441841542720795,46.8864059448242,0.730816066265106,0,0,1,0,17.0621738433838
68.4700012207031,15494,0.512809991836548,301.155029296875,0,54.0015487670899,0.387246668338776,0,0,1,0,23.9062824249268
63.1300010681152,11260,0.571780025959015,265.874725341797,21.0335731506348,36.1278877258301,0.177619889378548,0,0,1,0,12.8032350540161
63.6580009460449,24189,0.550429999828339,428.135986328125,22.6649284362793,74.1700744628906,0.330728828907013,0,0,1,0,25.4923038482666
64.6269989013672,8385,0.615689992904663,409.543029785156,1.37469625473022,71.3059005737305,0.357781767845154,0,0,1,0,21.4691009521484
65.4079971313477,12854,0.548389971256256,419.200408935547,9.83283519744873,86.1755065917969,0.388983964920044,0,0,1,0,22.0048408508301
69.302001953125,5397,0.597090005874634,324.271697998047,0,75.3196182250977,0.370576232671738,0,0,1,0,18.2432518005371
67.1429977416992,7042,0.500270009040833,353.382568359375,0,44.8026123046875,0.426015347242355,0,0,1,0,21.03395652771
67.1999969482422,11615,0.595809996128082,256.956329345703,3.59420108795166,35.9104614257813,0.602668941020966,0,0,1,0,13.3608465194702
63.5620002746582,17587,0.458880007266998,130.687698364258,0,10.0885858535767,0.341161072254181,0,0,1,0,4.68547439575195
56.2550010681152,27504,0.481790006160736,183.929901123047,6.46956825256348,19.7738990783691,0.436300188302994,0,0,1,0,7.05866765975952
68.1920013427734,3750,0.616299986839294,452.124481201172,0.558291077613831,68.879997253418,2.40000009536743,0,0,1,0,15.9397878646851
63.2010002136231,6330,0.600740015506744,290.178619384766,0,53.2069511413574,0.789889395236969,0,0,1,0,18.4751949310303
64.9499969482422,22197,0.374040007591248,287.909759521484,0.21255162358284,94.593864440918,0.585664749145508,0,0,1,0,14.2355127334595
64.0790023803711,35262,0.586189985275269,349.536956787109,41.4031982421875,70.5858993530273,0.76569676399231,0,0,1,0,19.8944683074951
65.265998840332,29046,0.547770023345947,377.426879882813,50.3368225097656,51.180046081543,0.654134809970856,0,0,1,0,20.6002521514893
58.9889984130859,24317,0.551429986953735,169.394409179688,0,22.0792045593262,0.205617472529411,0,0,1,0,7.3694052696228
65.1900024414063,30705,0.595380008220673,495.990203857422,10.8705701828003,64.158935546875,0.553655743598938,0,0,1,0,29.5803642272949
64.8870010375977,8875,0.586570024490356,364.469543457031,0,81.0929565429688,0.563380300998688,0,0,1,0,19.4165744781494
68.1279983520508,8528,0.505360007286072,318.593811035156,6.31005764007568,59.650562286377,0.938086330890656,0,0,1,0,22.3563747406006
63.9029998779297,107675,0.531270027160645,490.687286376953,65.1103210449219,87.9396362304688,0.677966117858887,0,0,1,0,31.3743343353272
62.8019981384277,2455,0.387250006198883,214.601699829102,0,81.1009674072266,1.62932789325714,0,0,1,0,19.1086292266846
65.6999969482422,71052,0.589749991893768,500.455718994141,39.2334518432617,90.5731048583984,0.703709959983826,0,0,1,0,29.989990234375
67.9000015258789,55675,0.57669997215271,542.850158691406,56.529411315918,77.9631805419922,0.844184994697571,0,0,1,0,31.7704639434814
65.1039962768555,4665,0.462009996175766,194.541397094727,39.7056732177734,31.5755634307861,1.50053596496582,0,0,1,0,16.9806270599365
65.1039962768555,6558,0.655759990215302,340.115142822266,17.5802059173584,23.9859714508057,1.06739854812622,0,0,1,0,14.3411445617676
63.7379989624024,14161,0.545939981937408,298.570709228516,0.985398948192596,64.5928955078125,0.282465934753418,0,0,1,0,19.1146831512451
68.2460021972656,15046,0.63849002122879,279.857238769531,0,49.6676864624024,0.996942698955536,0,0,1,0,18.7416305541992
68.5790023803711,12255,0.701300024986267,277.654327392578,0.556943297386169,26.3892288208008,0.734394133090973,0,0,1,0,16.1208419799805
64.6240005493164,7745,0.415459990501404,260.715515136719,43.926025390625,18.4893474578857,0.516462206840515,0,0,1,0,11.3242330551147
60.568000793457,5728,0.543479979038239,238.305679321289,5.41791248321533,47.2416191101074,0.349162012338638,0,0,1,0,19.3837985992432
62.0880012512207,35010,0.578410029411316,318.851196289063,14.1548166275024,30.4655818939209,0.599828600883484,0,0,1,0,15.8095235824585
61.7709999084473,19414,0.579530000686646,309.292572021484,54.6161499023438,63.4284553527832,0.824147522449493,0,0,1,0,19.7389888763428
66.0530014038086,106882,0.424490004777908,445.174255371094,69.0577774047852,85.550422668457,1.16951406002045,0,0,1,0,27.6836109161377
60.7000007629395,64514,0.638480007648468,231.327560424805,3.4648003578186,26.6551399230957,0.372012287378311,0,0,1,0,8.51243782043457
65.3140029907227,3796,0.580330014228821,335.133850097656,2.19977140426636,61.1169662475586,0.263435184955597,0,0,1,0,23.01784324646
68.5790023803711,15092,0.529129981994629,210.070175170898,0.500925421714783,25.9408073425293,0.331301361322403,0,0,1,0,14.3254804611206
63.734001159668,233984,0.559119999408722,502.012054443359,64.6611404418945,94.7376708984375,0.675259828567505,0,0,1,0,33.0846824645996
65.2789993286133,17102,0.502960026264191,382.557830810547,73.67529296875,69.9391860961914,0.701672315597534,0,0,1,0,25.7126808166504
64.9400024414063,3579,0.44242998957634,226.362838745117,31.9035758972168,66.8622512817383,2.5146689414978,0,0,1,0,26.1323719024658
64.3639984130859,3211,0.571730017662048,238.822235107422,1.71573209762573,44.7643013000488,1.86857676506042,0,0,1,0,20.1093978881836
61.5429992675781,3772,0.504970014095306,287.991638183594,5.05227851867676,49.1516418457031,0.795334041118622,0,0,1,0,14.5797920227051
68.5790023803711,8604,0.613409996032715,301.100250244141,0,31.6346702575684,0.58112508058548,0,0,1,0,12.9683523178101
64.9420013427734,3633,0.490189999341965,265.64404296875,1.32115232944489,60.198184967041,0.825763821601868,0,0,1,0,16.0064487457275
68.2360000610352,11910,0.521910011768341,301.930572509766,0.847233474254608,82.0570983886719,1.42737197875977,0,0,1,0,23.0169982910156
65.9980010986328,47014,0.571739971637726,205.52619934082,22.7127857208252,24.1940364837647,0.34032416343689,0,0,1,0,11.8935022354126
64.8529968261719,5766,0.537329971790314,345.159820556641,13.6376733779907,78.0263595581055,0.693721830844879,0,0,1,0,23.9837512969971
63.6580009460449,10007,0.540480017662048,467.706634521484,50.7656745910645,81.2631149291992,0.999300479888916,0,0,1,0,21.7523174285889
68.4530029296875,31509,0.536639988422394,218.570617675781,6.3304033279419,51.2710647583008,2.34853529930115,0,0,1,0,13.3022661209106
64.7610015869141,10384,0.64222002029419,300.276306152344,0.495847076177597,65.6779632568359,0.385208010673523,0,0,1,0,13.4242448806763
64.4619979858399,5599,0.598739981651306,292.685394287109,0.678650975227356,60.225040435791,0.535809993743897,0,0,1,0,18.230863571167
62.6049995422363,14418,0.448439985513687,203.917388916016,34.3918914794922,17.1729774475098,0.554861962795258,0,0,1,0,7.99204874038696
65.5530014038086,4509,0.513740003108978,295.585144042969,7.19129323959351,72.388557434082,0.887114644050598,0,0,1,0,25.0696506500244
67.1669998168945,17146,0.619140028953552,365.072692871094,20.9844627380371,54.2400550842285,0.291613191366196,0,0,1,0,20.5408554077148
61.0960006713867,12948,0.528739988803864,195.366165161133,22.2073135375977,41.6743888854981,0.540624022483826,0,0,1,0,12.0565929412842
68.3050003051758,7546,0.628260016441345,358.315399169922,0,28.6376895904541,1.06016433238983,0,0,1,0,14.5708475112915
56.3079986572266,25084,0.480019986629486,174.646987915039,6.22393131256104,28.6221122741699,0.717588901519775,0,0,1,0,8.08218479156494
68.5770034790039,11385,0.597630023956299,328.623718261719,35.7101783752441,53.5617027282715,0.439174354076386,0,0,1,0,20.2836246490479
62.0149993896484,13841,0.549950003623962,268.385864257813,39.9056854248047,63.2685508728027,0.288996458053589,0,0,1,0,18.4725151062012
67.1389999389649,12406,0.48649999499321,235.984344482422,25.3758010864258,25.8423347473145,0.725455403327942,0,0,1,0,13.0143947601318
66.4160003662109,4197,0.530610024929047,225.990386962891,0.371938288211823,41.1246147155762,0.714796304702759,0,0,1,0,17.2789993286133
63.6580009460449,38296,0.494289994239807,253.064819335938,21.3328704833984,61.9229164123535,0.652809679508209,0,0,1,0,13.120626449585
64.2620010375977,26315,0.551069974899292,440.088470458984,55.6464958190918,76.7623062133789,0.418012529611588,0,0,1,0,30.4475440979004
64.4290008544922,43776,0.5555300116539,466.986633300781,16.8200035095215,80.5829696655274,1.27923977375031,0,0,1,0,26.5624904632568
61.4249992370606,17573,0.518939971923828,228.835433959961,1.26304078102112,34.1091461181641,0.284527391195297,0,0,1,0,9.1275634765625
63.6500015258789,8647,0.555840015411377,280.530029296875,0.116344384849072,49.3350296020508,1.04082345962524,0,0,1,0,22.0766925811768
58.7980003356934,9908,0.553529977798462,194.583374023438,11.1564931869507,24.1421070098877,0.302785634994507,0,0,1,0,8.74309921264648
68.3649978637695,5293,0.464390009641647,308.271301269531,25.027437210083,56.3007736206055,0.94464385509491,0,0,1,0,18.9017677307129
68.3050003051758,13829,0.549960017204285,180.471282958984,0,14.6013126373291,0.144623622298241,0,0,1,0,8.99099254608154
63.1180000305176,6360,0.491329997777939,173.510635375977,37.8485794067383,49.402515411377,0.157232701778412,0,0,1,0,16.5885276794434
68.3050003051758,14297,0.537199974060059,187.059417724609,0.856302380561829,32.3424491882324,0.209834232926369,0,0,1,0,13.6370935440063
63.7410011291504,4628,0.604319989681244,369.866943359375,3.92983078956604,49.891960144043,0.43215212225914,0,0,1,0,20.0120601654053
61.7690010070801,8642,0.545220017433167,280.423919677734,46.7600212097168,54.9409866333008,0.578569769859314,0,0,1,0,20.1580047607422
62.8019981384277,10209,0.612929999828339,267.664306640625,0,61.2302856445313,0.293858349323273,0,0,1,0,20.4481143951416
65.2929992675781,8708,0.584290027618408,375.463409423828,0.186748012900352,74.0927886962891,0.229673862457275,0,0,1,0,22.0900974273682
68.818000793457,18861,0.595570027828217,392.412261962891,11.791069984436,34.4679489135742,0.530194580554962,0,0,1,0,20.6168899536133
63.6230010986328,2044,0.460669994354248,275.020141601563,0,49.5107650756836,2.44618391990662,0,0,1,0,22.4819812774658
66.4300003051758,12858,0.531440019607544,246.346298217773,0.459436357021332,54.6430244445801,0.699953317642212,0,0,1,0,21.1407833099365
66.7689971923828,12510,0.544470012187958,209.577987670898,1.40315723419189,36.8570365905762,0.319744199514389,0,0,1,0,15.0746622085571
64.6269989013672,14711,0.571889996528626,379.835418701172,13.7702617645264,57.4739990234375,1.01964521408081,0,0,1,0,20.6807632446289
63.1180000305176,6030,0.623600006103516,257.753997802734,40.9865226745606,50.8955230712891,0.829187393188477,0,0,1,0,12.4918413162231
64.1620025634766,6118,0.470910012722015,281.551696777344,0,54.0536117553711,0.326904207468033,0,0,1,0,19.5018768310547
63.5610008239746,14149,0.529810011386871,415.963226318359,1.21875822544098,82.3733139038086,0.918792843818665,0,0,1,0,24.7365665435791
63.2029991149902,38714,0.564350008964539,362.6259765625,52.793628692627,70.6333618164063,1.70480966567993,0,0,1,0,21.4927387237549
67.1399993896484,3111,0.552209973335266,287.672546386719,0,61.9414978027344,0.964320182800293,0,0,1,0,16.1665344238281
63.7410011291504,2488,0.467009991407394,275.696319580078,2.95416474342346,48.4726676940918,1.60771703720093,0,0,1,0,17.1102447509766
63.2449989318848,20290,0.528699994087219,213.786544799805,7.80364084243774,44.3173980712891,0.640709698200226,0,0,1,0,15.7366018295288
63.6230010986328,5514,0.528609991073608,357.957580566406,0,73.1773681640625,0.362713098526001,0,0,1,0,21.7016716003418
64.6190032958984,4972,0.759509980678558,772.507019042969,3.26684975624084,68.9863204956055,0.804505228996277,0,0,1,0,17.1692047119141
62.3899993896484,13275,0.527220010757446,197.217239379883,6.31551551818848,36.8512229919434,0.451977401971817,0,0,1,0,12.8882026672363
68.3580017089844,13661,0.506210029125214,210.788299560547,1.51263749599457,34.9535179138184,0.658809721469879,0,0,1,0,19.9863796234131
63.2700004577637,6008,0.527419984340668,288.948791503906,0,81.1251678466797,0.665778934955597,0,0,1,0,14.0821628570557
58.560001373291,16663,0.627250015735626,334.058044433594,11.4961376190186,58.9269638061523,0.54011881351471,0,0,1,0,19.3921699523926
61.109001159668,12320,0.560660004615784,196.680480957031,23.5322303771973,22.9676475524902,0.568181812763214,0,0,1,0,7.78866577148438
63.7690010070801,10321,0.544340014457703,215.152374267578,31.2834873199463,37.2735214233398,0.872008502483368,0,0,1,0,16.1361045837402
68.1920013427734,6087,0.626559972763062,416.968231201172,0,70.5930709838867,0.492853611707687,0,0,1,0,28.4653949737549
63.8979988098145,9137,0.521650016307831,161.215667724609,0,28.9920101165772,1.20389628410339,0,0,1,0,16.1423053741455
63.1180000305176,8507,0.661909997463226,289.555114746094,5.19362640380859,38.8856239318848,0.352650761604309,0,0,1,0,8.96508407592773
65.1729965209961,5596,0.536159992218018,270.741851806641,0,42.0836296081543,0.17869907617569,0,0,1,0,13.2833194732666
66.6119995117188,127455,0.490680009126663,503.028289794922,61.5932502746582,87.8544311523438,0.70613157749176,0,0,1,0,27.7080612182617
68.1460037231445,33138,0.582809984683991,318.7529296875,42.1711845397949,48.0626487731934,0.603536725044251,0,0,1,0,15.3851881027222
64.3919982910156,24721,0.559189975261688,421.246215820313,1.53119945526123,43.5783348083496,0.444965809583664,0,0,1,0,20.8468208312988
69.1190032958984,9333,0.532419979572296,318.889862060547,0,73.4704818725586,0.642880082130432,0,0,1,0,22.9081497192383
67.1419982910156,3247,0.460260003805161,199.848297119141,12.503101348877,42.3159828186035,0.615953207015991,0,0,1,0,20.1652374267578
64.7429962158203,7943,0.532190024852753,284.586303710938,0.568026840686798,56.8550910949707,0.755382120609283,0,0,1,0,18.5132675170898
66.5770034790039,5115,0.532589972019196,289.29443359375,0.622671961784363,50.3616828918457,1.36852395534515,0,0,1,0,20.4822368621826
66.9420013427734,7095,0.494690001010895,188.472152709961,2.99708437919617,44.0674514770508,0.422832995653152,0,0,1,0,11.27073097229
69.4359970092773,47981,0.410019993782043,310.109527587891,1.00185239315033,96.3047866821289,0.312623739242554,0,0,1,0,15.7940759658813
62.7910003662109,14995,0.586239993572235,293.443969726563,40.3730697631836,54.9783248901367,0.800266742706299,0,0,1,0,10.4299030303955
67.4550018310547,6708,0.669550001621246,548.293151855469,30.2890186309815,72.7489547729492,0.298151463270187,0,0,1,0,23.3259220123291
67.9260025024414,14291,0.600510001182556,493.097534179688,16.3507633209229,69.9601135253906,0.559792876243591,0,0,1,0,24.5066242218018
67.9869995117188,14226,0.581990003585815,326.573364257813,47.8849563598633,63.4542388916016,0.913819789886475,0,0,1,0,17.0045223236084
67.2300033569336,5222,0.464810013771057,168.757385253906,2.44672846794128,18.2114124298096,0.382995009422302,0,0,1,0,14.1850233078003
67.1419982910156,4579,0.418080002069473,229.315170288086,0.748726010322571,62.240665435791,0.655164897441864,0,0,1,0,16.2853298187256
64.6259994506836,12057,0.521979987621307,300.235473632813,0,67.3716506958008,0.24881811439991,0,0,1,0,15.1261777877808
62.1839981079102,8528,0.520650029182434,203.567764282227,4.78535509109497,38.2973747253418,0.351782351732254,0,0,1,0,13.8461570739746
61.8059997558594,14021,0.579599976539612,250.969284057617,24.8536758422852,32.4941177368164,1.21246695518494,0,0,1,0,10.598614692688
63.6580009460449,64963,0.555199980735779,435.870239257813,51.4053344726563,84.0774612426758,0.215507283806801,0,0,1,0,23.6027584075928
67.5530014038086,14249,0.493449985980988,270.973236083984,0,63.4991912841797,0.771983981132507,0,0,1,0,19.4046688079834
68.6650009155274,13909,0.650080025196075,426.198120117188,1.09492766857147,73.4200897216797,0.431375354528427,0,0,1,0,18.8440647125244
68.5839996337891,19820,0.528829991817474,246.117294311523,6.67617559432983,59.5206871032715,0.605449020862579,0,0,1,0,21.1959133148193
61.2099990844727,22759,0.501160025596619,205.788436889648,15.7700080871582,45.9862022399902,1.18634390830994,0,0,1,0,10.5504875183105
64.3669967651367,10224,0.474790006875992,245.358108520508,28.4374771118164,12.4315338134766,1.27151799201965,0,0,1,0,10.896598815918
69.8610000610352,94879,0.580829977989197,498.881072998047,16.7620983123779,76.3098297119141,0.421589612960815,0,0,1,0,27.8018188476563
64.8529968261719,11912,0.591470003128052,253.099716186523,2.69795680046082,32.0768966674805,0.251846879720688,0,0,1,0,14.6763553619385
66.1949996948242,14982,0.581459999084473,239.871459960938,1.90762364864349,27.3928718566895,0.467227339744568,0,0,1,0,14.8757953643799
66.515998840332,11460,0.481040000915527,213.962280273438,0,41.4048881530762,1.30890047550201,0,0,1,0,16.158971786499
67.3889999389649,8829,0.523239970207214,305.192535400391,0.271292895078659,60.7203521728516,0.67957866191864,0,0,1,0,26.4835014343262
62.5800018310547,14146,0.576020002365112,263.192321777344,0.487460553646088,20.1046237945557,0.777604997158051,0,0,1,0,8.29165363311768
65.8079986572266,26828,0.648360013961792,411.863983154297,0.183240994811058,68.2533187866211,0.26092141866684,0,0,1,0,19.1595020294189
66.4339981079102,100249,0.556720018386841,444.634918212891,23.7476997375488,77.3484039306641,0.618460059165955,0,0,1,0,27.9925861358643
64.8310012817383,44008,0.495000004768372,388.696228027344,64.9688873291016,91.3492965698242,1.4997273683548,0,0,1,0,29.5908660888672
69.9820022583008,2662,0.536379992961884,308.837005615234,6.05230808258057,57.8512382507324,1.5026296377182,0,0,1,0,15.7956590652466
63.5839996337891,13299,0.657069981098175,439.757415771484,47.7054634094238,69.1405334472656,0.451161742210388,0,0,1,0,23.2943878173828
63.6129989624024,18872,0.512340009212494,314.563720703125,60.6833839416504,68.4930038452148,0.47689700126648,0,0,1,0,18.1697025299072
64.5110015869141,11370,0.596750020980835,313.911010742188,1.56390047073364,57.8627967834473,0.351803004741669,0,0,1,0,21.9034538269043
65.0429992675781,10212,0.558759987354279,195.664489746094,4.35769605636597,26.0184097290039,0.979240119457245,0,0,1,0,12.6452903747559
66.8460006713867,6478,0.558179974555969,372.331787109375,28.840145111084,40.1975936889648,0.617474555969238,0,0,1,0,20.2652015686035
64.1019973754883,8771,0.514649987220764,200.140808105469,0,26.1934204101563,0.684072494506836,0,0,1,0,15.159107208252
67.9670028686524,3245,0.420150011777878,196.380264282227,46.5671348571777,10.91588306427,0.308166414499283,0,0,1,0,13.2217655181885
72.495002746582,19236,0.545469999313355,246.168167114258,52.1529998779297,34.7651519775391,0.623830318450928,0,0,1,0,17.6190280914307
70.7149963378906,7181,0.48539999127388,317.823425292969,70.3269577026367,50.8285751342774,0.139256373047829,0,0,1,0,18.6847400665283
71.7369995117188,3772,0.526449978351593,311.139953613281,69.2670211791992,20.1000480651856,0.530222713947296,0,0,1,0,19.3453063964844
71.6470031738281,7133,0.576799988746643,320.833038330078,46.7665939331055,37.5438117980957,0.560773849487305,0,0,1,0,21.1770286560059
68.1039962768555,6443,0.566900014877319,219.089340209961,1.45672821998596,29.2410373687744,0.776036024093628,0,0,1,0,15.1309242248535
72.6279983520508,4611,0.373459994792938,277.429809570313,29.5273532867432,22.5981349945068,0.433745384216309,0,0,1,0,14.3438529968262
69.3789978027344,9795,0.477950006723404,332.560943603516,22.963062286377,22.312858581543,0.20418581366539,0,0,1,0,12.1657667160034
71.0879974365234,9599,0.497660011053085,235.476486206055,6.61854124069214,24.8463382720947,0.416710078716278,0,0,1,0,15.3244771957397
71.6320037841797,6268,0.487419992685318,257.386291503906,8.47571086883545,11.4245719909668,0.478621572256088,0,0,1,0,16.8140029907227
68.4589996337891,11021,0.539479970932007,165.507797241211,24.7874889373779,31.5488605499268,0.0907358676195145,0,0,1,0,14.5761919021606
72.9469985961914,3564,0.528980016708374,287.377075195313,26.2822761535645,28.9001121520996,0.280583620071411,0,0,1,0,10.7601013183594
72.5759963989258,5613,0.487919986248016,367.257049560547,12.7409744262695,17.4060211181641,0.178157851099968,0,0,1,0,18.1202716827393
67.7070007324219,7731,0.450129985809326,347.328338623047,35.2849349975586,35.4287948608398,0.388048112392426,0,0,1,0,13.1106996536255
68.0139999389649,15998,0.463059991598129,372.091674804688,63.4157562255859,85.1793975830078,0.31253907084465,0,0,1,0,18.9203662872314
69.0469970703125,48415,0.465909987688065,411.444030761719,85.4291458129883,81.5656280517578,0.950118780136108,0,0,1,0,28.8460712432861
71.0930023193359,6096,0.550509989261627,338.868133544922,44.8355369567871,31.824146270752,0.820209980010986,0,0,1,0,24.6929664611816
70.818000793457,3335,0.463160008192062,361.415802001953,2.57272386550903,45.9370307922363,0.599700152873993,0,0,1,0,27.8000259399414
69.1169967651367,6162,0.375030010938644,424.545745849609,83.5900268554688,75.2677688598633,0.324569940567017,0,0,1,0,24.1653652191162
70.7149963378906,3702,0.428880006074905,292.228881835938,73.1123428344727,26.4721775054932,0.540248513221741,0,0,1,0,20.521728515625
71.7369995117188,6066,0.484499990940094,386.043548583984,56.9330368041992,10.8968019485474,0.164853274822235,0,0,1,0,12.3225088119507
70.0469970703125,40308,0.556760013103485,890.85693359375,81.2164916992188,98.9580230712891,0.818696022033691,0,0,1,0,42.7589302062988
66.8099975585938,13231,0.413580000400543,371.951019287109,69.4514617919922,80.8102188110352,0.982541024684906,0,0,1,0,24.9542942047119
72.6900024414063,8385,0.420280009508133,394.612426757813,76.1998138427734,43.8044128417969,0.477042347192764,0,0,1,0,18.258207321167
73.9810028076172,34063,0.448940008878708,392.118316650391,63.279655456543,82.8083267211914,0.440360516309738,0,0,1,0,32.9262771606445
73.6060028076172,212025,0.48581999540329,815.029541015625,85.4987182617188,87.8797302246094,0.665015935897827,0,0,1,0,38.3980178833008
66.6419982910156,4153,0.52853000164032,296.581970214844,39.5004692077637,49.7712478637695,1.20394897460938,0,0,1,0,15.5402479171753
65.5940017700195,7253,0.484349995851517,292.16650390625,41.3946533203125,55.7975997924805,0.689369916915894,0,0,1,0,20.472053527832
72.6900024414063,4287,0.417910009622574,405.964202880859,5.73526859283447,12.1530208587647,0.233263358473778,0,0,1,0,13.1006107330322
73.0289993286133,16540,0.468639999628067,380.216705322266,81.3633193969727,67.8778686523438,0.906892359256744,0,0,1,0,31.6199245452881
70.4589996337891,57971,0.420749992132187,670.052001953125,74.5873794555664,92.0776138305664,0.862500190734863,0,0,1,0,33.3033103942871
67.4209976196289,52684,0.504310011863709,410.014221191406,29.8247356414795,82.5525741577149,0.531470656394959,0,0,1,0,27.4142799377441
70.9029998779297,7428,0.64139997959137,386.677490234375,4.90207386016846,31.7043609619141,0.403877228498459,0,0,1,0,20.541015625
66.8099975585938,25806,0.442129999399185,431.144927978516,58.6252517700195,91.2113494873047,0.503758788108826,0,0,1,0,17.5749988555908
68.0660018920899,10074,0.460770010948181,277.964721679688,59.4770774841309,57.1768913269043,0.694858074188232,0,0,1,0,18.3753681182861
65.5120010375977,12811,0.544099986553192,169.108062744141,20.8918018341064,31.1216926574707,0.390289604663849,0,0,1,0,10.5313711166382
66.1149978637695,26272,0.497750014066696,167.302124023438,36.203914642334,24.0550003051758,0.342570036649704,0,0,1,0,11.1118860244751
67.5599975585938,42811,0.520020008087158,303.779510498047,18.1220226287842,55.6585922241211,0.700754463672638,0,0,1,0,20.1052322387695
72.681999206543,8165,0.448110014200211,370.411560058594,38.5884323120117,45.6338043212891,1.59216165542603,0,0,1,0,20.5976409912109
65.379997253418,55376,0.52538001537323,310.215179443359,52.5362129211426,66.512565612793,0.722334563732147,0,0,1,0,27.1440620422363
70.818000793457,13694,0.471610009670258,383.627960205078,71.9113540649414,68.3364944458008,0.438148081302643,0,0,1,0,23.1136226654053
68.3580017089844,12180,0.50669002532959,345.517944335938,9.54594326019287,41.527889251709,0.821018040180206,0,0,1,0,23.9880542755127
65.5120010375977,8532,0.523129999637604,206.453247070313,0.423710346221924,28.0356311798096,0.117205813527107,0,0,1,0,19.7291088104248
69.322998046875,3457,0.568750023841858,214.066879272461,53.2172508239746,21.6951122283936,0.86780446767807,0,0,1,0,18.6979274749756
72.9400024414063,123050,0.524290025234222,464.791168212891,36.6418380737305,78.6273880004883,0.682649314403534,0,0,1,0,30.2488346099854
73.4560012817383,64338,0.576539993286133,508.951965332031,62.2951393127442,56.538516998291,0.885946094989777,0,0,1,0,27.4755935668945
72.4570007324219,11886,0.52581000328064,292.4873046875,6.08338499069214,32.4162864685059,0.0841325893998146,0,0,1,0,18.2918281555176
70.4240036010742,10389,0.512359976768494,550.5859375,73.0671463012695,69.9201049804688,0.288766950368881,0,0,1,0,20.477424621582
69.9899978637695,17092,0.428189992904663,335.501037597656,41.3179168701172,73.6777420043945,0.643575966358185,0,0,1,0,22.5626773834229
69.2610015869141,146320,0.507340013980866,609.236450195313,85.8426055908203,90.4271469116211,0.772279918193817,0,0,1,0,36.7290687561035
72.4570007324219,10776,0.578760027885437,313.041229248047,3.09559416770935,42.3626594543457,0.371195256710053,0,0,1,0,19.304443359375
66.7129974365234,42234,0.532010018825531,338.334197998047,53.6210632324219,77.3997268676758,1.49168920516968,0,0,1,0,27.1550579071045
72.2050018310547,17028,0.515200018882752,246.48225402832,11.9902477264404,26.0159740447998,0.587268054485321,0,0,1,0,17.9921398162842
68.9700012207031,13720,0.59197998046875,284.104797363281,36.7959098815918,38.1413993835449,0.510204076766968,0,0,1,0,16.7819538116455
68.2190017700195,3616,0.478969991207123,253.690536499023,50.4863624572754,27.1847343444824,0.276548683643341,0,0,1,0,14.3555030822754
70.0299987792969,2997,0.432009994983673,409.851745605469,28.6134510040283,45.3787117004395,0.667334020137787,0,0,1,0,20.4747047424316
70.818000793457,4626,0.544809997081757,326.835479736328,51.9853820800781,44.9632530212402,0.648508429527283,0,0,1,0,19.0492000579834
72.3870010375977,9266,0.549690008163452,359.867919921875,50.7696380615234,54.6945838928223,0.64752858877182,0,0,1,0,20.657413482666
71.2460021972656,255390,0.55716997385025,1022.81976318359,83.5459136962891,93.9723587036133,3.77853488922119,0,0,1,0,59.1394157409668
69.681999206543,14059,0.458119988441467,439.118133544922,70.1580810546875,31.4104843139648,0.49790170788765,0,0,1,0,17.8731708526611
67.4209976196289,26649,0.4932000041008,422.617950439453,60.5442047119141,73.8676910400391,0.187624305486679,0,0,1,0,28.249755859375
69.6289978027344,7069,0.488550007343292,238.566513061523,48.6667251586914,37.1622581481934,0.565850913524628,0,0,1,0,16.5229091644287
72.056999206543,9918,0.464839994907379,250.317153930664,64.5193939208984,52.2081069946289,1.31074810028076,0,0,1,0,16.8305740356445
68.0139999389649,8771,0.55102002620697,432.956237792969,66.9072723388672,67.9056015014649,0.456048339605331,0,0,1,0,18.2543849945068
69.8160018920899,35614,0.402090013027191,599.9033203125,62.6750755310059,65.6034164428711,0.252709597349167,0,0,1,0,30.1969814300537
72.1439971923828,9629,0.462309986352921,368.435516357422,6.42466402053833,77.5989227294922,0.415411770343781,0,0,1,0,24.6468353271484
71.0930023193359,5387,0.664510011672974,541.375061035156,51.69873046875,37.2749214172363,0.742528319358826,0,0,1,0,20.7453727722168
71.8889999389648,8272,0.521430015563965,358.553344726563,72.3854675292969,27.2727279663086,1.20889747142792,0,0,1,0,27.6597557067871
73.6060028076172,9905,0.330379992723465,470.647766113281,32.1651573181152,58.9702186584473,0.807672917842865,0,0,1,0,20.6167678833008
70.9789962768555,12434,0.476229995489121,236.378677368164,10.8409900665283,28.3898983001709,0.643397152423859,0,0,1,0,16.7824420928955
73.0169982910156,17640,0.394080013036728,519.140319824219,68.6743850708008,78.6507949829102,0.850340127944946,0,0,1,0,25.4094676971436
70.806999206543,4776,0.639880001544952,350.093048095703,1.14543735980988,38.421272277832,0.837520956993103,0,0,1,0,19.7083606719971
67.7149963378906,17832,0.474530011415482,405.242156982422,58.3859748840332,79.8003616333008,0.504710614681244,0,0,1,0,29.6734008789063
70.818000793457,3936,0.53031998872757,331.389434814453,58.1695442199707,25.2794723510742,0.254065036773682,0,0,1,0,16.4798221588135
71.7369995117188,13773,0.452919989824295,408.518737792969,54.9415397644043,70.1154403686524,1.4521164894104,0,0,1,0,23.1442890167236
69.7949981689453,38095,0.423500001430511,361.029144287109,80.2676239013672,71.8388214111328,0.813755095005035,0,0,1,0,18.7979602813721
72.0899963378906,9448,0.358040004968643,382.135375976563,32.8570213317871,58.2557144165039,0.317527532577515,0,0,1,0,17.7761650085449
69.5070037841797,15431,0.543060004711151,289.241058349609,46.910213470459,27.3540267944336,0.518436908721924,0,0,1,0,15.9074268341064
71.8889999389648,30942,0.559300005435944,358.892669677734,74.1481475830078,83.349494934082,0.775644779205322,0,0,1,0,33.4257965087891
69.1190032958984,4614,0.513740003108978,481.522552490234,42.7160682678223,32.3047409057617,0.650195062160492,0,0,1,0,16.8041324615479
69.8160018920899,30158,0.407449990510941,554.057067871094,70.9758071899414,93.5775680541992,0.663173973560333,0,0,1,0,25.8966159820557
69.4550018310547,4765,0.482560008764267,267.880096435547,49.0667037963867,25.4144802093506,0.419727176427841,0,0,1,0,14.9125957489014
67.5800018310547,7718,0.500360012054443,354.193115234375,4.8602876663208,28.7898426055908,0.129567250609398,0,0,1,0,20.7445373535156
69.4550018310547,7253,0.552439987659454,273.970520019531,19.5550136566162,24.8173160552979,0.551495909690857,0,0,1,0,17.9962921142578
70.3359985351563,5727,0.514509975910187,280.509552001953,1.98295831680298,19.9406318664551,0.349222987890244,0,0,1,0,15.418459892273
70.5540008544922,7600,0.532939970493317,235.620986938477,45.4135475158692,43.3026313781738,0.526315808296204,0,0,1,0,12.8465204238892
66.2070007324219,9762,0.507860004901886,230.706405639648,30.4437217712402,27.1051006317139,0.4097521007061,0,0,1,0,12.8489151000977
69.4550018310547,8426,0.498800009489059,261.126617431641,46.4090423583984,22.8103485107422,0.949442207813263,0,0,1,0,18.7589797973633
64.1800003051758,26240,0.513209998607636,224.688262939453,35.2311592102051,28.3060398101807,0.762195110321045,0,0,1,0,16.7928676605225
67.3970031738281,119631,0.490880012512207,613.457580566406,91.8762664794922,95.756950378418,0.802467584609985,0,0,1,0,34.7969398498535
66.7819976806641,12176,0.475690007209778,489.350677490234,78.9386291503906,92.3784484863281,0.65703022480011,0,0,1,0,24.7941360473633
72.2050018310547,21355,0.51952999830246,298.732269287109,25.6997680664063,25.0995082855225,0.421446979045868,0,0,1,0,26.4392127990723
65.9820022583008,4007,0.513130009174347,362.489501953125,65.8908615112305,82.5804824829102,2.49563264846802,0,0,1,0,21.9222660064697
72.8259963989258,21152,0.605960011482239,530.92431640625,47.5166549682617,46.350227355957,0.567322254180908,0,0,1,0,19.08229637146
72.2529983520508,4407,0.570689976215363,273.890441894531,61.9642944335938,26.2309970855713,0.907646954059601,0,0,1,0,20.2622528076172
68.7239990234375,11514,0.518149971961975,322.757507324219,50.9292411804199,31.283655166626,0.694806337356567,0,0,1,0,14.849612236023
70.4079971313477,18427,0.500349998474121,343.122100830078,69.1532211303711,54.8868522644043,0.434145539999008,0,0,1,0,17.8817043304443
70.6439971923828,76968,0.470169991254807,744.410400390625,81.6923904418945,81.2964935302735,0.493711680173874,0,0,1,0,36.6678352355957
73.8639984130859,28139,0.588079988956451,666.9560546875,80.0143508911133,82.4869384765625,1.17274951934814,0,0,1,0,37.5315704345703
70.6439971923828,347151,0.485630005598068,664.538513183594,86.0342102050781,96.4058837890625,1.7946081161499,0,0,1,0,38.5117950439453
68.6949996948242,4044,0.484730005264282,305.755859375,4.30789709091187,21.4144420623779,0.989119708538055,0,0,1,0,10.5553779602051
70.6009979248047,2080,0.483869999647141,353.909515380859,1.81207096576691,40.1923065185547,0.961538434028625,0,0,1,0,22.4370746612549
66.9499969482422,151235,0.56497997045517,457.024047851563,65.2594451904297,91.6591339111328,0.892650485038757,0,0,1,0,33.0619468688965
70.4079971313477,44862,0.498039990663528,303.123046875,73.3199310302734,76.1758270263672,0.557264506816864,0,0,1,0,29.1425628662109
71.7369995117188,4326,0.447450011968613,383.953155517578,59.0666046142578,52.8895034790039,0.231160432100296,0,0,1,0,23.9619216918945
69.5960006713867,13936,0.407370001077652,265.425476074219,42.7431983947754,70.3293838500977,2.22445464134216,0,0,1,0,25.4587535858154
66.4769973754883,10804,0.444319993257523,251.779434204102,18.4998035430908,40.8644943237305,0.555349886417389,0,0,1,0,15.440013885498
69.3789978027344,4268,0.405079990625381,268.175872802734,11.273738861084,11.1083402633667,0.702905356884003,0,0,1,0,11.1908349990845
69.2210006713867,5278,0.601369976997376,414.275238037109,21.1317176818848,22.2053813934326,,0,0,1,0,15.1773748397827
70.6460037231445,7578,0.563719987869263,391.422515869141,29.4885578155518,58.2871475219727,0.26392188668251,0,0,1,0,15.7702312469482
70.1689987182617,6440,0.485780000686646,496.952239990234,15.6868839263916,24.456521987915,1.08695650100708,0,0,1,0,21.8216686248779
70.427001953125,47042,0.491210013628006,349.531951904297,62.0668258666992,69.9059829711914,1.19042563438416,0,0,1,0,28.0669574737549
72.5970001220703,3785,0.407449990510941,195.424728393555,50.4488220214844,29.1677665710449,0.792602360248566,0,0,1,0,19.6953430175781
68.1859970092773,7326,0.472530007362366,214.610412597656,36.6925926208496,24.9112739562988,1.63800168037415,0,0,1,0,13.5860404968262
69.2429962158203,4642,0.396780014038086,322.024536132813,64.4019775390625,53.7914695739746,0.861697554588318,0,0,1,0,17.8849277496338
67.927001953125,24107,0.576479971408844,341.726013183594,8.91311645507813,50.5079383850098,0.456299006938934,0,0,1,0,22.7692203521729
70.6740036010742,6644,0.50967001914978,220.165985107422,13.6981897354126,23.5838088989258,0.150511741638184,0,0,1,0,15.8106317520142
73.1569976806641,11168,0.512430012226105,549.05517578125,58.0810203552246,33.1572341918945,0.268624633550644,0,0,1,0,20.8409748077393
70.0260009765625,4995,0.478280007839203,218.265441894531,25.8458614349365,37.677677154541,0.600600600242615,0,0,1,0,14.0905361175537
67.9759979248047,9755,0.571730017662048,476.137664794922,62.7349357604981,31.2352638244629,0.717580735683441,0,0,1,0,17.1614513397217
70.3359985351563,9798,0.499009996652603,233.329879760742,6.80680370330811,25.7603588104248,0.612369894981384,0,0,1,0,17.009126663208
72.2050018310547,16436,0.527390003204346,211.923400878906,13.9423685073853,27.1963977813721,0.304210275411606,0,0,1,0,17.9238777160645
65.8639984130859,8600,0.498560011386871,219.284454345703,6.89508867263794,47.9883728027344,0.581395328044891,0,0,1,0,16.5418701171875
70.338996887207,12373,0.583519995212555,550.614624023438,68.745231628418,70.7346649169922,0.969853699207306,0,0,1,0,18.3524322509766
66.9390029907227,23662,0.409999996423721,415.553436279297,77.8504333496094,86.6283493041992,0.633927822113037,0,0,1,0,27.2490406036377
70.3359985351563,3114,0.536620020866394,363.699676513672,72.684814453125,40.7963371276855,0.321130365133286,0,0,1,0,21.6789360046387
72.5970001220703,9122,0.423440009355545,421.649230957031,52.5328826904297,57.3996925354004,0.767375588417053,0,0,1,0,22.8388786315918
70.6890029907227,10376,0.483859986066818,441.797485351563,79.3623046875,44.1210479736328,0.963762521743774,0,0,1,0,26.1447887420654
72.6800003051758,20041,0.522300004959106,384.557189941406,41.4896621704102,44.4838066101074,1.24744272232056,0,0,1,0,23.5224342346191
69.322998046875,14576,0.476859986782074,393.043182373047,54.4515495300293,72.6879806518555,0.754665195941925,0,0,1,0,22.7557888031006
70.6780014038086,6977,0.475789994001389,465.390991210938,23.5970249176025,45.0351371765137,0.716640412807465,0,0,1,0,20.05686378479
71.4209976196289,68430,0.429740011692047,411.049102783203,82.1429214477539,96.1253509521485,0.321496427059174,0,0,1,0,32.9452323913574
67.5800018310547,8857,0.52564001083374,216.752532958984,40.4362525939941,30.9698543548584,0.338715136051178,0,0,1,0,16.3108692169189
70.3359985351563,17749,0.55664998292923,280.054626464844,28.2627792358398,38.6444320678711,0.225364804267883,0,0,1,0,20.107738494873
66.2259979248047,16232,0.502099990844727,245.43635559082,38.6938018798828,41.9972877502441,0.308033525943756,0,0,1,0,18.7179336547852
71.4209976196289,5530,0.430049985647202,252.017333984375,55.393009185791,50.9584083557129,1.26582276821136,0,0,1,0,15.1370458602905
72.3809967041016,5062,0.486310005187988,283.488128662109,52.5130310058594,14.7175025939941,1.18530225753784,0,0,1,0,15.7251653671265
68.5299987792969,13108,0.504140019416809,476.378753662109,82.0457763671875,80.2029266357422,0.381446450948715,0,0,1,0,19.4630317687988
69.8759994506836,3189,0.549449980258942,495.998840332031,54.107048034668,32.9883995056152,0.627155840396881,0,0,1,0,18.1898212432861
70.7149963378906,7067,0.566820025444031,309.13427734375,33.438419342041,20.1520557403564,0.141502752900124,0,0,1,0,15.4021158218384
65.5940017700195,7935,0.516260027885437,416.365783691406,69.9858245849609,68.6326370239258,0.252047896385193,0,0,1,0,25.8216114044189
70.3359985351563,10673,0.585200011730194,441.875915527344,11.1608514785767,62.7283782958984,0.374777466058731,0,0,1,0,23.2576751708984
72.2529983520508,2374,0.495810002088547,374.414459228516,29.6703319549561,33.2350463867188,1.26368999481201,0,0,1,0,28.4847679138184
70.4759979248047,4909,0.526780009269714,260.075073242188,32.1105499267578,27.2560596466064,0.814829885959625,0,0,1,0,14.8878545761108
70.7030029296875,18771,0.392230004072189,513.6748046875,72.5073318481445,73.2353134155274,0.426189333200455,0,0,1,0,23.608585357666
64.7279968261719,4752,0.597800016403198,356.171966552734,54.6468811035156,64.0782852172852,1.05218851566315,0,0,1,0,17.9690208435059
69.2490005493164,12259,0.492870002985001,247.624221801758,12.8278779983521,45.2810173034668,0.897299945354462,0,0,1,0,18.5593128204346
68.5009994506836,11689,0.472609996795654,400.587890625,80.0582046508789,94.4135513305664,0.598853647708893,0,0,1,0,19.4644165039063
70.427001953125,29883,0.485610008239746,398.845428466797,60.0662651062012,75.7554473876953,0.301174581050873,0,0,1,0,33.3565330505371
68.2190017700195,11465,0.551270008087158,299.223815917969,29.5048408508301,38.098560333252,0.523331880569458,0,0,1,0,16.2179355621338
67.0240020751953,7579,0.620850026607513,409.957733154297,59.6678733825684,43.8184471130371,0.263887047767639,0,0,1,0,16.8220653533936
70.4759979248047,1796,0.530920028686523,321.095794677734,33.8517608642578,25.7238311767578,0.556792855262756,0,0,1,0,15.4679527282715
71.8089981079102,11372,0.42195999622345,369.981597900391,75.0464248657227,55.4871597290039,0.615546941757202,0,0,1,0,25.6494007110596
71.818000793457,2775,0.345440000295639,259.644927978516,29.2247886657715,27.9639644622803,0.360360354185104,0,0,1,0,7.06718492507935
70.9359970092774,19362,0.53491997718811,237.428695678711,42.9824714660645,23.974796295166,0.464828014373779,0,0,1,0,17.9178504943848
72.9660034179688,2359,0.477050006389618,331.786041259766,27.0850257873535,39.7202186584473,1.27172529697418,0,0,1,0,22.0910205841064
72.7389984130859,5753,0.597840011119843,358.131500244141,42.4042587280273,31.9311656951904,0.347644716501236,0,0,1,0,21.9897575378418
73.2040023803711,6887,0.540880024433136,281.702484130859,33.6863670349121,26.2378387451172,0.145201101899147,0,0,1,0,16.9246921539307
70.6460037231445,6966,0.546599984169006,391.969207763672,63.1886291503906,27.7777786254883,0.143554404377937,0,0,1,0,19.5473728179932
70.818000793457,8642,0.445329993963242,399.751098632813,48.8760528564453,28.9747734069824,1.27285349369049,0,0,1,0,20.4687614440918
69.120002746582,45679,0.508960008621216,573.505737304688,78.5626220703125,93.6228866577149,0.744324505329132,0,0,1,0,35.159854888916
72.6800003051758,4174,0.519860029220581,288.864501953125,82.4847869873047,23.9578342437744,0.958313345909119,0,0,1,0,22.6951217651367
67.661003112793,28460,0.482369989156723,408.293609619141,75.5346908569336,87.0625457763672,0.702740669250488,0,0,1,0,26.2837562561035
71.3089981079102,9371,0.420340001583099,443.936492919922,96.702133178711,64.6249084472656,0.533560991287231,0,0,1,0,23.5668087005615
67.5800018310547,9419,0.578100025653839,205.651168823242,16.3066864013672,18.1972618103027,0.212336763739586,0,0,1,0,10.8283214569092
70.3249969482422,7129,0.499929994344711,317.569427490234,66.7685241699219,44.5504264831543,0.140272125601769,0,0,1,0,22.355525970459
68.3580017089844,3510,0.472519993782044,286.636016845703,48.7113876342774,60.769229888916,0.284900277853012,0,0,1,0,20.9927158355713
66.1149978637695,12611,0.53617000579834,347.363677978516,35.4592781066895,63.4128952026367,0.634366810321808,0,0,1,0,17.6030349731445
72.3809967041016,1896,0.494100004434586,288.805389404297,20.6260795593262,17.5105476379395,0.527426183223724,0,0,1,0,15.6787672042847
67.2279968261719,7227,0.512669980525971,408.014953613281,73.3436279296875,23.0662784576416,0.830219984054565,0,0,1,0,14.0328950881958
72.879997253418,13392,0.462280005216599,352.764099121094,15.9644918441772,57.5044784545899,0.224014341831207,0,0,1,0,32.1573486328125
70.7229995727539,50328,0.444150000810623,492.652374267578,79.2683334350586,89.9410934448242,0.953743457794189,0,0,1,0,27.2948608398438
72.6279983520508,3373,0.514829993247986,334.476837158203,26.2061882019043,19.4485626220703,0.296471983194351,0,0,1,0,20.1735591888428
68.8450012207031,12230,0.531080007553101,296.968475341797,31.0664615631104,40.5151252746582,0.408830732107163,0,0,1,0,22.314172744751
70.6740036010742,14093,0.584169983863831,222.450531005859,59.7164497375488,36.1952743530273,0.922443747520447,0,0,1,0,16.4619846343994
70.7310028076172,29593,0.470169991254807,404.029846191406,70.3622436523438,92.3934707641602,0.844794392585754,0,0,1,0,33.029468536377
72.0899963378906,12765,0.449470013380051,414.318725585938,61.3057594299317,64.8726959228516,0.940070509910583,0,0,1,0,23.29150390625
68.7239990234375,8985,0.501320004463196,334.290802001953,68.8491134643555,30.7846412658691,0.22259321808815,0,0,1,0,18.5494613647461
67.4309997558594,22295,0.549560010433197,330.368286132813,44.0964393615723,66.0327453613281,0.224265530705452,0,0,1,0,27.3402252197266
73.0650024414063,139493,0.499779999256134,648.586608886719,77.4736480712891,92.0297088623047,1.62015295028687,0,0,1,0,46.0282249450684
72.2050018310547,17673,0.56743997335434,307.307830810547,11.6303186416626,32.9881744384766,0.22633396089077,0,0,1,0,16.825044631958
66.7210006713867,11595,0.555819988250732,202.925857543945,8.04484272003174,15.5929279327393,0.172488138079643,0,0,1,0,11.8115653991699
70.3359985351563,23181,0.512179970741272,291.625732421875,55.3336410522461,44.1725845336914,0.301971435546875,0,0,1,0,18.4827156066895
71.4980010986328,6007,0.514729976654053,497.106658935547,58.4756240844727,49.4423179626465,0.499417334794998,0,0,1,0,25.5840530395508
72.3809967041016,3378,0.503040015697479,281.242736816406,59.7735099792481,21.4031963348389,1.18413257598877,0,0,1,0,21.7576808929443
72.4570007324219,42242,0.529209971427918,358.176055908203,16.0189723968506,60.6931495666504,0.591828048229218,0,0,1,0,26.2161769866943
72.4570007324219,9072,0.486730009317398,279.736663818359,38.0292663574219,24.7963123321533,0.661375641822815,0,0,1,0,16.5320510864258
70.6439971923828,6607,0.368440002202988,554.909912109375,61.1652793884277,53.3676414489746,0.45406386256218,0,0,1,0,24.251184463501
70.4759979248047,18093,0.524959981441498,470.768920898438,25.5103816986084,41.4915618896484,0.33161997795105,0,0,1,0,19.4764270782471
72.4570007324219,3861,0.527639985084534,247.791366577148,0.313689976930618,18.492618560791,0.518000543117523,0,0,1,0,18.6666736602783
70.8099975585938,13388,0.443580001592636,346.939117431641,58.0191841125488,65.835075378418,0.672243773937225,0,0,1,0,29.1903324127197
71.0149993896484,22253,0.444139987230301,345.191833496094,78.1834869384766,67.6987380981445,0.763941943645477,0,0,1,0,20.9120426177979
68.9970016479492,19369,0.512730002403259,389.215057373047,70.0098037719727,40.4409103393555,0.309773355722427,0,0,1,0,20.8375186920166
70.4879989624024,11833,0.555679976940155,385.402557373047,19.1393299102783,34.3034858703613,0.422547101974487,0,0,1,0,19.875825881958
71.2009963989258,19650,0.58406001329422,572.531127929688,56.7676582336426,72.9465637207031,0.763358771800995,0,0,1,0,29.2103080749512
68.7239990234375,5705,0.474469989538193,313.360137939453,56.2012023925781,23.1375980377197,0.525854527950287,0,0,1,0,14.2566299438477
70.7030029296875,23806,0.44038000702858,607.250305175781,80.4816665649414,80.4629058837891,0.378055959939957,0,0,1,0,32.4704170227051
64.1910018920899,4960,0.565379977226257,248.60627746582,5.37187433242798,19.0889282226563,0.403225809335709,0,0,1,0,12.6644878387451
64.1910018920899,15636,0.532989978790283,257.198486328125,46.7827835083008,79.879768371582,1.15118956565857,0,0,1,0,22.2009010314941
69.5070037841797,6201,0.454430013895035,293.445068359375,62.378044128418,20.0666313171387,0.806321561336517,0,0,1,0,14.0820150375366
68.3580017089844,4027,0.541190028190613,396.767059326172,27.5720882415772,44.4002990722656,0.496647626161575,0,0,1,0,24.2038669586182
71.818000793457,8389,0.503080010414124,403.919769287109,54.3714256286621,45.0590057373047,0.596018612384796,0,0,1,0,21.5872001647949
71.4980010986328,95062,0.534349977970123,499.762542724609,83.8266220092774,87.5891494750977,0.683764278888702,0,0,1,0,38.9657974243164
72.2050018310547,5546,0.506569981575012,255.644744873047,60.1855392456055,18.8784713745117,0.360620260238647,0,0,1,0,21.9265537261963
69.9670028686523,12494,0.626129984855652,588.985900878906,59.589054107666,37.5780372619629,1.52072989940643,0,0,1,0,22.7091693878174
72.4570007324219,7234,0.561010003089905,304.042663574219,37.9699401855469,9.6221342086792,0.414708316326141,0,0,1,0,13.3664245605469
69.5100021362305,11506,0.611970007419586,325.913513183594,39.8933753967285,47.9836616516113,0.434555888175964,0,0,1,0,23.5684623718262
69.5100021362305,2474,0.539409995079041,297.728240966797,22.3391399383545,47.9789810180664,1.21261119842529,0,0,1,0,23.3987731933594
73,29882,0.45346999168396,461.653076171875,88.675178527832,64.2627639770508,0.702764213085175,0,0,1,0,28.1974658966064
71.4309997558594,2784,0.605840027332306,419.758575439453,1.3282173871994,39.6192512512207,0.718390822410584,0,0,1,0,24.6951541900635
69.1190032958984,7587,0.432429999113083,267.151885986328,31.1541252136231,18.6766834259033,0.131804406642914,0,0,1,0,9.64545345306396
72.5810012817383,35922,0.52266001701355,559.249450683594,67.006103515625,75.8142623901367,0.445409506559372,0,0,1,0,31.1343841552734
71.068000793457,6203,0.547510027885437,302.215545654297,36.1444664001465,7.0572075843811,0.806061565876007,0,0,1,0,10.0511054992676
71.818000793457,3649,0.428310006856918,255.113006591797,56.9428176879883,13.3461217880249,0.274047672748566,0,0,1,0,12.5668859481812
68.6500015258789,37638,0.6598100066185,558.585632324219,29.6717014312744,73.7711868286133,0.876773476600647,0,0,1,0,29.4978790283203
70.4759979248047,4961,0.697589993476868,660.658020019531,51.1445083618164,17.8189888000488,0.403144538402557,0,0,1,0,13.8357820510864
69.6289978027344,21298,0.508539974689484,290.33349609375,50.3719520568848,49.3050994873047,0.187811061739922,0,0,1,0,23.601749420166
71.75,4082,0.602439999580383,292.894927978516,2.4646487236023,19.3287601470947,0.734933853149414,0,0,1,0,13.6921367645264
68.536003112793,16718,0.596449971199036,463.770141601563,39.9400978088379,20.4031581878662,0.598157703876495,0,0,1,0,15.7811040878296
68.1999969482422,11059,0.650370001792908,399.595489501953,1.64560341835022,31.1923580169678,0.361696362495422,0,0,1,0,19.5010566711426
68.0709991455078,10379,0.507000029087067,213.805908203125,1.07318663597107,12.843240737915,0.192696794867516,0,0,1,0,13.5177984237671
66.1790008544922,78918,0.614310026168823,512.090515136719,75.5445175170899,86.4074096679688,0.810968339443207,0,0,1,0,30.3757266998291
68.1999969482422,6247,0.562460005283356,235.538787841797,0,21.6904106140137,0.480230510234833,0,0,1,0,11.1932535171509
65.6190032958984,13567,0.508040010929108,149.545120239258,11.7549028396606,16.5671920776367,0.221124783158302,0,0,1,0,8.68424224853516
69.0390014648438,2139,0.643909990787506,405.646240234375,33.3878936767578,29.3250293731689,0.467508167028427,0,0,1,0,21.3809947967529
67.0709991455078,142046,0.404520004987717,371.590911865234,79.3142471313477,99.871452331543,0.739197134971619,0,0,1,0,22.9645233154297
66.161003112793,5917,0.585030019283295,313.457885742188,2.76694345474243,12.3204326629639,0.676018238067627,0,0,1,0,7.77966356277466
71.7959976196289,1047,0.482719987630844,372.7333984375,28.7296752929688,27.9847183227539,0.955109834671021,0,0,1,0,18.2330627441406
71.7959976196289,6947,0.591220021247864,467.641937255859,11.720461845398,19.1666736602783,0.43184107542038,0,0,1,0,14.58948802948
71.6080017089844,10989,0.611989974975586,697.453063964844,63.3951034545899,57.5120582580566,0.637000620365143,0,0,1,0,25.1009292602539
72.2220001220703,10714,0.505050003528595,312.600219726563,9.83864116668701,22.8579425811768,0.093335822224617,0,0,1,0,13.8639497756958
73.0469970703125,19072,0.468650013208389,442.735687255859,40.4613494873047,52.9257545471192,0.576761722564697,0,0,1,0,21.1329650878906
72.4359970092774,3031,0.523150026798248,492.93408203125,16.2430305480957,94.3582992553711,2.3094687461853,0,0,1,0,15.2839078903198
67.2799987792969,11824,0.515370011329651,300.476287841797,69.8322906494141,89.7327499389649,,0,0,1,0,19.8810787200928
66.5299987792969,15581,0.521539986133575,253.630096435547,14.1466302871704,24.9085426330566,0.385084390640259,0,0,1,0,13.1899366378784
65.8889999389649,18150,0.552339971065521,361.558837890625,80.6233062744141,74.3746566772461,0.110192835330963,0,0,1,0,19.577808380127
73.4919967651367,12636,0.543470025062561,387.961364746094,22.2237739562988,35.1456146240234,0.158277928829193,0,0,1,0,14.2615194320679
67.9250030517578,8615,0.659860014915466,444.182220458984,3.91857433319092,31.4219379425049,0.232153221964836,0,0,1,0,18.2971706390381
67.3199996948242,7423,0.590719997882843,279.705474853516,6.62230014801025,17.4457759857178,0.269432842731476,0,0,1,0,10.6773796081543
69.9100036621094,118967,0.584140002727509,474.366912841797,63.6838989257813,77.6422119140625,0.916220486164093,0,0,1,0,33.1626510620117
68.3040008544922,6835,0.433479994535446,309.031646728516,16.7478828430176,14.2062911987305,0.146305784583092,0,0,1,0,14.603533744812
67.6070022583008,7370,0.518159985542297,285.054565429688,14.926118850708,30.9362277984619,0.135685205459595,0,0,1,0,16.1259212493897
62.6189994812012,6233,0.582729995250702,253.00341796875,35.8378067016602,35.0232620239258,0.320872783660889,0,0,1,0,14.9049205780029
67.75,11775,0.533900022506714,433.494873046875,76.326301574707,59.1422500610352,0.339702755212784,0,0,1,0,17.863842010498
61.0719985961914,13271,0.488009989261627,251.590728759766,1.24917697906494,18.280460357666,0.150704547762871,0,0,1,0,10.3147268295288
72.2050018310547,78643,0.511269986629486,733.728088378906,67.0289688110352,83.6120223999023,0.584921717643738,0,0,1,0,32.1889839172363
71.8610000610352,9086,0.45634999871254,267.312713623047,0.136382400989532,34.4265899658203,,0,0,1,0,19.791259765625
64.8089981079102,16190,0.581939995288849,315.437530517578,37.3753433227539,56.8190231323242,0.247066095471382,0,0,1,0,17.7760543823242
70.677001953125,7471,0.397549986839294,477.944732666016,88.8317108154297,45.0542106628418,0.535403549671173,0,0,1,0,22.7551403045654
67.4700012207031,11470,0.486009985208511,397.739959716797,34.5005264282227,60.668155670166,0.261551886796951,0,0,1,0,15.6218681335449
66.1589965820313,7359,0.475930005311966,391.093383789063,40.8202285766602,15.8717212677002,0.135888025164604,0,0,1,0,13.2966156005859
67.5299987792969,7934,0.57600998878479,272.955810546875,0.507247149944305,47.1262931823731,0.126039832830429,0,0,1,0,17.2422466278076
62.3950004577637,4924,0.53982001543045,161.425064086914,1.63499772548676,34.5918197631836,0.406173855066299,0,0,1,0,12.7246255874634
73.1439971923828,6066,0.437180012464523,353.155578613281,73.8357238769531,20.4088363647461,,0,0,1,0,9.98442935943604
67.2600021362305,25534,0.479779988527298,311.235748291016,67.4126052856445,92.4727783203125,0.156653866171837,0,0,1,0,16.593656539917
66.161003112793,34618,0.542119979858398,364.101745605469,54.7340774536133,58.7815589904785,0.635507524013519,0,0,1,0,22.0531711578369
65.2559967041016,15834,0.586969971656799,329.317993164063,54.4492607116699,80.5418701171875,0.631552338600159,0,0,1,0,23.7620620727539
67.9000015258789,89148,0.655430018901825,528.885864257813,25.4823055267334,80.1840667724609,0.639386177062988,0,0,1,0,26.4854774475098
67.3000030517578,88195,0.467990010976791,513.582641601563,90.2428207397461,99.7233428955078,0.963773429393768,0,0,1,0,30.5464973449707
62.5499992370606,5704,0.591430008411408,222.280654907227,21.2461910247803,25.3144454956055,0.175315573811531,0,0,1,0,17.5419921875
68.6829986572266,7830,0.651549994945526,298.271789550781,0.648899018764496,34.0996170043945,1.53256702423096,0,0,1,0,18.5484771728516
70.681999206543,6202,0.631879985332489,321.414764404297,31.414098739624,19.9290542602539,0.161238312721252,0,0,1,0,15.9768266677856
66.3379974365234,61704,0.555299997329712,410.251495361328,69.1531143188477,64.4721374511719,0.275508880615234,0,0,1,0,17.1400012969971
73.4889984130859,2526,0.581399977207184,440.451934814453,0.962793707847595,24.4360427856445,0.395882815122604,0,0,1,0,13.4725160598755
63.9959983825684,7092,0.506079971790314,332.136901855469,30.6451320648193,32.1630020141602,0.846023678779602,0,0,1,0,17.5197410583496
64.1809997558594,8056,0.517979979515076,229.591949462891,4.83352899551392,25.3972187042236,0.248262166976929,0,0,1,0,22.1762294769287
68.6110000610352,8554,0.545910000801086,359.183441162109,28.6375255584717,40.3203163146973,0.584521889686585,0,0,1,0,17.7381229400635
72.8089981079102,47876,0.475780010223389,550.155700683594,87.5383758544922,97.0862197875977,0.522182285785675,0,0,1,0,22.6148700714111
64.7350006103516,9410,0.568509995937347,247.551223754883,0.449375301599503,57.2157287597656,,0,0,1,0,23.0085277557373
67.8399963378906,3868,0.542599976062775,224.252746582031,9.68803787231445,51.9648399353027,0.517063081264496,0,0,1,0,13.0563650131226
66.9729995727539,28012,0.550450026988983,310.599090576172,46.738639831543,38.8333587646484,0.428387820720673,0,0,1,0,14.5820903778076
71.0579986572266,7454,0.50068998336792,246.837890625,30.8276748657227,20.0965919494629,0.670780777931213,0,0,1,0,20.2700634002686
74.2710037231445,24801,0.494379997253418,458.563903808594,67.7656707763672,95.0848770141602,0.564493358135223,0,0,1,0,23.1791667938232
66.5540008544922,50367,0.604629993438721,282.4609375,23.7583446502686,27.4207324981689,0.0397085398435593,0,0,1,0,10.5761404037476
67.7239990234375,279127,0.49889999628067,575.144775390625,84.9437713623047,96.9709091186524,0.566050589084625,0,0,1,0,32.0427894592285
69.6449966430664,24755,0.521849989891052,485.334106445313,86.2545776367188,99.2203598022461,0.605938196182251,0,0,1,0,22.0093593597412
70.9150009155274,18894,0.445740014314652,260.717803955078,66.6336975097656,85.7097473144531,1.16439080238342,0,0,1,0,14.3543844223022
66.9130020141602,7476,0.414339989423752,344.047546386719,64.4160537719727,64.3793487548828,0.267522752285004,0,0,1,0,11.4417667388916
66.0759963989258,58767,0.56784999370575,470.805450439453,7.1266975402832,86.3981094360352,0.442425161600113,0,0,1,0,30.3814334869385
69.5670013427734,15921,0.448859989643097,693.894653320313,53.333683013916,65.2911224365234,0.125620245933533,0,0,1,0,24.2798099517822
72.1139984130859,10232,0.564639985561371,390.872314453125,5.42035865783691,31.4796714782715,0.684128224849701,0,0,1,0,22.5899200439453
66.286003112793,2867,0.557810008525848,255.431411743164,12.1931371688843,26.6131839752197,0.348796665668488,0,0,1,0,12.0174560546875
70.2570037841797,10988,0.6076700091362,459.70751953125,3.1809389591217,53.6494369506836,0.182016745209694,0,0,1,0,24.4573192596436
70.3430023193359,290925,0.481660008430481,824.582580566406,82.3729934692383,91.0114288330078,0.615278840065002,0,0,1,0,35.3081359863281
69.3349990844727,3901,0.572920024394989,248.949188232422,0,22.2250709533691,1.0253781080246,0,0,1,0,11.077241897583
68.7509994506836,2973,0.565209984779358,150.021026611328,30.1638164520264,14.631685256958,1.00908172130585,0,0,1,0,9.76385879516602
67.0319976806641,8023,0.561559975147247,366.492340087891,11.242094039917,7.70285415649414,0.249283313751221,0,0,1,0,9.61537647247314
71.0110015869141,18901,0.54966002702713,340.431793212891,35.7171936035156,53.7273178100586,0.264536261558533,0,0,1,0,26.4446697235107
70.8990020751953,10538,0.607469975948334,373.919311523438,67.7458419799805,39.9019012451172,0.189789339900017,0,0,1,0,17.1765823364258
71.8320007324219,24756,0.518519997596741,389.832244873047,81.9041900634766,98.35595703125,1.41379868984222,0,0,1,0,25.6949462890625
68.1999969482422,6670,0.614340007305145,301.226531982422,58.3744735717774,51.1844062805176,1.79910039901733,0,0,1,0,15.7636995315552
66.4739990234375,8967,0.490810006856918,389.131408691406,53.7462272644043,85.1901397705078,0.780640125274658,0,0,1,0,19.7234745025635
66.9769973754883,7154,0.528190016746521,256.914794921875,0.284564644098282,28.5015373229981,0.279563874006271,0,0,1,0,16.2121486663818
68.6050033569336,4395,0.676840007305145,761.216735839844,0,29.8293514251709,0.682593882083893,0,0,1,0,20.5430870056152
70.7229995727539,6421,0.51936000585556,330.114532470703,0.801295340061188,42.0650978088379,0.778694927692413,0,0,1,0,14.2788047790527
71.7220001220703,15063,0.57872998714447,284.187530517578,0.658779442310333,33.1341705322266,0.066387839615345,0,0,1,0,15.7451839447021
70.7229995727539,9598,0.584949970245361,261.588165283203,0.18894162774086,44.9885406494141,0.312565118074417,0,0,1,0,15.8353090286255
73.6650009155274,4159,0.437029987573624,477.669586181641,29.2547035217285,30.6083202362061,0.240442410111427,0,0,1,0,15.83327293396
70.2269973754883,18183,0.58788001537323,305.751739501953,1.82888734340668,35.6761817932129,,0,0,1,0,17.5920066833496
71.2519989013672,6075,0.662360012531281,481.908721923828,40.1232795715332,43.5720176696777,0.329218119382858,0,0,1,0,13.4090366363525
69.0390014648438,68793,0.592769980430603,504.428161621094,22.4277896881104,90.8377304077148,0.87218177318573,0,0,1,0,32.3448448181152
68.9469985961914,10798,0.465810000896454,399.658264160156,55.868595123291,43.7951469421387,0.092609740793705,0,0,1,0,18.8689308166504
70.1309967041016,5093,0.556529998779297,307.675598144531,4.02142286300659,20.0471229553223,0.392695844173431,0,0,1,0,16.940450668335
63.1510009765625,3978,0.503880023956299,165.643051147461,0,10.3183746337891,0.251382619142532,0,0,1,0,10.6005268096924
69.806999206543,18951,0.423880010843277,528.216735839844,67.1299057006836,94.195556640625,0.844282627105713,0,0,1,0,21.6671028137207
73.4919967651367,5615,0.671400010585785,558.068969726563,1.70449411869049,22.8495101928711,0.356188774108887,0,0,1,0,16.3046474456787
62.6990013122559,12407,0.511170029640198,272.811309814453,2.22542428970337,13.7986621856689,0.402998298406601,0,0,1,0,6.65182161331177
64.6880035400391,38054,0.576240003108978,398.239196777344,64.0467300415039,84.7231826782227,0.656961143016815,0,0,1,0,26.8296298980713
67.0289993286133,3586,0.590290009975433,423.734405517578,52.4522933959961,54.2387046813965,0.836586713790894,0,0,1,0,19.7001514434814
68.2710037231445,7208,0.533670008182526,272.827117919922,45.328125,32.6442832946777,0.832408428192139,0,0,1,0,20.7641887664795
69.7389984130859,17703,0.513849973678589,414.208374023437,55.2930145263672,70.4965286254883,,0,0,1,0,20.5371913909912
71.3190002441406,18156,0.52810001373291,601.347412109375,64.1505432128906,74.1407775878906,0.220312848687172,0,0,1,0,26.4955310821533
66.6630020141602,21479,0.56427001953125,321.728698730469,43.9205513000488,48.2238464355469,0.0931142047047615,0,0,1,0,14.1712322235107
69.713996887207,9955,0.575959980487824,292.935485839844,53.244083404541,37.1371154785156,,0,0,1,0,16.3111114501953
64.8779983520508,4041,0.623809993267059,271.015411376953,32.1280403137207,40.3118057250977,0.247463494539261,0,0,1,0,16.5641841888428
69.2070007324219,3209,0.448760002851486,292.883361816406,2.97436809539795,63.2595825195313,0.934870660305023,0,0,1,0,18.1117191314697
69.7249984741211,72318,0.552709996700287,610.762268066406,50.1504440307617,86.2537689208985,0.207417234778404,0,0,1,0,31.2396335601807
70.5930023193359,3849,0.537469983100891,285.353485107422,0,19.5300579071045,1.03923094272614,0,0,1,0,18.6354999542236
69.8970031738281,7169,0.553919970989227,309.462646484375,46.2660903930664,51.5413589477539,,0,0,1,0,12.5221128463745
62.443000793457,7272,0.653039991855621,245.966537475586,0.283822923898697,26.540153503418,0.275027513504028,0,0,1,0,7.99788999557495
71.7220001220703,13021,0.592019975185394,226.863906860352,19.7194347381592,24.5680046081543,0.691191136837006,0,0,1,0,12.8746204376221
70.8550033569336,5800,0.517530024051666,211.551116943359,31.5226192474365,35.0862083435059,0.172413796186447,0,0,1,0,14.0537519454956
67.2959976196289,17010,0.714349985122681,466.506164550781,11.1145782470703,53.9271011352539,0.470311582088471,0,0,1,0,18.9373416900635
69.8639984130859,5531,0.527909994125366,374.009643554688,14.1062278747559,78.7922592163086,0.180799126625061,0,0,1,0,25.6104106903076
67.4209976196289,28190,0.46959999203682,608.233215332031,87.506462097168,94.7605514526367,0.780418574810028,0,0,1,0,25.3941516876221
67.0709991455078,70547,0.489459991455078,595.784423828125,85.2899856567383,99.8972930908203,1.81439328193665,0,0,1,0,35.8237800598145
70.0319976806641,26686,0.487580001354218,538.17138671875,61.6210098266602,73.5779037475586,0.449673980474472,0,0,1,0,28.6713218688965
62.3440017700195,3541,0.608060002326965,296.474822998047,38.8634910583496,26.2355270385742,1.12962436676025,0,0,1,0,15.8549537658691
72.427001953125,2553,0.541630029678345,451.876831054688,18.2549438476563,30.2389354705811,0.783392071723938,0,0,1,0,13.0319223403931
71.306999206543,45364,0.452710002660751,722.102722167969,60.5352249145508,68.6381912231445,0.308614760637283,0,0,1,0,26.1122207641602
69.0830001831055,9084,0.534280002117157,364.420288085938,45.918327331543,50.759578704834,0.330250978469849,0,0,1,0,25.5734996795654
60.2070007324219,3085,0.535939991474152,219.313415527344,1.17341363430023,8.07702541351318,,0,0,1,0,15.8555507659912
73.2360000610352,15565,0.558369994163513,536.454528808594,22.9229354858398,53.7230949401856,0.321233540773392,0,0,1,0,20.746898651123
70.6800003051758,19869,0.49549001455307,601.83984375,51.9132423400879,43.7918357849121,0.301977962255478,0,0,1,0,21.3653583526611
69.995002746582,12092,0.509909987449646,202.034912109375,2.83673930168152,15.8378248214722,0.0826993063092232,0,0,1,0,8.80099773406982
68.4729995727539,7696,0.699069976806641,354.85400390625,27.818058013916,25.0519752502441,0.649688124656677,0,0,1,0,16.5077533721924
64.4079971313477,4660,0.723360002040863,501.676300048828,0,43.3476409912109,1.28755366802216,0,0,1,0,19.9328746795654
69.9229965209961,24935,0.609690010547638,446.247222900391,37.6532096862793,59.2179679870606,0.320834159851074,0,0,1,0,28.4791774749756
69.5670013427734,25926,0.538950026035309,631.481506347656,44.6207542419434,62.4508209228516,0.424284487962723,0,0,1,0,26.4244117736816
73.0169982910156,6499,0.516550004482269,328.599822998047,10.7017393112183,41.1601791381836,0.307739645242691,0,0,1,0,21.6378078460693
66.3730010986328,11548,0.56580001115799,325.593353271484,48.9588127136231,42.5181846618652,0.0865950807929039,0,0,1,0,15.5854539871216
67.6220016479492,20042,0.544269979000092,370.141174316406,33.585620880127,65.2136917114258,0.299371331930161,0,0,1,0,24.8451728820801
66.0550003051758,26828,0.57380998134613,289.367553710938,3.87720155715942,49.9068145751953,0.59639185667038,0,0,1,0,18.5521411895752
69.4349975585938,4587,0.513960003852844,324.331268310547,71.5274200439453,13.7780685424805,0.872029662132263,0,0,1,0,10.7819910049438
74.0169982910156,22095,0.49906998872757,582.695007324219,83.0585327148438,81.1043243408203,0.181036427617073,0,0,1,0,24.7027969360352
71.5350036621094,181035,0.440739989280701,460.456207275391,77.4488220214844,92.7439422607422,0.541331768035889,0,0,1,0,29.6234378814697
71.7959976196289,1737,0.526000022888184,342.769561767578,21.5378932952881,33.3909034729004,,0,0,1,0,14.52512550354
70.9179992675781,83102,0.477829992771149,444.037872314453,85.5632934570313,88.7800521850586,0.361002147197723,0,0,1,0,26.6450252532959
68.4560012817383,19825,0.507939994335175,476.93798828125,65.7419586181641,70.7591400146484,1.3619167804718,0,0,1,0,24.2286510467529
69.5370025634766,11500,0.5,271.824340820313,3.36506199836731,41.7217407226563,0.347826093435288,0,0,1,0,17.9442882537842
67.5189971923828,3074,0.495680004358292,552.153747558594,48.3030700683594,35.8815879821777,1.30123615264893,0,0,1,0,24.9802494049072
71.8610000610352,17023,0.570620000362396,446.921478271484,4.71592998504639,73.2773284912109,0.234976202249527,0,0,1,0,30.9379501342773
70.7009963989258,6030,0.564740002155304,329.597991943359,1.57372188568115,44.6931991577149,,0,0,1,0,24.7253170013428
63.8380012512207,5111,0.549889981746674,325.862823486328,0,14.5568380355835,0.195656433701515,0,0,1,0,9.82185649871826
70.4980010986328,5893,0.54720002412796,316.284301757813,6.42636919021606,39.5893440246582,0.169692859053612,0,0,1,0,16.3335056304932
69.0410003662109,7806,0.620119988918304,415.138977050781,45.8362998962402,29.4132709503174,0.768639504909515,0,0,1,0,17.2684307098389
65.0120010375977,5897,0.543410003185272,251.101486206055,0.347610265016556,26.3862972259522,0.339155495166779,0,0,1,0,11.1277980804443
67.2959976196289,17816,0.590139985084534,506.775207519531,0.379261344671249,65.4573745727539,1.34710371494293,0,0,1,0,19.6820373535156
74.0380020141602,20514,0.420639991760254,514.10791015625,83.4296569824219,92.6050491333008,0.0487471967935562,0,0,1,0,17.9639987945557
68.1999969482422,75157,0.567839980125427,478.776184082031,47.801929473877,80.9650650024414,0.452386349439621,0,0,1,0,30.7800827026367
70.3320007324219,3860,0.449299991130829,309.105743408203,18.2731628417969,32.3834190368652,0.518134713172913,0,0,1,0,14.7604894638062
69.6449966430664,7352,0.457650005817413,496.458984375,56.1212921142578,99.172119140625,1.632208943367,0,0,1,0,26.5949668884277
73,3961,0.599110007286072,511.515930175781,6.51573848724365,25.2713966369629,,0,0,1,0,14.7467002868652
69.6940002441406,7491,0.552020013332367,258.466003417969,0,43.2118530273438,0.53397411108017,0,0,1,0,19.1872501373291
69.6389999389649,5718,0.666329979896545,575.988159179688,1.80948340892792,31.759355545044,0.174886330962181,0,0,1,0,16.723949432373
74.0419998168945,2348,0.560060024261475,380.187805175781,6.51273488998413,24.1056213378906,0.425894379615784,0,0,1,0,16.1354598999023
65.4560012817383,11583,0.586749970912933,335.690673828125,24.8518333435059,48.1481475830078,0.17266683280468,0,0,1,0,20.2051639556885
66.5950012207031,3370,0.660309970378876,344.537353515625,0.853731989860535,25.964391708374,0.593471825122833,0,0,1,0,12.7753000259399
70.2590026855469,40057,0.603330016136169,375.578796386719,47.9003639221191,78.953987121582,0.848790466785431,0,0,1,0,24.8356056213379
69.9739990234375,6657,0.479649990797043,167.992492675781,1.34998071193695,22.878173828125,0.60087126493454,0,0,1,0,9.61712741851807
70.609001159668,2563,0.538900017738342,311.033111572266,62.552547454834,23.253999710083,0.390167772769928,0,0,1,0,18.6213512420654
73.6630020141602,16326,0.467440009117127,557.327819824219,59.5533447265625,56.3579559326172,0.0612519904971123,0,0,1,0,20.1556262969971
69.4810028076172,5748,0.61777001619339,196.247695922852,0,20.5810718536377,0.173973560333252,0,0,1,0,10.8305521011353
72.2220001220703,6307,0.535160005092621,272.362701416016,2.36250281333923,28.9519577026367,0.475661963224411,0,0,1,0,15.3089971542358
64.0599975585938,27755,0.568759977817535,430.695343017578,77.5750274658203,82.7274398803711,0.684561312198639,0,0,1,0,26.0722904205322
70.1389999389649,12749,0.64139997959137,389.882202148438,34.7343215942383,48.6783294677734,0.470625132322311,0,0,1,0,21.1469268798828
63.9959983825684,4053,0.420399993658066,216.710479736328,28.1312828063965,35.7759666442871,0.493461638689041,0,0,1,0,12.3955192565918
66.1640014648438,7507,0.572459995746613,268.663269042969,4.11764621734619,21.100305557251,0.266418009996414,0,0,1,0,16.0475425720215
70.9300003051758,25133,0.664969980716705,419.074432373047,40.4863052368164,66.8045959472656,0.716189861297607,0,0,1,0,21.9866905212402
58.1510009765625,6037,0.497189998626709,157.024459838867,0,13.6160345077515,,0,0,1,0,4.99365758895874
65.6999969482422,28733,0.544200003147125,353.679290771484,52.7334060668945,70.9985046386719,0.765670120716095,0,0,1,0,25.2099761962891
66.6360015869141,63944,0.524529993534088,597.418884277344,59.35400390625,74.792724609375,0.156386837363243,0,0,1,0,27.8004207611084
65.1340026855469,8830,0.638870000839233,466.015960693359,39.5174140930176,54.496036529541,0.906002283096313,0,0,1,0,21.8904724121094
67.302001953125,8662,0.545700013637543,156.198013305664,26.949649810791,15.7363128662109,0.115446776151657,0,0,1,0,11.7948789596558
60.9879989624024,7338,0.569700002670288,260.849182128906,34.8503150939941,35.936222076416,0.272553831338882,0,0,1,0,14.9927358627319
71.931999206543,25167,0.563059985637665,496.984313964844,42.9981803894043,62.9832725524902,0.794691443443298,0,0,1,0,20.4636154174805
70.7880020141602,7080,0.613430023193359,373.573822021484,28.810230255127,42.7683601379395,0.141242936253548,0,0,1,0,17.400089263916
70.7880020141602,2997,0.580320000648499,427.007232666016,6.89141273498535,28.2949619293213,0.333667010068893,0,0,1,0,14.7925415039063
70.1389999389649,5578,0.652459979057312,330.466918945313,45.044059753418,39.4227333068848,0.358551442623138,0,0,1,0,14.5702180862427
64.4609985351563,6633,0.614989995956421,339.51806640625,2.86877965927124,38.5248374938965,,0,0,1,0,14.6387710571289
64.7770004272461,5999,0.665600001811981,208.986602783203,0,31.8553085327148,,0,0,1,0,11.2192602157593
71.7959976196289,1786,0.563319981098175,434.100921630859,11.6297941207886,21.500560760498,,0,0,1,0,10.4281883239746
69.5329971313477,49099,0.530600011348724,562.182800292969,74.9703369140625,75.1889038085938,0.44807431101799,0,0,1,0,25.9921321868897
69.1539993286133,6070,0.548189997673035,287.195739746094,11.2134275436401,33.7397041320801,,0,0,1,0,10.4152498245239
72.8050003051758,9089,0.631489992141724,460.566101074219,38.2623863220215,47.4309616088867,0.550115525722504,0,0,1,0,13.1340208053589
72.5950012207031,7127,0.477770000696182,452.458587646484,55.5895538330078,50.4279518127441,0.561245977878571,0,0,1,0,18.3625469207764
74.3320007324219,14028,0.602739989757538,538.809936523438,6.32027912139893,72.7544937133789,0.855431973934174,0,0,1,0,27.4601497650147
61.9869995117188,20929,0.639800012111664,256.345336914063,0.866253614425659,36.2816047668457,0.095561183989048,0,0,1,0,13.9197034835815
69.8710021972656,2653,0.675859987735748,507.061645507813,0,18.2434978485107,0.37693178653717,0,0,1,0,12.468994140625
67.3649978637695,2868,0.474119991064072,550.718139648438,43.5171737670898,49.1550674438477,0.697350084781647,0,0,1,0,23.9636688232422
73.4919967651367,6762,0.486400008201599,511.296295166016,39.0359115600586,40.8606910705566,0.29577049612999,0,0,1,0,20.9774322509766
72.9800033569336,5174,0.555840015411377,399.143035888672,2.4882824420929,24.0239658355713,0.38654813170433,0,0,1,0,13.2177562713623
72.1890029907227,3589,0.62338000535965,375.790557861328,7.79955005645752,48.9830055236816,0.278629153966904,0,0,1,0,17.9971179962158
67.4209976196289,10013,0.356440007686615,408.693511962891,84.2400207519531,80.6102142333984,0.399480670690537,0,0,1,0,12.4455471038818
70.609001159668,7656,0.556739985942841,339.990783691406,30.5587368011475,27.2335414886475,0.653082549571991,0,0,1,0,17.7939949035645
74.3030014038086,16767,0.525059998035431,621.938903808594,74.259033203125,49.7584533691406,0.238563850522041,0,0,1,0,23.9028263092041
71.7959976196289,15076,0.510559976100922,557.362976074219,68.8072509765625,69.3022003173828,0.198991775512695,0,0,1,0,31.3426551818848
67.7839965820313,2959,0.516799986362457,475.173004150391,56.4834327697754,29.1652584075928,1.01385605335236,0,0,1,0,17.7721424102783
68.9349975585938,205668,0.529449999332428,695.583618164063,81.150260925293,97.9237060546875,0.38411420583725,0,0,1,0,26.6038303375244
72.6100006103516,36857,0.572489976882935,530.504333496094,78.5451278686524,71.4789581298828,0.488373994827271,0,0,1,0,27.3905353546143
70.8929977416992,5395,0.583180010318756,228.926452636719,16.8672828674316,37.7201118469238,0.185356810688972,0,0,1,0,17.5530529022217
72.8050003051758,11248,0.648370027542114,522.230895996094,79.5611038208008,65.6472244262695,0.622332870960236,0,0,1,0,17.6462707519531
70.8990020751953,52968,0.637969970703125,334.33837890625,36.1984100341797,57.004322052002,0.471983075141907,0,0,1,0,18.9123229980469
67.302001953125,11669,0.647499978542328,211.755966186523,12.9137535095215,14.5770845413208,0.25709143280983,0,0,1,0,12.6354312896729
70.7229995727539,29379,0.510559976100922,384.395782470703,35.1145820617676,81.9939422607422,0.476530849933624,0,0,1,0,24.3116455078125
66.7789993286133,10017,0.574029982089996,329.778900146484,54.3075714111328,78.8259963989258,0.299490869045258,0,0,1,0,18.092155456543
73.4919967651367,5110,0.494370013475418,552.826293945313,34.3998947143555,25.7534255981445,0.391389429569244,0,0,1,0,24.5389213562012
64.6910018920899,6565,0.562370002269745,387.909271240234,4.95606660842896,15.8263521194458,0.152322918176651,0,0,1,0,11.884105682373
67.5699996948242,31995,0.374460011720657,444.788940429688,56.4027862548828,96.1744003295899,0.25003907084465,0,0,1,0,13.5923147201538
66.286003112793,147318,0.562250018119812,593.861083984375,21.1532726287842,93.1915969848633,0.651651501655579,0,0,1,0,38.7287063598633
72.7979965209961,7202,0.461879998445511,281.810211181641,17.9582653045654,26.2982501983643,0.138850316405296,0,0,1,0,8.11672592163086
66.5540008544922,14862,0.585709989070892,379.851776123047,53.1541442871094,71.955322265625,0.470999866724014,0,0,1,0,19.7809162139893
68.1999969482422,4039,0.817470014095306,820.597473144531,11.8098821640015,54.7165145874024,1.48551619052887,0,0,1,0,20.9485912322998
69.1539993286133,291100,0.589470028877258,556.940979003906,76.6026153564453,91.110710144043,1.32256960868835,0,0,1,0,32.4517364501953
68.072998046875,2740,0.535830020904541,215.183776855469,5.43063449859619,29.8175182342529,0.729927003383637,0,0,1,0,13.9689722061157
66.161003112793,15396,0.543680012226105,372.770874023438,44.9216117858887,54.9818153381348,0.454663544893265,0,0,1,0,19.0609188079834
66.0550003051758,3819,0.556699991226196,162.083312988281,0.146326094865799,14.4278602600098,0.523697316646576,0,0,1,0,11.255521774292
70.1800003051758,17655,0.594609975814819,265.248016357422,20.6190891265869,39.7847633361816,0.0566411763429642,0,0,1,0,13.4777173995972
66.9339981079102,17875,0.558499991893768,249.4091796875,2.71745896339417,30.7972030639648,0.447552442550659,0,0,1,0,16.1655731201172
73.1439971923828,1558,0.450929999351502,317.462127685547,3.2285840511322,26.5083446502686,0.641848504543304,0,0,1,0,19.1146049499512
67.8610000610352,19489,0.44132000207901,400.278961181641,42.7584609985352,84.3809356689453,0.102621994912624,0,0,1,0,15.6593704223633
69.870002746582,1263403,0.564480006694794,1120.04638671875,85.5111083984375,98.7435531616211,2.50434732437134,0,0,1,0,51.2497291564942
65.3140029907227,9415,0.500980019569397,201.963012695313,20.4670028686523,28.5926704406738,0.424853950738907,0,0,1,0,14.7133541107178
69.8119964599609,10934,0.662010014057159,333.663787841797,36.1675682067871,38.7964134216309,0.182915672659874,0,0,1,0,17.270227432251
73,2215,0.584200024604797,404.532287597656,7.4906177520752,19.3744792938232,0.451467275619507,0,0,1,0,17.0008754730225
65.5500030517578,6923,0.531449973583221,335.656982421875,2.35607814788818,17.3624153137207,0.288892090320587,0,0,1,0,8.98989105224609
65.8320007324219,2340,0.508149981498718,369.822418212891,8.80456066131592,13.4580888748169,,0,0,1,0,12.0906772613525
71.5699996948242,5243,0.480800002813339,279.542358398438,12.7878093719482,21.1138668060303,0.572191476821899,0,0,1,0,11.356936454773
65.8470001220703,22083,0.626980006694794,417.924774169922,79.6530609130859,88.2126541137695,0.543404400348663,0,0,1,0,27.8943748474121
69.0390014648438,3430,0.598309993743897,489.882904052734,10.4610948562622,34.664722442627,2.04081630706787,0,0,1,0,15.3472337722778
59.6920013427734,9176,0.695190012454987,186.017395019531,33.5005073547363,26.4648914337158,0.217959895730019,0,0,1,0,10.7869749069214
67.8669967651367,2566,0.540870010852814,363.382659912109,0.766729950904846,20.1480903625488,0.389711618423462,0,0,1,0,9.16458606719971
67.0289993286133,15242,0.598110020160675,400.495788574219,56.7438125610352,43.9115600585938,0.262432754039764,0,0,1,0,18.0241832733154
66.4309997558594,172422,0.541630029678345,506.053741455078,73.8054351806641,95.7099456787109,1.49052906036377,0,0,1,0,27.3742542266846
66.7789993286133,42924,0.640739977359772,418.136840820313,38.9566993713379,54.7995948791504,0.209672912955284,0,0,1,0,19.8199729919434
68.9509963989258,3389,0.445670008659363,286.242248535156,31.0322952270508,52.1687812805176,0.295072287321091,0,0,1,0,10.9649333953857
70.1119995117188,9557,0.508120000362396,419.338989257813,12.4954395294189,37.7628974914551,0.209270685911179,0,0,1,0,16.6221237182617
70.0289993286133,10852,0.561540007591248,207.342102050781,0.266411244869232,22.198673248291,0.829340219497681,0,0,1,0,13.7558059692383
68.6269989013672,13420,0.450179994106293,351.93017578125,59.6995658874512,74.2920989990234,0.0745156481862068,0,0,1,0,16.4099292755127
68.7760009765625,11689,0.58967000246048,263.717529296875,10.3232545852661,34.4426383972168,0.342202067375183,0,0,1,0,18.5057353973389
71.7220001220703,7126,0.616400003433228,382.045745849609,65.2296752929688,27.2803821563721,0.14033117890358,0,0,1,0,20.9572315216064
68.0039978027344,8808,0.53574001789093,239.636749267578,1.74041450023651,23.6830158233643,0.227066308259964,0,0,1,0,17.1313972473145
65.8190002441406,40464,0.600690007209778,354.045806884766,66.7762069702149,84.63720703125,0.197706609964371,0,0,1,0,24.1151027679443
67.2959976196289,3330,0.71968001127243,664.890930175781,0.657826900482178,49.5795783996582,,0,0,1,0,19.7848892211914
64.4079971313477,10876,0.627799987792969,383.264282226563,8.85233402252197,68.7660903930664,0.735564529895783,0,0,1,0,18.1035900115967
73.4079971313477,8388,0.557309985160828,491.329406738281,70.5512542724609,32.3438262939453,0.119217932224274,0,0,1,0,19.1946697235107
70.9179992675781,14448,0.550140023231506,361.244964599609,44.7919921875,51.2250823974609,0.0692137330770493,0,0,1,0,23.0386867523193
64.4079971313477,9941,0.656340003013611,453.952667236328,1.0545711517334,61.7845268249512,0.704154491424561,0,0,1,0,27.3021812438965
66.9229965209961,117773,0.548650026321411,543.576293945313,60.2683219909668,67.0767669677734,0.517945528030396,0,0,1,0,25.3296756744385
70.3399963378906,217592,0.558099985122681,667.058898925781,72.5479583740234,90.2046356201172,1.88885617256165,0,0,1,0,39.9691886901856
70.0139999389648,5185,0.323890000581741,339.344482421875,32.4031944274902,22.6229515075684,0.192864030599594,0,0,1,0,6.39211988449097
67.2229995727539,8408,0.461459994316101,180.479568481445,2.4389660358429,34.0271186828613,0.237868696451187,0,0,1,0,12.3314485549927
64.5270004272461,80252,0.602020025253296,475.558044433594,59.6527137756348,91.6575317382813,0.336440205574036,0,0,1,0,34.1248779296875
68.4250030517578,58287,0.576499998569489,477.461700439453,24.3989753723145,82.9618988037109,0.411755621433258,0,0,1,0,31.1018943786621
65.0650024414063,34462,0.604749977588654,537.89697265625,50.9170036315918,75.1436386108399,0.95757645368576,0,0,1,0,25.4612674713135
70.9300003051758,51755,0.549409985542297,398.124420166016,23.8293609619141,79.1459732055664,0.637619554996491,0,0,1,0,27.7207489013672
70.1210021972656,76592,0.586359977722168,496.423095703125,34.6945304870606,79.7907638549805,0.78337162733078,0,0,1,0,32.8161811828613
70.0419998168945,40607,0.558979988098145,388.838958740234,47.4388542175293,51.8752937316895,0.763415157794952,0,0,1,0,16.5175266265869
70.2570037841797,13257,0.616320013999939,268.634521484375,18.9355926513672,43.3129653930664,0.678886651992798,0,0,1,0,15.7147979736328
61.8950004577637,17832,0.668820023536682,375.344787597656,60.3063316345215,54.379768371582,0.392552703619003,0,0,1,0,21.3686447143555
71.6389999389649,15147,0.500140011310577,306.589385986328,1.12325918674469,36.2514038085938,0.132039353251457,0,0,1,0,19.0384140014648
70.2590026855469,63783,0.616249978542328,443.139221191406,63.0406723022461,82.4075393676758,0.564413726329804,0,0,1,0,28.6407451629639
73.1780014038086,2561,0.462579995393753,509.779998779297,0,39.6329574584961,0.39047247171402,0,0,1,0,22.6721992492676
68.2229995727539,26667,0.528599977493286,270.285797119141,48.4323120117188,62.6317176818848,0.187497660517693,0,0,1,0,15.2150211334229
65.6999969482422,19251,0.518939971923828,391.620666503906,46.3298225402832,58.1320457458496,0.259726762771606,0,0,1,0,20.3531227111816
70.2190017700195,59040,0.668760001659393,445.423614501953,35.5737228393555,81.2449188232422,0.54200541973114,0,0,1,0,24.5489234924316
69.2249984741211,27684,0.519649982452393,402.491455078125,48.942081451416,49.4417915344238,0.505707263946533,0,0,1,0,16.5694618225098
69.3000030517578,5212,0.574869990348816,209.454681396484,11.3337287902832,23.445894241333,0.191864922642708,0,0,1,0,12.3997097015381
71.7959976196289,2874,0.575230002403259,385.255249023438,45.6150779724121,30.062629699707,0.695894241333008,0,0,1,0,19.6804962158203
71.1719970703125,2456,0.559809982776642,246.292816162109,4.36140632629395,19.1274089813232,1.22149837017059,0,0,1,0,12.6134481430054
73.3130035400391,2800,0.382059991359711,325.845184326172,90.7291488647461,36.7318572998047,,0,0,1,0,12.7191066741943
62.5579986572266,22071,0.469190001487732,236.314483642578,37.8272399902344,61.2115440368652,0.36246657371521,0,0,1,0,9.10599040985107
67.0100021362305,11464,0.591949999332428,277.744964599609,6.71653175354004,37.6919059753418,0.174459174275398,0,0,1,0,18.6238040924072
67.9120025634766,167907,0.534240007400513,617.328552246094,82.957878112793,95.5040588378906,1.63781142234802,0,0,1,0,30.5976734161377
69.1539993286133,41420,0.593540012836456,417.963409423828,45.8469047546387,45.6735877990723,0.796716570854187,0,0,1,0,14.8273048400879
67.1330032348633,41671,0.589569985866547,377.872863769531,12.1429405212402,80.5452270507813,0.575940072536469,0,0,1,0,25.9018535614014
73.5869979858398,15857,0.541339993476868,710.008728027344,70.5271530151367,78.2745819091797,0.693699955940247,0,0,1,0,20.6265144348145
69.568000793457,7352,0.525579988956451,231.482559204102,0.158324792981148,41.4581069946289,0.272034823894501,0,0,1,0,18.6243476867676
65.3659973144531,7413,0.592980027198792,246.824035644531,3.39970636367798,23.2024822235107,0.404694467782974,0,0,1,0,12.2386283874512
68.1949996948242,6874,0.637080013751984,251.647918701172,38.5667991638184,55.018913269043,,0,0,1,0,10.8556575775146
70.6539993286133,8523,0.473820000886917,193.766296386719,7.35864353179932,22.8675346374512,0.117329575121403,0,0,1,0,16.1941566467285
67.6729965209961,20381,0.586790025234222,301.583221435547,45.2558174133301,48.7413024902344,0.0981306135654449,0,0,1,0,18.2469139099121
67.0019989013672,16833,0.533270001411438,549.743835449219,55.9330253601074,71.0033874511719,0.35644268989563,0,0,1,0,25.0089626312256
65.2559967041016,28075,0.60605001449585,386.391265869141,54.7711410522461,68.3704376220703,0.498664289712906,0,0,1,0,21.1176452636719
69.9739990234375,7709,0.617669999599457,268.098602294922,0,20.6122722625732,0.77831107378006,0,0,1,0,13.1641321182251
73.4710006713867,1458,0.446280002593994,429.972198486328,28.2623062133789,37.1423263549805,1.37174212932587,0,0,1,0,22.7481803894043
70.1389999389649,7576,0.702530026435852,420.371215820312,46.0286865234375,57.1673698425293,1.05596625804901,0,0,1,0,16.6839199066162
69.177001953125,58675,0.423269987106323,460.516265869141,85.0207290649414,90.1695785522461,0.306774616241455,0,0,1,0,17.0626392364502
72.3730010986328,104885,0.440849989652634,430.8115234375,78.5791168212891,99.6195831298828,0.924822449684143,0,0,1,0,25.5842609405518
66.2779998779297,22351,0.545949995517731,330.159973144531,24.8085155487061,51.9778747558594,0.13422217965126,0,0,1,0,22.4867630004883
69.0400009155274,13532,0.552990019321442,213.22297668457,7.24328279495239,32.19775390625,0.443393439054489,0,0,1,0,14.8238801956177
70.2269973754883,3734,0.581110000610352,245.880447387695,11.2289876937866,37.2522773742676,,0,0,1,0,16.4169044494629
65.3190002441406,6950,0.504000008106232,224.137557983398,2.75132036209106,17.5683460235596,0.287769794464111,0,0,1,0,12.6564846038818
74.3320007324219,4579,0.515120029449463,418.074493408203,0.541939735412598,44.8569564819336,0.218388289213181,0,0,1,0,27.7722549438477
73.4919967651367,8458,0.508170008659363,528.972106933594,76.2376022338867,64.2823333740234,0.945850074291229,0,0,1,0,24.7482471466065
72.1139984130859,8938,0.52863997220993,286.448913574219,6.8366551399231,35.7126884460449,0.223763704299927,0,0,1,0,23.2964191436768
67.6220016479492,4430,0.49634000658989,260.068695068359,16.7274627685547,21.1484909057617,,0,0,1,0,16.2868347167969
70.609001159668,2380,0.527199983596802,376.17333984375,18.4144458770752,30.9663867950439,0.420168071985245,0,0,1,0,20.5033588409424
63.8380012512207,20140,0.509370028972626,340.018493652344,20.7913990020752,47.8897705078125,0.248262166976929,0,0,1,0,20.9308528900146
71.0770034790039,30582,0.565259993076325,388.807861328125,11.4374599456787,68.576286315918,0.523183584213257,0,0,1,0,24.8387813568115
64.1309967041016,18887,0.550750017166138,338.567321777344,13.5996141433716,47.5085487365723,0.529464721679688,0,0,1,0,17.111177444458
67.181999206543,10937,0.562860012054443,485.945678710938,31.9036693572998,69.9734878540039,0.548596501350403,0,0,1,0,25.8720760345459
65.1230010986328,19762,0.595749974250794,427.310119628906,51.7567825317383,59.816822052002,0.303613007068634,0,0,1,0,19.1234683990479
72.2880020141602,42467,0.52674001455307,603.925476074219,72.2444458007813,82.6524124145508,0.682883203029633,0,0,1,0,23.8235054016113
65.5500030517578,25024,0.490880012512207,359.599548339844,65.0785140991211,63.4430961608887,0.439577996730804,0,0,1,0,21.6831111907959
69.0400009155274,3060,0.61897999048233,366.003295898438,0,24.8527660369873,0.653594791889191,0,0,1,0,16.0330047607422
66.4609985351563,5075,0.613879978656769,387.668884277344,52.3014640808106,34.4433479309082,0.39408865571022,0,0,1,0,9.41093826293945
68.8089981079102,23674,0.543200016021729,232.810806274414,0,45.7379417419434,0.295683026313782,0,0,1,0,17.2251777648926
70.7919998168945,10407,0.543229997158051,354.954956054688,57.5735130310059,37.7918701171875,0.384356677532196,0,0,1,0,17.6618881225586
69.8109970092774,17578,0.489969998598099,528.719604492188,83.2616119384766,66.1963806152344,0.0568892918527126,0,0,1,0,21.6851425170898
66.7170028686524,37474,0.559949994087219,439.734466552734,47.676685333252,57.0905914306641,0.2668516933918,0,0,1,0,21.3155727386475
65.6729965209961,20130,0.492940008640289,428.488189697266,80.2368621826172,90.2682571411133,0.496770977973938,0,0,1,0,26.4607849121094
70.7880020141602,3288,0.524240016937256,404.244445800781,5.84968185424805,14.8502101898193,0.304136246442795,0,0,1,0,11.5093517303467
69.6449966430664,7999,0.641820013523102,685.209106445313,77.3652572631836,43.3179130554199,0.625078141689301,0,0,1,0,19.3675880432129
68.6269989013672,15087,0.426809996366501,453.362396240234,74.4811477661133,78.6239776611328,0.331411153078079,0,0,1,0,16.1013965606689
71.6389999389649,26535,0.5348100066185,349.744812011719,0.264786034822464,60.135669708252,0.263802528381348,0,0,1,0,24.4957637786865
66.6709976196289,5030,0.632359981536865,210.440948486328,16.8257331848145,16.341947555542,0.795228600502014,0,0,1,0,10.2521629333496
68.2009963989258,40761,0.541859984397888,303.455474853516,1.33568060398102,46.0341987609863,0.0490665100514889,0,0,1,0,18.7555236816406
69.1210021972656,6927,0.553699970245361,161.515823364258,4.76331806182861,21.7001247406006,0.144362643361092,0,0,1,0,13.2307205200195
67.3470001220703,17923,0.56647002696991,462.850769042969,64.9190216064453,55.6826438903809,1.33906149864197,0,0,1,0,17.094202041626
71.6389999389649,12538,0.60742998123169,352.231781005859,6.18380975723267,34.6945304870606,0.079757533967495,0,0,1,0,21.940544128418
70.4509963989258,4388,0.515600025653839,177.200790405273,0,14.470648765564,0.227894261479378,0,0,1,0,7.08704566955566
67.1269989013672,23240,0.668030023574829,385.499450683594,0.380955845117569,67.9405746459961,0.301204830408096,0,0,1,0,22.4277172088623
73.1439971923828,2325,0.4060899913311,312.784210205078,54.0975341796875,27.1827964782715,1.29032254219055,0,0,1,0,10.2775802612305
71.1940002441406,12481,0.570930004119873,281.569030761719,2.50826334953308,40.6537933349609,0.080121785402298,0,0,1,0,20.5693664550781
64.4680023193359,117456,0.569010019302368,519.28173828125,62.9608573913574,90.0950164794922,0.52785724401474,0,0,1,0,35.0703010559082
71.6129989624024,58610,0.558030009269714,427.852386474609,67.9925842285156,77.8757858276367,0.682477414608002,0,0,1,0,26.5614166259766
70.4619979858398,1826,0.418209999799728,321.908813476563,26.8604106903076,36.7469863891602,1.09529030323029,0,0,1,0,24.4046154022217
71.4499969482422,55482,0.521109998226166,381.358337402344,52.1390953063965,46.7709846496582,0.468620449304581,0,0,1,0,20.0698413848877
71.3489990234375,17912,0.569809973239899,376.121490478516,56.5319442749023,39.8671264648438,0.72577041387558,0,0,1,0,15.7530288696289
71.7829971313477,16916,0.497319996356964,608.702453613281,75.9595794677734,68.7928619384766,0.177346885204315,0,0,1,0,31.4344882965088
69.8550033569336,8889,0.523379981517792,375.428741455078,9.49788761138916,26.3471698760986,0.449994385242462,0,0,1,0,13.7622041702271
68.2239990234375,169176,0.467290014028549,427.656158447266,68.5160903930664,92.2973709106445,0.254173159599304,0,0,1,0,24.8999042510986
67.302001953125,6624,0.561360001564026,187.26823425293,0,29.2874393463135,0.60386472940445,0,0,1,0,8.682053565979
72.6190032958984,3872,0.579339981079102,360.553985595703,3.35223531723022,25.3357429504395,1.5495867729187,0,0,1,0,23.488338470459
71.9810028076172,2650,0.526820003986359,621.371032714844,7.69893312454224,26.1886787414551,0.377358496189117,0,0,1,0,20.4598560333252
73.0240020751953,4059,0.529309988021851,443.650970458984,9.46669006347656,26.6793003082275,0.739098310470581,0,0,1,0,16.2696685791016
65.6190032958984,3148,0.583150029182434,369.310272216797,0,22.6478614807129,0.635324001312256,0,0,1,0,18.5065288543701
69.9010009765625,1783,0.639810025691986,528.039855957031,5.1858081817627,15.7038698196411,0.560852468013763,0,0,1,0,12.0294408798218
70.2269973754883,2749,0.488079994916916,232.500228881836,0,14.2675285339355,,0,0,1,0,16.6499767303467
67.5550003051758,6539,0.467900007963181,326.222625732422,0,35.325927734375,0.152928575873375,0,1,0,0,10.1374053955078
69.6650009155274,25951,0.574230015277863,383.9951171875,0.187183082103729,58.8763427734375,0.269739121198654,0,1,0,0,18.453311920166
64.0810012817383,19940,0.44990000128746,231.83935546875,4.7976450920105,72.0962905883789,1.15346038341522,0,1,0,0,10.3362512588501
64.2770004272461,7270,0.56632000207901,327.090698242188,0,43.5625877380371,0.275103151798248,0,1,0,0,12.279990196228
67.5739974975586,8834,0.483260005712509,248.162933349609,0,72.2775650024414,0.565995037555695,0,1,0,0,15.7308330535889
64.838996887207,6636,0.575119972229004,247.977783203125,31.6477603912354,82.7908401489258,0.452079564332962,0,1,0,0,12.4037113189697
69.9540023803711,15172,0.539160013198853,396.829010009766,8.6479024887085,77.8605346679688,1.18639600276947,0,1,0,0,20.2350215911865
66.838996887207,39342,0.597989976406097,365.464233398438,9.8951997756958,74.4598617553711,0.762543857097626,0,1,0,0,19.6751823425293
67.629997253418,8064,0.551549971103668,329.517242431641,0,36.569938659668,0.74404764175415,0,1,0,0,12.6285562515259
66.3339996337891,6169,0.600189983844757,440.165649414063,4.96598100662231,66.2668151855469,0.648403286933899,0,1,0,0,14.7711534500122
66.3349990844727,11450,0.575500011444092,374.039093017578,0.117279596626759,73.5196533203125,0.698689937591553,0,1,0,0,19.4507808685303
64.2770004272461,7971,0.589299976825714,300.442016601563,0,45.1511726379395,0.752728641033173,0,1,0,0,13.7887573242188
67.213996887207,19135,0.670809984207153,438.287933349609,9.29154396057129,84.2487564086914,0.574862837791443,0,1,0,0,24.2810802459717
65.1679992675781,8120,0.431320011615753,234.235855102539,0,50.8004913330078,0.246305420994759,0,1,0,0,9.33895015716553
67.213996887207,15543,0.56385999917984,342.468078613281,22.5049114227295,66.4093170166016,0.257350564002991,0,1,0,0,16.2724323272705
65.1719970703125,10349,0.518490016460419,344.097076416016,0.351658970117569,47.2026290893555,0.386510759592056,0,1,0,0,11.6061725616455
64.838996887207,22492,0.601059973239899,352.04248046875,1.88423430919647,63.422550201416,0.577983260154724,0,1,0,0,17.3541698455811
64.1709976196289,15501,0.535660028457642,462.265686035156,24.4012393951416,61.305721282959,0.387071788311005,0,1,0,0,20.180326461792
68.0400009155274,526126,0.6007000207901,705.188293457031,19.98410987854,98.5929794311524,1.08529138565063,0,1,0,0,36.5200843811035
67.213996887207,3930,0.449420005083084,211.493179321289,0,48.1424942016602,0.254452913999558,0,1,0,0,18.8317546844482
66.161003112793,17861,0.649269998073578,570.334106445313,0.210987165570259,84.289794921875,0.559879064559937,0,1,0,0,25.4592304229736
67.1439971923828,5383,0.602779984474182,640.149108886719,0,43.2472610473633,0.928850054740906,0,1,0,0,27.3987483978272
66.3339996337891,3679,0.433010011911392,243.767196655273,0,28.6762714385986,0.543626010417938,0,1,0,0,11.5436563491821
69.4800033569336,11609,0.4269799888134,268.029052734375,0.514914989471436,49.8492546081543,0.0861400663852692,0,1,0,0,9.50811672210693
67.6880035400391,88411,0.57804000377655,397.296478271484,9.29692649841309,86.7086639404297,1.04059445858002,0,1,0,0,28.1051292419434
68.2720031738281,13973,0.525070011615753,339.140686035156,0.116239868104458,64.4457168579102,1.21663212776184,0,1,0,0,16.7234268188477
67.6760025024414,33549,0.562370002269745,377.284881591797,2.1032612323761,70.3806381225586,0.208650037646294,0,1,0,0,13.2132883071899
64.6119995117188,13713,0.518530011177063,264.857940673828,0,65.0477676391602,0.802158534526825,0,1,0,0,15.1485919952393
63.3030014038086,8749,0.46085000038147,214.946762084961,0,44.930850982666,0.228597551584244,0,1,0,0,11.1903839111328
64.838996887207,4741,0.580200016498566,370.032897949219,0,52.4572868347168,0.210925966501236,0,1,0,0,19.5400447845459
67.7600021362305,135984,0.58745002746582,490.092010498047,7.94768857955933,90.3459243774414,0.867749154567719,0,1,0,0,28.032922744751
63.798999786377,11025,0.570349991321564,299.521697998047,0,67.6643981933594,0.362811803817749,0,1,0,0,12.8859052658081
64.9229965209961,22155,0.608439981937408,408.08154296875,1.60042476654053,76.5199737548828,0.406228840351105,0,1,0,0,22.0099449157715
64.7060012817383,11889,0.544920027256012,288.949340820313,0,67.2049789428711,0.336445450782776,0,1,0,0,23.6944789886475
65.1679992675781,9167,0.492170006036758,262.143127441406,30.4130001068115,76.9935607910156,0.218173891305923,0,1,0,0,16.3683834075928
64.7060012817383,11100,0.621339976787567,374.806701660156,0,63.0360374450684,0.360360354185104,0,1,0,0,14.5894584655762
69.0979995727539,6279,0.682280004024506,622.735046386719,0,47.5553436279297,0.637044131755829,0,1,0,0,13.1618843078613
64.838996887207,15935,0.592599987983704,360.176208496094,6.48834848403931,62.5729522705078,0.753059327602387,0,1,0,0,17.2456836700439
64.7320022583008,13090,0.562619984149933,243.907257080078,0.249617785215378,40.3743324279785,0.381970971822739,0,1,0,0,7.87107801437378
64.7060012817383,32426,0.512109994888306,257.416137695313,0,46.2375869750977,0.246715605258942,0,1,0,0,12.1544504165649
66.3339996337891,4496,0.448940008878708,311.712158203125,0.428788095712662,20.2624549865723,0.667259812355042,0,1,0,0,13.1225080490112
65.2689971923828,19325,0.593450009822846,378.268798828125,7.46449756622315,91.0789108276367,0.413971543312073,0,1,0,0,24.8672485351563
64.7060012817383,4986,0.476980000734329,207.608596801758,0,27.0156440734863,0.401123136281967,0,1,0,0,15.1508502960205
67.7600021362305,5273,0.478700011968613,210.987274169922,0,58.2969856262207,0.568936109542847,0,1,0,0,10.292872428894
67.6880035400391,11981,0.540069997310638,276.414886474609,1.65703320503235,92.3128280639648,2.42049908638001,0,1,0,0,26.1890163421631
67.6760025024414,22999,0.649909973144531,489.001586914063,0.324226409196854,75.4641494750977,0.434801518917084,0,1,0,0,22.1856193542481
63.3030014038086,20176,0.574829995632172,287.155609130859,0,52.9193115234375,0.198255360126495,0,1,0,0,14.575756072998
67.9329986572266,22417,0.585060000419617,318.410583496094,0,70.2011871337891,0.535308003425598,0,1,0,0,18.0718364715576
67.9329986572266,30670,0.522889971733093,398.313781738281,0,82.1389007568359,0.717313349246979,0,1,0,0,19.9041633605957
67.213996887207,11057,0.578429996967316,239.12028503418,28.5143775939941,43.1310501098633,0.63308310508728,0,1,0,0,13.8868532180786
67.4349975585938,29848,0.538829982280731,377.278564453125,0,74.6917724609375,0.301527738571167,0,1,0,0,19.3632907867432
66.7229995727539,37654,0.629459977149963,490.375457763672,22.4378395080566,75.6921081542969,0.265576034784317,0,1,0,0,17.595121383667
63.1180000305176,9481,0.63672000169754,332.915344238281,0,61.1011505126953,0.316422313451767,0,1,0,0,8.49912166595459
64.1709976196289,8319,0.605310022830963,318.623382568359,1.94052934646606,72.4365921020508,0.240413516759872,0,1,0,0,14.9336557388306
69.1330032348633,55541,0.625729978084564,529.478576660156,3.51278376579285,84.4331970214844,0.342089623212814,0,1,0,0,25.754358291626
63.3450012207031,12808,0.492729991674423,226.362167358398,11.4362392425537,48.2823219299316,0.234228610992432,0,1,0,0,14.215500831604
66.4729995727539,13423,0.483729988336563,404.942077636719,0.883224844932556,41.5480880737305,0.148997992277145,0,1,0,0,10.851692199707
64.838996887207,22509,0.626940011978149,502.350830078125,0,65.4582595825195,0.39984005689621,0,1,0,0,17.505277633667
66.3339996337891,5604,0.487890005111694,256.176483154297,2.90559816360474,64.2041397094727,0.535331904888153,0,1,0,0,16.1281318664551
64.3040008544922,15075,0.546769976615906,337.088012695313,0.307523041963577,81.6650085449219,0.132669985294342,0,1,0,0,17.7561264038086
66.3339996337891,3522,0.51146000623703,259.864593505859,0,39.8069267272949,0.567859172821045,0,1,0,0,11.0761156082153
64.8339996337891,5534,0.567600011825562,295.69140625,0,41.1275749206543,0.542103350162506,0,1,0,0,7.71707487106323
64.3040008544922,12034,0.654940009117127,618.726318359375,0,73.6330413818359,0.581685245037079,0,1,0,0,24.1364135742188
63.8489990234375,14994,0.567719995975494,310.847473144531,0,56.902759552002,0.400160074234009,0,1,0,0,14.0175819396973
65.6289978027344,5967,0.599669992923737,360.349853515625,0,63.4489707946777,0.670353591442108,0,1,0,0,10.0570135116577
68.0400009155274,16340,0.582690000534058,383.478698730469,0.262024641036987,66.0587539672852,0.24479803442955,0,1,0,0,17.8410091400147
67.6760025024414,5879,0.443459987640381,443.666625976563,0,84.6062240600586,0.170096948742867,0,1,0,0,13.9263715744019
63.1180000305176,7233,0.493429988622665,253.268600463867,0.539765179157257,46.1495933532715,0.691276073455811,0,1,0,0,10.2537651062012
64.2770004272461,4533,0.621150016784668,284.168426513672,0.196833327412605,52.9891891479492,0.882417798042297,0,1,0,0,9.8000602722168
66.3339996337891,9998,0.488810002803803,289.643768310547,0,47.5701026916504,0.400080025196075,0,1,0,0,15.3719244003296
65.1719970703125,68162,0.567430019378662,455.992553710938,13.0850057601929,90.4462890625,1.04163610935211,0,1,0,0,28.2952823638916
65.3339996337891,7283,0.45048001408577,203.234893798828,0,50.1029777526856,0.411918163299561,0,1,0,0,15.6425104141235
66.9240036010742,5308,0.416209995746613,191.460235595703,1.26466476917267,53.6548614501953,0.376789748668671,0,1,0,0,11.3249788284302
62.9039993286133,16561,0.567690014839172,356.038879394531,1.00096154212952,45.3656196594238,0.422679781913757,0,1,0,0,16.0702972412109
62.6920013427734,66926,0.530420005321503,308.710845947266,0.779861330986023,56.1040916442871,0.313779383897781,0,1,0,0,13.714150428772
65.0449981689453,10770,0.615830004215241,384.41748046875,3.81486558914185,77.6694488525391,0.18570102751255,0,1,0,0,22.0554046630859
63.3370018005371,8306,0.566959977149963,356.581359863281,3.26507973670959,83.9754409790039,0.240789785981178,0,1,0,0,21.1714019775391
61.2709999084473,13854,0.507439970970154,216.524002075195,0.19395586848259,71.0697250366211,0.144362643361092,0,1,0,0,12.2128734588623
65.0449981689453,3014,0.4896399974823,387.466796875,0.708001792430878,70.5374908447266,0.33178499341011,0,1,0,0,17.989200592041
64.9980010986328,7361,0.582889974117279,951.939392089844,8.62691402435303,62.2469787597656,,0,1,0,0,15.861047744751
59.6319999694824,3386,0.568499982357025,303.226257324219,0.480040520429611,58.8009452819824,0.295333713293076,0,1,0,0,11.7249956130981
61.5229988098145,1416,0.511910021305084,347.68359375,43.5709762573242,79.661018371582,,0,1,0,0,19.1338901519775
64.0650024414063,12560,0.570710003376007,402.788299560547,0.124226927757263,57.9299354553223,0.318471342325211,0,1,0,0,16.594087600708
58.1180000305176,19617,0.502730011940002,293.616821289063,10.2583961486816,82.3775329589844,0.101952388882637,0,1,0,0,16.6128082275391
64.5640029907227,13614,0.560750007629395,409.493041992188,0.0501083023846149,32.8118095397949,0.367268979549408,0,1,0,0,10.3144044876099
61.5779991149902,9858,0.402370005846024,166.021484375,14.760479927063,32.6841125488281,0.202880904078484,0,1,0,0,7.58498239517212
58.6110000610352,22264,0.583949983119965,349.537353515625,32.3263473510742,68.3569869995117,0.269493341445923,0,1,0,0,17.1318702697754
65.3079986572266,45651,0.604830026626587,471.480651855469,23.5462379455566,91.3028717041016,0.876213014125824,0,1,0,0,30.8048877716064
67.6679992675781,6622,0.498369991779327,447.000885009766,0,56.0253715515137,0.302023559808731,0,1,0,0,12.673526763916
61.5779991149902,77540,0.516799986362457,286.330413818359,12.0166749954224,70.3314437866211,0.1805519759655,0,1,0,0,18.7441177368164
58.5449981689453,11818,0.493400007486343,245.621185302734,0.996037244796753,38.0521240234375,0.253850072622299,0,1,0,0,6.29564952850342
67.4690017700195,6311,0.514639973640442,607.376159667969,3.51426100730896,35.0340690612793,0.316906988620758,0,1,0,0,24.0401706695557
68.7529983520508,5975,0.629800021648407,613.835083007813,60.6630554199219,47.6652717590332,0.836820065975189,0,1,0,0,28.5391616821289
65.0449981689453,11909,0.595770001411438,488.59130859375,2.68255352973938,55.8821067810059,0.335880428552628,0,1,0,0,23.0510387420654
61.6990013122559,8362,0.508930027484894,307.906646728516,0,43.3987083435059,0.119588613510132,0,1,0,0,8.66430854797363
59.1959991455078,12888,0.499989986419678,298.129058837891,9.41460037231445,40.7278099060059,0.387957781553268,0,1,0,0,16.2524738311768
71.7720031738281,9099,0.431609988212585,512.202453613281,4.35437536239624,40.3969573974609,0.32970654964447,0,1,0,0,14.8651475906372
61.4669990539551,5457,0.426930010318756,299.556488037109,0.476372122764587,44.4016876220703,0.18325087428093,0,1,0,0,11.915828704834
61.7690010070801,31160,0.540570020675659,275.292724609375,0.163192942738533,50.4364585876465,0.224646985530853,0,1,0,0,12.678900718689
64.7259979248047,9278,0.50779002904892,355.973388671875,0.703960180282593,56.6393623352051,0.970036625862122,0,1,0,0,14.5052795410156
66.3099975585938,402813,0.576139986515045,675.386779785156,64.8265686035156,98.2021408081055,1.29588663578033,0,1,0,0,41.0664291381836
60.5180015563965,4785,0.435059994459152,248.12451171875,38.995979309082,76.72998046875,0.208986416459084,0,1,0,0,15.3713254928589
67.4690017700195,16620,0.663269996643066,674.464294433594,0.0653477758169174,75.5475311279297,0.300842344760895,0,1,0,0,26.4753513336182
64.1579971313477,8934,0.469570010900497,289.245544433594,0,78.8896331787109,0.447727769613266,0,1,0,0,23.3501167297363
58.1040000915527,5413,0.553380012512207,280.142608642578,0,32.9576950073242,0.18474043905735,0,1,0,0,10.1044235229492
60.0810012817383,4307,0.407110005617142,170.792205810547,29.9153690338135,46.9700469970703,0.232180178165436,0,1,0,0,16.3956928253174
63.75,23825,0.630770027637482,367.777709960938,0.0306790340691805,46.3015975952149,0.293809026479721,0,1,0,0,12.287841796875
64.2539978027344,14798,0.530390024185181,355.439117431641,24.5911598205566,83.1666412353516,0.675767004489899,0,1,0,0,21.1757621765137
64.0650024414063,2023,0.598420023918152,364.558441162109,0,51.1616401672363,0.988630771636963,0,1,0,0,13.2043304443359
61.6319999694824,7143,0.549350023269653,359.181549072266,3.82950901985168,29.7707996368408,0.419991612434387,0,1,0,0,9.68562126159668
67.0660018920898,8005,0.472640007734299,274.302001953125,0,37.1642723083496,0.374765783548355,0,1,0,0,17.7803134918213
67.0660018920898,21917,0.513059973716736,423.482269287109,0.500611066818237,89.6484298706055,0.638773560523987,0,1,0,0,25.1179351806641
59.6319999694824,5227,0.527350008487701,204.510513305664,0,40.5969009399414,0.38262864947319,0,1,0,0,11.1697959899902
60.7939987182617,13247,0.403549998998642,185.676116943359,0,42.7191047668457,0.0754887908697128,0,1,0,0,9.82204151153564
62.5970001220703,21712,0.545639991760254,321.508178710938,1.59750258922577,69.7033920288086,0.460574805736542,0,1,0,0,11.8372850418091
61.810001373291,36581,0.572560012340546,453.735504150391,30.1973247528076,70.5885543823242,0.273365944623947,0,1,0,0,15.6626377105713
67.6679992675781,5956,0.498030006885529,502.885772705078,1.04661762714386,45.7689743041992,0.335795849561691,0,1,0,0,17.2731304168701
62.0940017700195,10948,0.594690024852753,419.096130371094,0.226794183254242,69.6748275756836,0.639386177062988,0,1,0,0,16.6265335083008
69.890998840332,6693,0.610310018062592,676.5771484375,3.62167763710022,64.7243423461914,0.149409830570221,0,1,0,0,35.4714508056641
55.6189994812012,5604,0.563660025596619,328.370666503906,13.2469873428345,54.1577453613281,0.356887936592102,0,1,0,0,13.5319175720215
64.1340026855469,13693,0.572019994258881,298.122039794922,4.29411840438843,29.9008808135986,,0,1,0,0,10.2026290893555
67.7490005493164,8889,0.476300001144409,441.621002197266,0.668821811676025,52.4141311645508,,0,1,0,0,14.7682285308838
61.0299987792969,10221,0.603680014610291,529.097473144531,0.199455857276917,69.543098449707,0.195675566792488,0,1,0,0,19.133150100708
61.7900009155274,25864,0.563679993152618,476.111511230469,0.609677612781525,81.0160827636719,0.309310227632523,0,1,0,0,17.9550800323486
63.6339988708496,15174,0.575519979000092,333.066314697266,29.3603839874268,71.2205123901367,0.197706609964371,0,1,0,0,22.2541828155518
59.3559989929199,10068,0.441920012235642,246.423370361328,26.9286098480225,91.1601104736328,0.397298365831375,0,1,0,0,22.5447082519531
66,10472,0.464349985122681,182.656478881836,3.7235860824585,33.0022926330566,0.477463722229004,0,1,0,0,11.1376657485962
66.8059997558594,9612,0.489300012588501,214.056671142578,0.0642827078700066,51.3004570007324,0.208073243498802,0,1,0,0,9.35762310028076
61.2379989624024,14033,0.523810029029846,298.871490478516,4.57235622406006,37.1408958435059,0.0712606012821198,0,1,0,0,8.14091396331787
67.7490005493164,5542,0.526989996433258,500.170196533203,0,38.036808013916,0.54132080078125,0,1,0,0,25.2857608795166
62.8400001525879,7030,0.459809988737106,402.197265625,2.91507434844971,71.2944488525391,0.284495025873184,0,1,0,0,14.2210149765015
65.3359985351563,18509,0.547160029411316,343.314605712891,0,72.2675476074219,0.702360987663269,0,1,0,0,19.7589931488037
62.5970001220703,4267,0.460379987955093,195.520965576172,0,30.044527053833,1.40614008903503,0,1,0,0,7.7135796546936
61.8709983825684,7170,0.460390001535416,292.233032226563,0.679670095443726,35.8019523620606,0.55788004398346,0,1,0,0,12.8406457901001
60.8429985046387,12173,0.654519975185394,412.518218994141,6.73379278182983,54.4319381713867,0.0821490213274956,0,1,0,0,11.5019483566284
63.1910018920899,18383,0.483530014753342,266.303741455078,5.03055953979492,52.564868927002,0.108796171844006,0,1,0,0,10.1643133163452
67.0660018920898,11225,0.59621000289917,385.825775146484,12.1023044586182,68.0445404052734,0.534521162509918,0,1,0,0,15.5983657836914
64.9980010986328,37240,0.590390026569367,680.949340820313,0.767039299011231,87.3657379150391,0.161117076873779,0,1,0,0,11.7238454818726
60.5299987792969,29856,0.584330022335053,355.688110351563,0.489961802959442,71.5365982055664,0.200964629650116,0,1,0,0,16.7507572174072
64.2539978027344,3724,0.508189976215363,248.82112121582,24.3082332611084,73.818473815918,0.268528461456299,0,1,0,0,14.3845748901367
65.4820022583008,34603,0.572769999504089,409.357757568359,0.318613469600678,62.9714202880859,0.0577984564006329,0,1,0,0,12.6568326950073
57.0229988098145,10151,0.516680002212524,214.247528076172,12.2500953674316,49.9261169433594,0.197024926543236,0,1,0,0,8.31888008117676
60.0800018310547,6558,0.420190006494522,271.928680419922,0,47.9566955566406,0.609942078590393,0,1,0,0,11.2711772918701
61.3359985351563,8586,0.549950003623962,288.790069580078,0,25.4716987609863,0.116468667984009,0,1,0,0,8.70186519622803
64.2539978027344,23878,0.525619983673096,286.676177978516,0.790982663631439,69.3316040039063,0.376915991306305,0,1,0,0,14.5779895782471
67.0390014648438,12523,0.613789975643158,648.10888671875,0.336547046899796,77.9206237792969,0.558971464633942,0,1,0,0,24.6077919006348
64.5279998779297,22011,0.507619976997376,303.235870361328,0.0484677851200104,64.1497421264648,0.0908636599779129,0,1,0,0,13.8201093673706
57.5709991455078,3186,0.447560012340546,193.67106628418,0,57.3760185241699,,0,1,0,0,8.94117259979248
55.6189994812012,8610,0.538689970970154,292.970642089844,0,41.2543563842773,0.116144016385078,0,1,0,0,8.46652698516846
62.5470008850098,11845,0.528710007667542,243.777420043945,0,43.6217803955078,0.0844238102436066,0,1,0,0,10.852783203125
67.7490005493164,16333,0.542270004749298,457.866119384766,1.88406097888947,64.9408493041992,0.306128710508347,0,1,0,0,15.2046461105347
65.161003112793,126627,0.58542001247406,488.480712890625,66.2491226196289,89.2637405395508,0.939767956733704,0,1,0,0,27.1719150543213
63.3520011901856,20050,0.479189991950989,219.769058227539,0.942478537559509,54.0598487854004,0.0997506231069565,0,1,0,0,11.7008371353149
64.0390014648438,7410,0.392980009317398,215.37776184082,0,34.817813873291,0.269905537366867,0,1,0,0,10.6471500396729
55.2389984130859,8902,0.478359997272492,174.079376220703,5.11646366119385,29.6562576293945,0.449337214231491,0,1,0,0,8.43893337249756
66.8499984741211,15389,0.405470013618469,202.911758422852,1.11232805252075,29.2611598968506,0.324907392263413,0,1,0,0,16.7234115600586
59.9539985656738,14810,0.543020009994507,319.083557128906,0.740833163261414,38.1971626281738,0.270087778568268,0,1,0,0,14.2205476760864
71.7720031738281,38374,0.571380019187927,645.193298339844,1.09156680107117,86.655029296875,0.390889674425125,0,1,0,0,23.0991687774658
67.7490005493164,16107,0.617229998111725,688.194030761719,16.1801261901855,70.3110427856445,0.496678471565247,0,1,0,0,28.9092807769775
62.8400001525879,39848,0.571290016174316,448.038757324219,6.2294282913208,80.4381637573242,0.451716512441635,0,1,0,0,19.4562435150146
64.5070037841797,7323,0.578180015087128,480.168670654297,0.11983822286129,17.069507598877,0.273112118244171,0,1,0,0,15.5445022583008
61.6769981384277,22448,0.538619995117188,313.588714599609,0.208125695586205,35.3483619689941,0.178189590573311,0,1,0,0,11.2268419265747
64.2539978027344,4548,0.487250000238419,253.566009521484,3.09713864326477,72.4494247436524,1.31926119327545,0,1,0,0,14.1994571685791
64.2539978027344,8352,0.548550009727478,357.439117431641,11.5575857162476,66.1997146606445,0.598658978939056,0,1,0,0,17.971363067627
65.3769989013672,161958,0.464910000562668,359.984924316406,30.7781486511231,95.8933792114258,0.821200549602509,0,1,0,0,27.7374629974365
71.7720031738281,10759,0.633260011672974,705.784790039063,0,30.699878692627,0.185890883207321,0,1,0,0,15.5212869644165
60.1080017089844,9461,0.678330004215241,410.635711669922,7.8755054473877,48.5043869018555,0.105697073042393,0,1,0,0,12.9381294250488
64.3690032958984,9402,0.494269996881485,289.43505859375,0,54.6798553466797,0.319081038236618,0,1,0,0,15.8024110794067
64.4769973754883,14059,0.542349994182587,367.746673583984,0,82.1466674804688,0.213386446237564,0,1,0,0,16.5870609283447
58.9249992370606,2339,0.546689987182617,331.874084472656,0,66.4813995361328,0.427533119916916,0,1,0,0,17.2131671905518
62.7490005493164,3976,0.332100003957748,188.378128051758,0,23.7424545288086,0.251509040594101,0,1,0,0,9.96260356903076
65.7279968261719,1937,0.451779991388321,282.423248291016,0,60.4543113708496,1.03252446651459,0,1,0,0,16.812349319458
63.8339996337891,16472,0.466630011796951,239.028747558594,0.0980845242738724,57.6736297607422,0.0607090815901756,0,1,0,0,13.0980739593506
64.7429962158203,1992,0.444959998130798,228.144882202148,50.6299057006836,73.2429733276367,2.00803208351135,0,1,0,0,15.9542274475098
62.2690010070801,4193,0.613460004329681,269.581848144531,20.94993019104,55.5926551818848,1.43095636367798,0,1,0,0,22.7185840606689
62.0760002136231,7391,0.531740009784699,254.730041503906,0,77.2155303955078,0.405899077653885,0,1,0,0,16.9305248260498
60.9519996643066,4861,0.648639976978302,353.216400146484,0.287597209215164,85.0030822753906,0.8228759765625,0,1,0,0,15.5564155578613
61.8639984130859,4428,0.609939992427826,349.905944824219,0.271010458469391,52.7777786254883,1.12917792797089,0,1,0,0,14.9909648895264
65.177001953125,239378,0.588389992713928,500.298797607422,38.7800712585449,94.7977676391602,0.868918597698212,0,1,0,0,31.7139186859131
68.0670013427734,869,0.381040006875992,230.050598144531,0,89.696647644043,1.15074801445007,0,1,0,0,28.5756664276123
61.015998840332,18206,0.507690012454987,279.824371337891,13.6827211380005,66.3572463989258,0.329561680555344,0,1,0,0,19.2976608276367
64.4739990234375,178483,0.444920003414154,333.355865478516,14.3937644958496,98.359504699707,0.666730165481567,0,1,0,0,25.0837306976318
65.5690002441406,4979,0.520539999008179,344.350189208984,0,32.1349678039551,0.803374171257019,0,1,0,0,11.8669767379761
65.7770004272461,3691,0.513670027256012,260.900054931641,0,70.9563827514648,1.08371710777283,0,1,0,0,19.6420516967773
61.0660018920899,13742,0.474889993667603,288.900695800781,11.2130298614502,95.997673034668,0.727696120738983,0,1,0,0,20.4515609741211
68.693000793457,4910,0.432099997997284,268.240173339844,11.955849647522,57.6578407287598,0.814663946628571,0,1,0,0,16.6752738952637
62.5439987182617,7372,0.524389982223511,228.908264160156,0,69.1399917602539,0.135648399591446,0,1,0,0,15.1006498336792
63.9300003051758,4147,0.503120005130768,296.480072021484,10.9347591400146,49.0233917236328,0.723414540290833,0,1,0,0,14.5974626541138
62.5439987182617,4909,0.461919993162155,350.338684082031,58.3092002868652,72.9272766113281,1.01853740215302,0,1,0,0,14.5508737564087
61.9830017089844,4265,0.490770012140274,363.611968994141,0.736875951290131,66.3540420532227,0.234466582536697,0,1,0,0,22.1847057342529
67.0179977416992,2336,0.498690009117127,294.045471191406,0,56.3612976074219,2.56849312782288,0,1,0,0,19.3325462341309
64.9899978637695,4128,0.452549993991852,168.313705444336,0,28.5453681945801,0.484496116638184,0,1,0,0,6.94030332565308
64.4909973144531,9919,0.392419993877411,189.701385498047,0,36.1629180908203,0.403266459703445,0,1,0,0,10.8054466247559
68.0599975585938,17316,0.5521399974823,354.204284667969,50.4341812133789,55.7403564453125,0.288750290870667,0,1,0,0,18.0324249267578
63.8009986877442,7986,0.525839984416962,303.795196533203,0,61.8332099914551,0.500876545906067,0,1,0,0,16.3469905853272
64.6849975585938,13851,0.558449983596802,376.134979248047,0,85.3223571777344,0.216590866446495,0,1,0,0,15.1434154510498
62.1720008850098,3324,0.440169990062714,241.603652954102,0,82.5210571289063,0.60168468952179,0,1,0,0,17.3699798583984
66.3759994506836,2334,0.475730001926422,226.22151184082,0,54.4558715820313,0.856898009777069,0,1,0,0,13.8746900558472
60.7200012207031,4686,0.479000002145767,251.357849121094,0,72.3218078613281,0.853606462478638,0,1,0,0,16.5896892547607
63.8699989318848,8742,0.609910011291504,448.438262939453,16.1401882171631,84.0425567626953,0.457561194896698,0,1,0,0,21.4011192321777
63.6609992980957,6464,0.493000000715256,237.884567260742,0,64.7122497558594,0.309405952692032,0,1,0,0,15.2263879776001
64.0149993896484,8605,0.640810012817383,432.917083740234,31.5118961334229,51.6095275878906,0.464846014976502,0,1,0,0,18.4674015045166
62.3600006103516,1435,0.416500002145767,279.996215820313,0,61.393726348877,0.696864128112793,0,1,0,0,14.4304027557373
63.3499984741211,8502,0.48743000626564,371.306823730469,19.0795364379883,43.5544586181641,0.70571631193161,0,1,0,0,16.422513961792
65.9150009155274,11228,0.652149975299835,529.623107910156,0.921610176563263,71.3929443359375,0.801567494869232,0,1,0,0,17.3045272827148
67.6029968261719,13915,0.599009990692139,371.577667236328,0.824924468994141,68.911247253418,0.646784067153931,0,1,0,0,14.1440019607544
68.0910034179688,24159,0.567560017108917,513.668273925781,36.7236137390137,87.9092712402344,0.289747089147568,0,1,0,0,25.189094543457
63.560001373291,2316,0.409859985113144,239.407897949219,0,60.9240074157715,0.431778937578201,0,1,0,0,15.6501312255859
64.4810028076172,4483,0.482239991426468,227.389282226563,0.162734314799309,35.1327247619629,0.446129828691483,0,1,0,0,11.439769744873
67.2839965820313,8257,0.557590007781982,237.167816162109,1.80812084674835,60.9543418884277,0.605546832084656,0,1,0,0,12.4368438720703
67.7699966430664,4536,0.754760026931763,627.157287597656,0,46.1640205383301,1.32275128364563,0,1,0,0,18.0559558868408
62.2690010070801,14746,0.581260025501251,306.231262207031,0,79.5334320068359,0.542519986629486,0,1,0,0,16.1418552398682
58.9930000305176,16648,0.507860004901886,288.818206787109,0.0937607884407043,85.1093215942383,0.0600672736763954,0,1,0,0,9.41650867462158
65.2699966430664,10292,0.510420024394989,243.431213378906,0.601514339447022,46.2397994995117,0.582977056503296,0,1,0,0,20.1604232788086
67.0230026245117,54525,0.587710022926331,434.224273681641,29.9142799377441,86.4777603149414,0.256762951612473,0,1,0,0,29.6950645446777
64.620002746582,4134,0.454800009727478,231.091690063477,0,60.2080307006836,1.45137882232666,0,1,0,0,13.3456592559814
59.6290016174316,8156,0.458339989185333,151.315505981445,7.76197147369385,27.3894748687744,0.613045632839203,0,1,0,0,7.04099321365356
65.8509979248047,22874,0.629159986972809,460.452911376953,3.78653216362,74.1059722900391,0.0874355137348175,0,1,0,0,28.2495422363281
61.9850006103516,5744,0.526549994945526,341.128631591797,1.29141891002655,48.6246528625488,0.522284150123596,0,1,0,0,14.9190855026245
56.515998840332,3458,0.591480016708374,241.38020324707,1.45589327812195,33.9213409423828,0.289184510707855,0,1,0,0,12.2627992630005
62.3600006103516,3289,0.475820004940033,255.25358581543,2.56651186943054,45.3025245666504,1.2161750793457,0,1,0,0,18.3886680603027
66.9440002441406,19663,0.565280020236969,265.278686523438,1.80832159519196,19.5646648406982,0.101713880896568,0,1,0,0,10.2043399810791
65.5830001831055,5529,0.464049994945526,340.574645996094,0.211359098553658,59.2331352233887,0.904322683811188,0,1,0,0,16.390832901001
66.9390029907227,24937,0.51758998632431,347.382781982422,2.07198214530945,70.7863845825195,0.441111594438553,0,1,0,0,23.3130016326904
61.9150009155274,2383,0.561039984226227,350.908660888672,0,75.1993255615234,2.09819555282593,0,1,0,0,25.5084323883057
62.4529991149902,22213,0.540610015392304,379.507843017578,0,45.5679092407227,0.180074736475945,0,1,0,0,12.7022113800049
64.5120010375977,3400,0.541620016098023,314.139831542969,0,65.529411315918,2.35294127464294,0,1,0,0,21.9388217926025
65.5830001831055,2883,0.53396999835968,332.028198242188,3.74913573265076,73.2570266723633,2.08116555213928,0,1,0,0,21.0115585327148
56.3330001831055,3675,0.487399995326996,177.312362670898,0,31.9879875183106,0.272108852863312,0,1,0,0,10.356822013855
65.8470001220703,2593,0.578310012817383,260.826995849609,0,64.5584259033203,0.385653674602509,0,1,0,0,19.5565338134766
67.6029968261719,2118,0.431989997625351,270.364929199219,0.425146281719208,44.6647796630859,0.472143530845642,0,1,0,0,12.3918342590332
63.8009986877442,2637,0.385540008544922,212.046966552734,1.30214405059814,40.5005683898926,1.51687526702881,0,1,0,0,16.1325645446777
62.0239982604981,10213,0.548030018806458,259.210968017578,0.659221529960632,51.7198524475098,0.489572107791901,0,1,0,0,10.181752204895
67.1149978637695,4039,0.515429973602295,298.971954345703,0,53.5033416748047,0.742758095264435,0,1,0,0,14.0498380661011
64.4769973754883,8999,0.611829996109009,427.003143310547,0.967371821403503,79.1976852416992,0.222246915102005,0,1,0,0,20.8751583099365
64.1449966430664,3387,0.46136999130249,193.051483154297,0,82.609977722168,1.47623264789581,0,1,0,0,18.3328971862793
60.7200012207031,8003,0.560829997062683,254.978057861328,0.69428676366806,33.3499946594238,0.624765694141388,0,1,0,0,9.30860805511475
65.2559967041016,7165,0.505089998245239,296.246551513672,0,54.3335647583008,0.279134690761566,0,1,0,0,17.9008617401123
61.0069999694824,9757,0.627210021018982,360.823791503906,0,73.2602233886719,0.102490521967411,0,1,0,0,25.581672668457
57.4210014343262,5071,0.46832999587059,165.831970214844,0,32.3504333496094,0.394399523735046,0,1,0,0,4.53164911270142
63.8279991149902,62982,0.6701899766922,470.683959960938,0.104894608259201,78.8743896484375,0.460449010133743,0,1,0,0,27.0847320556641
64.0930023193359,6158,0.596040010452271,313.630065917969,0,68.9022445678711,0.162390381097794,0,1,0,0,22.9039611816406
62.0760002136231,5025,0.521640002727509,195.138442993164,1.13131260871887,43.9601974487305,0.597014904022217,0,1,0,0,14.1272373199463
64.4739990234375,10716,0.495099991559982,262.06201171875,0,80.1978378295899,0.373273611068726,0,1,0,0,13.7560358047485
65.8509979248047,5368,0.584110021591187,335.044738769531,1.82419753074646,79.5268249511719,0.558867335319519,0,1,0,0,29.4543209075928
65.1999969482422,43535,0.535049974918366,341.574584960938,32.7373924255371,84.3541946411133,0.482370495796204,0,1,0,0,19.2955379486084
68.0599975585938,922222,0.592949986457825,761.365783691406,75.0931549072266,99.0526123046875,1.55927753448486,0,1,0,0,44.8211250305176
67.6220016479492,12896,0.4341099858284,255.537139892578,6.40144491195679,78.5902633666992,0.387717127799988,0,1,0,0,18.0112323760986
62.5439987182617,27782,0.533800005912781,329.042633056641,0.414694756269455,72.4929809570313,0.251961708068848,0,1,0,0,22.9504451751709
69.5329971313477,32469,0.582520008087158,459.019012451172,11.1446590423584,85.2936630249024,0.585173547267914,0,1,0,0,20.2299194335938
65.9150009155274,4136,0.595430016517639,322.549102783203,2.11421370506287,59.2843322753906,,0,1,0,0,11.1737995147705
64.4739990234375,11785,0.484750002622604,328.196044921875,49.7231330871582,69.9957580566406,0.169707253575325,0,1,0,0,20.6514701843262
61.8730010986328,5611,0.431659996509552,128.439559936523,0,26.4836921691895,0.178221344947815,0,1,0,0,4.49516677856445
56.9879989624024,3711,0.495260000228882,164.118911743164,0,35.920238494873,0.538938283920288,0,1,0,0,6.39833784103394
64.9049987792969,3021,0.523259997367859,240.13948059082,0,64.2171478271484,0.993048667907715,0,1,0,0,22.5133800506592
62.1720008850098,10254,0.446790009737015,247.472351074219,1.23542141914368,45.494441986084,0.39009165763855,0,1,0,0,17.0265464782715
62.6520004272461,4979,0.538720011711121,240.128814697266,0,57.4211692810059,0.40168708562851,0,1,0,0,18.8557662963867
62.0760002136231,9709,0.604070007801056,228.023895263672,0,69.2141342163086,0.308991670608521,0,1,0,0,13.2610158920288
63.2900009155274,9843,0.539590001106262,366.446868896484,54.6882247924805,68.2109146118164,0.203190088272095,0,1,0,0,16.2893314361572
63.2150001525879,38368,0.573000013828278,411.462921142578,27.9625473022461,85.2846145629883,0.234570473432541,0,1,0,0,21.3774261474609
67.0230026245117,20794,0.550130009651184,350.045379638672,1.75806760787964,81.2926788330078,0.14427238702774,0,1,0,0,22.8512306213379
65.5400009155274,29688,0.548889994621277,374.185333251953,0.187685683369637,86.0280227661133,0.505254626274109,0,1,0,0,23.0438709259033
65.0609970092773,3356,0.397199988365173,231.286270141602,0,73.0035781860352,0.297973781824112,0,1,0,0,15.5740976333618
63.3330001831055,24852,0.606689989566803,355.466247558594,4.79528427124023,69.4310302734375,0.643811345100403,0,1,0,0,18.8833522796631
62.9179992675781,4085,0.465299993753433,226.934326171875,0,74.0663986206055,1.22399020195007,0,1,0,0,17.2443580627441
65.1360015869141,6450,0.542490005493164,285.881256103516,0,61.0852699279785,0.775193810462952,0,1,0,0,16.345666885376
64.7809982299805,6141,0.537289977073669,374.505218505859,19.1429195404053,57.8407440185547,0.162839934229851,0,1,0,0,17.0867881774902
59.9939994812012,12652,0.64028000831604,351.667144775391,4.37767887115479,65.910530090332,0.474233329296112,0,1,0,0,18.1889247894287
60.1629981994629,9052,0.562770009040833,292.653045654297,9.251220703125,69.3327407836914,0.22094564139843,0,1,0,0,11.3972311019897
63.3139991760254,31215,0.583150029182434,293.277404785156,0.592591881752014,63.7033462524414,0.608681738376617,0,1,0,0,21.296911239624
60.8849983215332,5859,0.550790011882782,471.838287353516,22.6000652313232,47.5337104797363,0.512032747268677,0,1,0,0,12.5695466995239
63.4230003356934,8678,0.520160019397736,267.146392822266,0,68.1262969970703,0.460935711860657,0,1,0,0,16.8395195007324
64.0999984741211,79533,0.585749983787537,479.889465332031,32.7664222717285,90.9849395751953,1.14417910575867,0,1,0,0,24.4420871734619
65.5400009155274,3014,0.465519994497299,258.954681396484,0,46.5494346618652,0.663569986820221,0,1,0,0,16.8003005981445
64.5070037841797,6474,0.565959990024567,348.032867431641,10.0888319015503,54.4331169128418,0.3089280128479,0,1,0,0,18.9081726074219
63.2150001525879,28184,0.543540000915527,269.676391601563,1.10288977622986,55.474739074707,0.709622502326965,0,1,0,0,16.3060569763184
66.197998046875,65957,0.632669985294342,499.193145751953,29.0947322845459,84.286735534668,0.318389266729355,0,1,0,0,23.6674976348877
56.8839988708496,3154,0.577989995479584,342.084259033203,0,72.4476852416992,1.26823079586029,0,1,0,0,11.8551807403564
65.7539978027344,6538,0.637189984321594,447.209228515625,0.360526949167252,79.8715209960938,0.305903941392899,0,1,0,0,24.6795520782471
61.1689987182617,20917,0.584159970283508,388.826507568359,0.23383854329586,68.7144393920899,0.239040017127991,0,1,0,0,21.3926219940186
64.4739990234375,7376,0.484569996595383,301.477020263672,0.164176359772682,55.6263542175293,0.135574832558632,0,1,0,0,18.5046234130859
64.7839965820313,207674,0.509419977664948,436.319488525391,25.276496887207,93.5817642211914,0.293729603290558,0,1,0,0,28.95973777771
66.0559997558594,2665,0.523649990558624,361.435699462891,0.899638295173645,50.0088653564453,1.87617266178131,0,1,0,0,16.633602142334
62.0760002136231,6999,0.494509994983673,127.022178649902,0,43.0347175598145,0.142877548933029,0,1,0,0,5.55606460571289
59.7060012817383,21291,0.617110013961792,301.648254394531,0,36.052791595459,0.187872812151909,0,1,0,0,11.2330722808838
68.7590026855469,1405,0.533070027828217,455.396514892578,0,80.4922256469727,5.69395017623901,0,1,0,0,33.8233108520508
62.2560005187988,3869,0.541509985923767,287.00927734375,0,55.5440673828125,0.258464723825455,0,1,0,0,12.149863243103
65.2779998779297,7321,0.520640015602112,383.568695068359,0.480819165706635,88.2666320800781,0.136593356728554,0,1,0,0,16.3806114196777
65.8239974975586,3750,0.474339991807938,186.194000244141,0.461386382579804,26,0.266666680574417,0,1,0,0,7.13354301452637
62.6980018615723,32288,0.558889985084534,338.800384521484,0.666262269020081,80.8721542358398,0.0619425177574158,0,1,0,0,20.8154811859131
64.359001159668,31144,0.670159995555878,586.8359375,48.8244972229004,85.6087875366211,0.192653477191925,0,1,0,0,21.2546081542969
59.0270004272461,2254,0.464199990034103,252.771011352539,8.74082469940186,55.4569664001465,0.887311458587647,0,1,0,0,12.2782125473022
59.6290016174316,7966,0.570510029792786,169.097381591797,0,28.5588760375977,0.125533521175385,0,1,0,0,11.9791889190674
63.9300003051758,8450,0.59825998544693,380.889526367188,21.1701107025146,56.4733734130859,0.473372787237167,0,1,0,0,17.0077438354492
62.1020011901856,5595,0.496580004692078,365.432220458984,38.1521224975586,54.7095603942871,0.178731009364128,0,1,0,0,11.7572708129883
68.7590026855469,32592,0.538940012454987,395.135009765625,14.118070602417,78.3140106201172,0.521600365638733,0,1,0,0,23.7602787017822
62.226001739502,2526,0.50533002614975,257.386352539063,3.00579953193665,51.7022972106934,,0,1,0,0,22.1032199859619
67.6029968261719,9056,0.526809990406036,230.749496459961,1.49354302883148,53.0256195068359,0.110424026846886,0,1,0,0,13.9260711669922
63.2480010986328,10078,0.505840003490448,298.399383544922,0,81.4844207763672,0.0992260351777077,0,1,0,0,15.7717885971069
58.6609992980957,5476,0.574150025844574,295.196502685547,1.26275086402893,73.1008071899414,0.730460166931152,0,1,0,0,9.29779243469238
64.6849975585938,4064,0.547049999237061,208.758773803711,0,63.0905494689942,0.738188982009888,0,1,0,0,12.9233064651489
67.6029968261719,6244,0.465719997882843,245.216033935547,0,71.7488784790039,,0,1,0,0,13.1109285354614
69.3150024414063,12987,0.491149991750717,325.527893066406,0,87.0562896728516,0.231000229716301,0,1,0,0,21.2260570526123
59.6629981994629,40751,0.525210022926331,271.233154296875,8.74268531799316,58.3691215515137,0.196314200758934,0,1,0,0,14.6934623718262
59.6259994506836,2022,0.466619998216629,227.010192871094,0,55.2917900085449,0.494559854269028,0,1,0,0,17.875072479248
67.6029968261719,1845,0.467720001935959,225.081848144531,0,78.3059158325195,0.54200541973114,0,1,0,0,21.2861099243164
59.8219985961914,11102,0.524670004844666,324.136138916016,0,56.9897308349609,0.360295444726944,0,1,0,0,9.59424686431885
64.4909973144531,8506,0.446390002965927,215.409194946289,40.9531478881836,57.9120635986328,0.11756407469511,0,1,0,0,21.0225658416748
59.6290016174316,4715,0.478720009326935,187.257293701172,0,28.5007572174072,0.212089076638222,0,1,0,0,12.8895378112793
63.3330001831055,5003,0.535430014133453,256.252227783203,0,73.1161270141602,1.1992803812027,0,1,0,0,24.9264144897461
59.3930015563965,4798,0.631449997425079,319.516357421875,0,55.1479797363281,0.625260531902313,0,1,0,0,16.0282459259033
63.2109985351563,4394,0.503440022468567,301.18701171875,0,72.5989990234375,0.227583065629005,0,1,0,0,12.7170076370239
67.6029968261719,12471,0.555679976940155,268.189331054688,0,42.6509513854981,0.160372063517571,0,1,0,0,15.5854892730713
62.9179992675781,4259,0.559689998626709,371.69287109375,0,50.3404541015625,0.469593793153763,0,1,0,0,17.4889450073242
65.8919982910156,3703,0.666190028190613,375.39306640625,0.638644158840179,67.9989166259766,1.62030780315399,0,1,0,0,21.7539520263672
63.8810005187988,16500,0.46713998913765,222.721954345703,0,56.4303016662598,0.121212124824524,0,1,0,0,10.7338809967041
67.6029968261719,3174,0.375649988651276,213.058181762695,0.0427762344479561,50.6493606567383,0.630119740962982,0,1,0,0,13.879599571228
65.1009979248047,16635,0.578589975833893,363.602081298828,0.215704068541527,67.2918548583984,0.420799523591995,0,1,0,0,20.6400146484375
68.4940032958984,2123,0.527819991111755,271.935943603516,0,93.2642517089844,0.471031546592712,0,1,0,0,23.8588008880615
63.0050010681152,3629,0.580659985542297,306.878143310547,0.41669687628746,52.4111328125,0.551115989685059,0,1,0,0,15.0780391693115
65.9499969482422,2501,0.442919999361038,347.143188476563,0,60.0159950256348,0.39984005689621,0,1,0,0,26.2061309814453
65.6829986572266,7479,0.563390016555786,367.166900634766,63.6828536987305,86.2281036376953,0.534830868244171,0,1,0,0,20.3284912109375
67.1149978637695,9832,0.55842000246048,346.678619384766,50.7830581665039,68.704231262207,0.203417405486107,0,1,0,0,14.8125715255737
65.1240005493164,10741,0.479559987783432,206.979644775391,1.10348784923553,49.7812118530274,0.18620240688324,0,1,0,0,17.8662948608398
56.9879989624024,4845,0.554560005664825,251.72883605957,10.5205278396606,24.3550052642822,0.412796705961227,0,1,0,0,11.859622001648
65.9499969482422,25273,0.646939992904663,424.374877929688,0,62.4579582214356,0.751790463924408,0,1,0,0,22.3068466186523
61.0660018920899,12810,0.657959997653961,356.904510498047,0,79.37548828125,0.546448111534119,0,1,0,0,19.0562267303467
64.7839965820313,25056,0.494789987802506,238.056137084961,7.25430059432983,37.0250625610352,0.0798211991786957,0,1,0,0,13.4995908737183
61.5779991149902,22131,0.560519993305206,433.056030273438,11.3886976242065,92.7974319458008,0.948895215988159,0,1,0,0,26.8984642028809
64.3899993896484,40201,0.444620013237,277.981597900391,0.258746832609177,93.2787704467773,0.124375015497208,0,1,0,0,17.0764751434326
65.7539978027344,15409,0.607869982719421,396.124725341797,3.15275001525879,73.5673980712891,0.389382839202881,0,1,0,0,20.4808254241943
62.6980018615723,41086,0.549040019512177,335.683166503906,0,77.5944747924805,0.535462200641632,0,1,0,0,22.193826675415
66.197998046875,3021,0.503449976444244,268.918121337891,0,73.4856033325195,1.65508115291595,0,1,0,0,12.8288516998291
62.0760002136231,23518,0.583769977092743,243.400970458984,1.07777297496796,56.4036064147949,0.340164989233017,0,1,0,0,12.7167348861694
63.7490005493164,34276,0.60562002658844,413.199035644531,46.8604202270508,77.7686996459961,0.379274129867554,0,1,0,0,20.1834754943848
61.7799987792969,8912,0.50848001241684,295.82421875,0,89.1270217895508,0.336624771356583,0,1,0,0,27.2995643615723
64.6740036010742,4290,0.564629971981049,292.354339599609,3.0114598274231,83.8694610595703,0.466200470924377,0,1,0,0,17.7661037445068
63.0849990844727,837,0.489300012588501,252.606735229492,0,57.3398933410645,,0,1,0,0,13.9120683670044
66.0619964599609,96309,0.568910002708435,459.310974121094,35.525936126709,87.3667068481445,0.622994720935822,0,1,0,0,23.3134117126465
61.3219985961914,16686,0.541679978370667,296.084655761719,0,75.476448059082,0.179791435599327,0,1,0,0,19.9084491729736
63.726001739502,7353,0.558019995689392,277.3134765625,0.415926694869995,67.1562652587891,0.407996743917465,0,1,0,0,21.2835922241211
63.726001739502,3916,0.468039989471436,247.681579589844,0.636034846305847,83.4269638061524,1.27681303024292,0,1,0,0,17.844970703125
70.6060028076172,3261,0.500680029392242,279.818542480469,0,25.1149959564209,0.306654393672943,0,1,0,0,16.3919525146484
62.5439987182617,3523,0.48361998796463,290.99560546875,0,55.8898658752441,0.283849000930786,0,1,0,0,11.4741992950439
65.6869964599609,33142,0.565029978752136,421.766540527344,19.4519195556641,88.7212600708008,0.362078338861465,0,1,0,0,22.4937953948975
64.8789978027344,3887,0.462529987096787,269.707397460938,0.843649923801422,30.1517887115479,0.25726780295372,0,1,0,0,23.047492980957
63.6129989624024,4534,0.593540012836456,459.975189208984,5.64304924011231,87.3400955200195,0.220555797219276,0,1,0,0,19.5020847320557
64.1880035400391,3982,0.599479973316193,354.036163330078,0,57.6845817565918,1.00452029705048,0,1,0,0,19.3556098937988
59.6629981994629,5102,0.54365998506546,284.067443847656,0,80.0470428466797,0.196001574397087,0,1,0,0,14.5775890350342
61.7210006713867,16522,0.546580016613007,354.863098144531,0,72.5093841552734,0.121050722897053,0,1,0,0,19.5178337097168
65.1179962158203,35509,0.435990005731583,291.579895019531,8.08304214477539,80.5598602294922,0.647723138332367,0,1,0,0,18.3633232116699
57.4210014343262,10330,0.5069699883461,182.100158691406,0,34.5885772705078,0.193610846996307,0,1,0,0,7.82214832305908
66.3759994506836,8097,0.438650012016296,210.869903564453,6.35302448272705,38.3475379943848,0.370507597923279,0,1,0,0,16.9513034820557
64.1719970703125,5116,0.53617000579834,245.161376953125,1.04519033432007,48.9249420166016,0.195465207099915,0,1,0,0,11.2724313735962
64.5699996948242,1878,0.419360011816025,304.778381347656,5.06017589569092,59.7976570129395,1.06496274471283,0,1,0,0,18.6373195648193
61.015998840332,25039,0.507860004901886,355.611419677734,0,76.7522659301758,0.639003157615662,0,1,0,0,23.6236534118652
61.3219985961914,4162,0.566550016403198,145.843460083008,0,46.2277755737305,0.480538189411163,0,1,0,0,8.85106372833252
62.5400009155274,19169,0.625060021877289,344.943176269531,0.168624609708786,81.6787490844727,0.313005387783051,0,1,0,0,17.9352416992188
64.4530029296875,2820,0.408850014209747,226.876876831055,0,28.9007091522217,1.06382977962494,0,1,0,0,13.8218441009521
59.5229988098145,11096,0.511389970779419,266.026672363281,65.5597229003906,95.6290588378906,0.720980525016785,0,1,0,0,19.1202812194824
64.3919982910156,23905,0.357820004224777,225.365097045898,0,36.6157722473145,0.167329013347626,0,1,0,0,14.0095386505127
65.2779998779297,7855,0.520349979400635,425.157012939453,0,52.2724380493164,0.254614889621735,0,1,0,0,15.9920892715454
66.3870010375977,18000,0.610170006752014,371.192413330078,0.763428211212158,45.5999984741211,0.16666667163372,0,1,0,0,15.296272277832
62.0760002136231,5578,0.376060009002686,129.268310546875,1.15288066864014,77.1961288452149,0.179275721311569,0,1,0,0,6.52854537963867
57.4210014343262,2748,0.531210005283356,145.656677246094,0.646657228469849,17.8856048583984,0.727802038192749,0,1,0,0,7.28779411315918
62.9179992675781,4069,0.434379994869232,191.967361450195,0,58.0240859985352,0.245760634541512,0,1,0,0,16.1574726104736
62.2690010070801,1373,0.469220012426376,266.687438964844,0,64.9860458374024,,0,1,0,0,20.1162490844727
69.6019973754883,2260,0.429670006036758,263.531524658203,0.67578661441803,56.6455497741699,0.442477881908417,0,1,0,0,18.2348346710205
68.0599975585938,54072,0.455570012331009,322.089141845703,4.86075305938721,90.4849090576172,0.277407914400101,0,1,0,0,20.6611614227295
64.1449966430664,6493,0.475919991731644,175.792343139648,0,31.567964553833,0.154012009501457,0,1,0,0,11.0082025527954
62.1599998474121,5385,0.576749980449677,350.928527832031,0,66.0538558959961,0.557103037834168,0,1,0,0,22.6949367523193
61.9850006103516,2437,0.465990006923676,319.780456542969,13.0586862564087,51.9901504516602,,0,1,0,0,13.1625719070435
62.9809989929199,33929,0.586769998073578,338.5751953125,0.283399611711502,83.0882110595703,0.501046299934387,0,1,0,0,22.8475151062012
69.9469985961914,13757,0.613099992275238,386.774627685547,8.96105289459229,68.3070449829102,0.290761053562164,0,1,0,0,26.8684711456299
62.6980018615723,2834,0.522960007190704,353.481719970703,0,71.8419189453125,0.352858155965805,0,1,0,0,26.1397075653076
64.4769973754883,3424,0.478069990873337,249.837905883789,47.8075103759766,55.8119163513184,0.876168251037598,0,1,0,0,13.7953767776489
68.4000015258789,9067,0.606090009212494,332.822021484375,0.914048254489899,56.8765869140625,0.220580130815506,0,1,0,0,15.1454029083252
66.0559997558594,5149,0.609210014343262,417.766662597656,0.39687505364418,67.8384170532227,0.582637429237366,0,1,0,0,18.0964050292969
68.870002746582,1601094,0.601769983768463,1004.58654785156,85.9758682250977,94.6768493652344,2.20099496841431,0,1,0,0,47.8208656311035
